<?xml version="1.0"?>
<COLLADA xmlns="http://www.collada.org/2005/11/COLLADASchema" version="1.4.1">
	<asset>
		<contributor>
			<author>Assimp</author>
			<authoring_tool>Assimp Exporter</authoring_tool>
		</contributor>
		<created>2021-10-10T21:49:55</created>
		<modified>2021-10-10T21:49:55</modified>
		<unit name="meter" meter="1.000000" />
		<up_axis>Y_UP</up_axis>
	</asset>
	<library_effects>
		<effect id="Power_Station-fx" name="Power_Station">
			<profile_COMMON>
				<technique sid="standard">
					<phong>
						<diffuse>
							<color sid="diffuse">0.800000   0.800000   0.800000   1.000000</color>
						</diffuse>
					</phong>
				</technique>
			</profile_COMMON>
		</effect>
	</library_effects>
	<library_materials>
		<material id="Power_Station" name="Power_Station">
			<instance_effect url="#Power_Station-fx"/>
		</material>
	</library_materials>
	<library_geometries>
		<geometry id="meshId0" name="meshId0_name" >
			<mesh>
				<source id="meshId0-positions" name="meshId0-positions">
					<float_array id="meshId0-positions-array" count="8577"> 
						0.407760 -0.539517 0.938493 0.434347 -0.575147 0.913642 0.418827 -0.535805 0.935239 0.410051 -0.390646 0.992076 0.417759 -0.500993 0.938762 0.414948 -0.387422 0.981325 0.396761 -0.539316 0.933248 0.425783 -0.584089 0.913872 0.392293 -0.535328 0.922567 0.416575 -0.587584 0.906483 0.414985 -0.574443 0.888097 0.396972 -0.529890 0.912706 0.423549 -0.565500 0.887867 0.408038 -0.526177 0.909453 0.432793 -0.562029 0.895234 0.408038 -0.526177 0.909453 0.419012 -0.526378 0.914706 0.437266 -0.566026 0.905910 0.423481 -0.530366 0.925387 0.387468 -0.389233 0.992076 0.401797 -0.510219 0.951922 0.398668 -0.391397 0.996529 0.383011 -0.385422 0.981325 0.390719 -0.510057 0.946689 0.391011 -0.500590 0.926135 0.387908 -0.382197 0.970575 0.402212 -0.496835 0.922851 0.399291 -0.381447 0.966121 0.413291 -0.497005 0.928080 0.399291 -0.381447 0.966121 0.410491 -0.383611 0.970575 0.545877 -0.592490 0.865412 0.496962 -0.599919 0.879315 0.495888 -0.611688 0.875552 0.470501 -0.600698 0.889021 0.456950 -0.585515 0.890297 0.454154 -0.594611 0.898029 0.488136 -0.613438 0.854318 0.547120 -0.596586 0.853938 0.492230 -0.617279 0.865201 0.486004 -0.602419 0.849276 0.543783 -0.592515 0.842882 0.487085 -0.590656 0.853035 0.537821 -0.582662 0.838718 0.490703 -0.585047 0.863405 0.532727 -0.572799 0.843887 0.487085 -0.590656 0.853035 0.534820 -0.572773 0.866417 0.494789 -0.588882 0.874292 0.445704 -0.603469 0.898291 0.436548 -0.606898 0.890933 0.469420 -0.612308 0.885281 0.432074 -0.602902 0.880258 0.465783 -0.617801 0.874936 0.434912 -0.593823 0.872517 0.461690 -0.613947 0.864056 0.460617 -0.591392 0.862753 0.443365 -0.584967 0.872254 0.464290 -0.585914 0.873090 0.443365 -0.584967 0.872254 0.452477 -0.581519 0.879624 0.468389 -0.589771 0.883968 0.609579 -0.529406 0.872803 0.540782 -0.582626 0.870581 
						0.617275 -0.537423 0.867659 0.620879 -0.539844 0.856209 0.618278 -0.535251 0.845159 0.532727 -0.572799 0.843887 0.610997 -0.526334 0.840982 0.531484 -0.568702 0.855360 0.603300 -0.518317 0.846126 0.602298 -0.520489 0.868627 0.683293 -0.455889 0.890494 0.692232 -0.462707 0.885639 0.697243 -0.463770 0.874516 0.695391 -0.458455 0.863640 0.603300 -0.518317 0.846126 0.687760 -0.449876 0.859383 0.599697 -0.515896 0.857577 0.678820 -0.443058 0.864237 0.675662 -0.447310 0.886236 0.756275 -0.372971 0.924769 0.766000 -0.378912 0.920288 0.772188 -0.378661 0.909723 0.771215 -0.372366 0.899265 0.678820 -0.443058 0.864237 0.763649 -0.363714 0.895038 0.747736 -0.358023 0.910084 0.673809 -0.441995 0.875360 0.748709 -0.364318 0.920542 0.823193 -0.291528 0.976457 0.833542 -0.296721 0.972470 0.840960 -0.294995 0.962880 0.841103 -0.287360 0.953307 0.753924 -0.357773 0.899520 0.833886 -0.278289 0.949357 0.816119 -0.274822 0.962934 0.753924 -0.357773 0.899520 0.815977 -0.282457 0.972507 0.907858 -0.188015 1.110175 0.890280 -0.191181 1.082776 0.896905 -0.200966 1.085937 0.854869 -0.252137 1.016045 0.948266 -0.159273 1.150927 0.951305 -0.165569 1.188563 0.945277 -0.170281 1.155373 0.942336 -0.148680 1.149330 0.955121 -0.153922 1.188660 0.930962 -0.144707 1.151529 0.949616 -0.143002 1.189401 0.927106 -0.144759 1.190913 0.930962 -0.144707 1.151529 0.920806 -0.149681 1.156229 0.923294 -0.156403 1.190835 0.917815 -0.160690 1.160663 0.865778 -0.256641 1.012773 0.940406 -0.171117 1.189182 0.923742 -0.171285 1.162243 0.935117 -0.175257 1.160055 0.874586 -0.253203 1.004959 0.876140 -0.243831 0.997188 0.858609 -0.229525 0.997269 0.823538 -0.273096 0.953345 0.849793 -0.232972 1.005072 0.823538 -0.273096 0.953345 0.848245 -0.242337 1.012852 0.934513 -0.178368 1.331582 0.927271 -0.176319 1.376132 
						0.929036 -0.167397 1.332348 0.907813 -0.205481 1.082690 0.955903 -0.167565 1.253626 0.959742 -0.155876 1.253704 0.942634 -0.141156 1.255357 0.954246 -0.144936 1.254416 0.938011 -0.139207 1.190329 0.931709 -0.146749 1.255971 0.942634 -0.141156 1.255357 0.916613 -0.202083 1.074932 0.919233 -0.191983 1.107972 0.944978 -0.173154 1.254203 0.918145 -0.192765 1.067196 0.929394 -0.186987 1.103263 0.911514 -0.182985 1.064020 0.932394 -0.175950 1.098817 0.915093 -0.161378 1.099422 0.900611 -0.178466 1.067278 0.904925 -0.166380 1.104116 0.900611 -0.178466 1.067278 0.891817 -0.181860 1.075052 0.901930 -0.177413 1.108572 0.911037 -0.225317 1.546898 0.898797 -0.217619 1.607527 0.905623 -0.214390 1.547957 0.932785 -0.187062 1.374099 0.913780 -0.203865 1.480869 0.908873 -0.167175 1.772854 0.915763 -0.188484 1.754913 0.910898 -0.177982 1.750935 0.897619 -0.163749 1.769446 0.899551 -0.174064 1.748520 0.888370 -0.179023 1.749086 0.897619 -0.163749 1.769446 0.899551 -0.174064 1.748520 0.883904 -0.189957 1.752297 0.886309 -0.168020 1.771399 0.941597 -0.213706 1.482707 0.944383 -0.190991 1.374158 0.955272 -0.185803 1.376274 0.888770 -0.200462 1.756269 0.881567 -0.177481 1.777577 0.945471 -0.202299 1.484965 0.959073 -0.174538 1.379209 0.940063 -0.191351 1.486027 0.953559 -0.163794 1.381242 0.941960 -0.159866 1.381183 0.931071 -0.165054 1.379067 0.928541 -0.187275 1.485269 0.941960 -0.159866 1.381183 0.917654 -0.192458 1.483130 0.922563 -0.229381 1.547660 0.903941 -0.228663 1.608810 0.913478 -0.176286 1.779633 0.911298 -0.199420 1.758119 0.926416 -0.227518 1.611171 0.933450 -0.224200 1.549799 0.930581 -0.216001 1.610867 0.937320 -0.212810 1.552057 0.925435 -0.204958 1.609589 0.931907 -0.201882 1.553109 0.913994 -0.200858 1.608082 0.920381 -0.197819 1.552344 0.909494 -0.203000 1.550211 
						0.913994 -0.200858 1.608082 0.920381 -0.197819 1.552344 0.902961 -0.206102 1.607226 0.892534 -0.152300 1.841679 0.878357 -0.117322 1.871357 0.881282 -0.148879 1.838275 0.908735 -0.185742 1.785819 0.900117 -0.204383 1.758679 0.900941 -0.116678 1.872605 0.903847 -0.148035 1.839731 0.905922 -0.109727 1.863840 0.908594 -0.138589 1.833564 0.901549 -0.103043 1.854558 0.903995 -0.129501 1.826787 0.890383 -0.100541 1.850196 0.892743 -0.126086 1.823376 0.881429 -0.130343 1.825333 0.890383 -0.100541 1.850196 0.892743 -0.126086 1.823376 0.876682 -0.139782 1.831506 0.878965 -0.103687 1.853310 0.915720 -0.214537 1.712798 0.909992 -0.229493 1.660021 0.921026 -0.224254 1.660878 0.873984 -0.110638 1.862075 0.920184 -0.203590 1.709583 0.925191 -0.212748 1.660578 0.915316 -0.193074 1.705607 0.920047 -0.201716 1.659295 0.903969 -0.189150 1.703195 0.908606 -0.197620 1.657785 0.897572 -0.202858 1.656934 0.903969 -0.189150 1.703195 0.908606 -0.197620 1.657785 0.893406 -0.214363 1.657238 0.892789 -0.194118 1.703757 0.870769 -0.049587 1.894007 0.889523 -0.119824 1.875719 0.874955 -0.052899 1.905028 0.886044 -0.054026 1.910099 0.902711 -0.048749 1.895733 0.898525 -0.045436 1.884712 0.887436 -0.044310 1.879641 0.875938 -0.046029 1.883491 0.868502 0.015082 1.902609 0.872534 0.015823 1.914148 0.897541 -0.052307 1.906249 0.883556 0.016468 1.919446 0.900433 0.016236 1.904375 0.896402 0.015495 1.892836 0.885380 0.014849 1.887538 0.873824 0.014679 1.891587 0.887436 -0.044310 1.879641 0.878790 0.147174 1.859416 0.869574 0.103105 1.883767 0.880528 0.105683 1.888600 0.867273 0.054303 1.893120 0.892134 0.104428 1.884895 0.897595 0.100071 1.874826 0.890444 0.144840 1.856465 0.893712 0.095155 1.864297 0.896045 0.137255 1.848651 0.881434 0.124580 1.836910 0.882759 0.092565 1.859472 
						0.869781 0.126914 1.839861 0.882759 0.092565 1.859472 0.871152 0.093829 1.863171 0.864179 0.134499 1.847675 0.865690 0.098197 1.873233 0.895112 0.016639 1.915397 0.882121 0.061806 1.908470 0.867911 0.142891 1.855775 0.899179 0.056176 1.894712 0.895287 0.051271 1.884184 0.884329 0.048696 1.879355 0.872725 0.049949 1.883058 0.885380 0.014849 1.887538 0.869829 0.224372 1.694394 0.862356 0.200743 1.751794 0.873148 0.206168 1.753837 0.865986 0.168329 1.818861 0.884850 0.203204 1.751769 0.890608 0.193583 1.746806 0.881577 0.221152 1.693135 0.887049 0.182939 1.741864 0.887492 0.210653 1.690958 0.876259 0.177507 1.739835 0.884110 0.199025 1.689139 0.861664 0.196299 1.690001 0.876259 0.177507 1.739835 0.864556 0.180475 1.741895 0.855748 0.206798 1.692178 0.858797 0.190101 1.746845 0.876778 0.173744 1.820882 0.859130 0.218427 1.693998 0.888480 0.170784 1.818826 0.892314 0.128863 1.840551 0.894235 0.161189 1.813892 0.890672 0.150586 1.808962 0.868178 0.148135 1.808991 0.881434 0.124580 1.836910 0.862424 0.157720 1.813937 0.851621 0.224135 1.575164 0.862234 0.230201 1.574437 0.873985 0.226976 1.573224 0.879991 0.216350 1.572236 0.873411 0.193079 1.688742 0.876733 0.204547 1.572052 0.854368 0.201706 1.573991 0.873411 0.193079 1.688742 0.848363 0.212332 1.574979 0.835680 0.228613 1.443205 0.846244 0.234707 1.442090 0.857859 0.231559 1.439825 0.863723 0.221013 1.437737 0.866120 0.198481 1.572779 0.860400 0.209246 1.437048 0.838221 0.206301 1.440428 0.866120 0.198481 1.572779 0.832357 0.216847 1.442516 0.803644 0.240914 1.307919 0.807189 0.252503 1.309678 0.829082 0.255677 1.304922 0.834605 0.245403 1.301193 0.831060 0.233814 1.299433 0.820523 0.227700 1.300675 0.849836 0.203153 1.438164 0.820523 0.227700 1.300675 
						0.849836 0.203153 1.438164 0.809167 0.230640 1.304189 0.764892 0.278483 1.173768 0.817726 0.258618 1.308437 0.768611 0.289907 1.176136 0.790199 0.293370 1.170308 0.795422 0.283380 1.165526 0.791703 0.271955 1.163158 0.781221 0.265788 1.164591 0.781221 0.265788 1.164591 0.770115 0.268492 1.168986 0.718818 0.323493 1.042902 0.779093 0.296074 1.174703 0.722623 0.334835 1.045517 0.743902 0.338594 1.038802 0.748911 0.328809 1.033406 0.745106 0.317466 1.030792 0.734716 0.311211 1.032490 0.734716 0.311211 1.032490 0.723828 0.313707 1.037506 0.668158 0.369857 0.918146 0.733013 0.341090 1.043819 0.671931 0.381228 0.920682 0.692884 0.385277 0.913162 0.697791 0.375584 0.907512 0.694018 0.364213 0.904976 0.683776 0.357825 0.907041 0.683776 0.357825 0.907041 0.673064 0.360163 0.912496 0.615660 0.411478 0.802324 0.682173 0.387615 0.918617 0.619228 0.423006 0.804407 0.639809 0.427341 0.796062 0.644766 0.417609 0.790523 0.641198 0.406081 0.788440 0.631195 0.399511 0.791034 0.631195 0.399511 0.791034 0.620617 0.401746 0.796785 0.564096 0.442267 0.698281 0.629231 0.429576 0.801813 0.567167 0.454073 0.699359 0.587264 0.458678 0.690038 0.592518 0.448780 0.685099 0.589448 0.436975 0.684022 0.579851 0.430177 0.687436 0.579851 0.430177 0.687436 0.569350 0.432369 0.693343 0.517474 0.473074 0.586381 0.487954 0.461653 0.555210 0.508613 0.466137 0.591170 0.525415 0.453533 0.625991 0.506208 0.466099 0.542586 0.527993 0.470882 0.580508 0.513822 0.456485 0.541855 0.534009 0.460845 0.576994 0.513869 0.445022 0.546342 0.532000 0.448848 0.577902 0.506320 0.438426 0.553415 0.523142 0.441917 0.582697 0.512623 0.444108 0.588569 0.506320 0.438426 0.553415 0.523142 0.441917 0.582697 0.506605 0.454139 0.592078 0.495607 0.440568 0.558951 
						0.470839 0.451746 0.506685 0.452311 0.432494 0.496046 0.463275 0.445217 0.513741 0.546800 0.470368 0.614416 0.576763 0.460870 0.695944 0.469299 0.435367 0.481372 0.481549 0.449615 0.501146 0.479043 0.428390 0.484092 0.489133 0.440078 0.500373 0.481744 0.420202 0.492876 0.489158 0.428740 0.504832 0.475817 0.415600 0.502577 0.481601 0.422234 0.511901 0.470890 0.424360 0.517438 0.475817 0.415600 0.502577 0.481601 0.422234 0.511901 0.463298 0.433873 0.518197 0.464748 0.417308 0.507536 0.425257 0.366722 0.454991 0.436079 0.386541 0.475500 0.433386 0.394733 0.466700 0.552819 0.460288 0.610907 0.443687 0.311607 0.432218 0.427278 0.223402 0.423477 0.432677 0.314470 0.427621 0.447937 0.308463 0.443303 0.438527 0.223819 0.428300 0.442936 0.306879 0.454382 0.443058 0.224573 0.439651 0.426844 0.225385 0.455412 0.442936 0.306879 0.454382 0.431612 0.307763 0.458961 0.415595 0.224967 0.450589 0.420600 0.310606 0.454361 0.550810 0.448230 0.611814 0.415902 0.223565 0.428007 0.416351 0.313757 0.443277 0.421354 0.315361 0.432202 0.541950 0.441256 0.616605 0.541950 0.441256 0.616605 0.531431 0.443453 0.622478 0.430282 0.368289 0.443960 0.439313 0.399324 0.456984 0.450383 0.397619 0.452031 0.460113 0.390617 0.454747 0.441599 0.367410 0.439367 0.462811 0.382433 0.463554 0.452576 0.364591 0.443896 0.456898 0.377869 0.473294 0.456774 0.361471 0.454880 0.440425 0.360775 0.470491 0.456898 0.377869 0.473294 0.445824 0.379566 0.478239 0.429459 0.363607 0.465981 0.946140 -0.182123 1.330673 0.927870 -0.158436 1.255872 0.928805 -0.167319 1.190129 0.933367 -0.169371 1.255125 0.957104 -0.176457 1.330113 0.960984 -0.164685 1.330185 0.955506 -0.153707 1.330888 0.943881 -0.149955 1.331832 0.932916 -0.155627 1.332455 0.943881 -0.149955 1.331832 
						0.412998 -0.506463 0.948638 0.386251 -0.506068 0.936008 0.402212 -0.496835 0.922851 0.412102 -0.583588 0.895806 0.423549 -0.565500 0.887867 0.459541 -0.603004 0.859012 0.460617 -0.591392 0.862753 0.869523 -0.234021 0.994005 0.858609 -0.229525 0.997269 0.926471 -0.165341 1.097229 0.915093 -0.161378 1.099422 0.919188 -0.214815 1.479812 0.930710 -0.218891 1.480574 0.928541 -0.187275 1.485269 0.898551 -0.225396 1.658515 0.915382 -0.232763 1.610321 0.886170 -0.186587 1.784366 0.458226 0.437066 0.486324 0.455016 0.424315 0.504838 0.451739 0.359890 0.465892 0.451739 0.359890 0.465892 0.411063 0.224214 0.439238 0.488004 0.450192 0.559702 0.495493 0.468239 0.548118 0.527423 0.465591 0.625084 0.536281 0.472565 0.620288 0.879879 0.145181 1.806929 0.879879 0.145181 1.806929 0.871164 0.059217 1.903645 0.893726 0.060543 1.904770 0.884329 0.048696 1.879355 0.897424 -0.190008 1.787782 0.893192 -0.215581 1.710950 0.888325 -0.205066 1.706967 0.904539 -0.219503 1.713367 0.017514 -0.215787 2.126411 0.206833 -0.225686 2.112793 0.208922 -0.223089 2.126411 0.836713 0.161598 2.136379 0.846681 -0.168479 2.126411 0.846681 0.168833 2.126411 0.061776 0.185937 0.140159 0.229202 0.194626 0.142189 0.231053 0.191044 0.140159 -0.036053 0.161598 2.136379 -0.046021 -0.168479 2.126411 -0.036053 -0.161243 2.136379 0.062966 -0.184164 0.135257 0.231505 -0.189199 -0.000175 0.231648 -0.189202 0.135257 0.772263 0.209582 2.136379 0.591738 0.223443 2.126411 0.586296 0.216331 2.136379 0.800659 -0.137190 0.135257 0.800659 0.137757 -0.000175 0.800659 0.137544 0.135257 0.000001 -0.137190 0.135257 -0.002005 0.138329 0.140159 0.000001 0.137544 0.135257 0.062966 0.184519 0.135257 0.231053 0.191044 0.140159 0.231648 0.189556 0.135257 0.737693 0.184519 0.135257 0.569155 0.189553 -0.000175 
						0.569012 0.189556 0.135257 -0.006847 -0.140458 0.142189 -0.022768 0.151576 0.142189 -0.006847 0.140813 0.142189 0.802664 -0.137974 0.140159 0.737693 -0.184164 0.135257 0.569607 -0.190690 0.140159 0.569012 -0.189202 0.135257 0.742586 -0.188974 0.142189 0.579271 -0.205991 0.142189 0.571458 -0.194272 0.142189 0.802664 0.138329 0.140159 0.807506 -0.140458 0.142189 0.802664 -0.137974 0.140159 0.058074 0.189328 0.142189 0.221389 0.206346 0.142189 0.042503 -0.200178 2.140028 0.214363 -0.215976 2.136379 0.221417 -0.206229 2.140028 0.807506 0.140813 0.142189 0.823427 -0.151221 0.142189 0.738883 -0.185583 0.140159 0.569607 -0.190690 0.140159 -0.002005 -0.137974 0.140159 -0.002005 0.138329 0.140159 0.028361 0.209466 0.145838 0.208929 0.223412 0.155806 0.214346 0.216212 0.145838 0.758212 -0.199946 0.142189 0.586314 -0.215858 0.145838 0.042448 0.200300 0.142189 0.221417 0.206583 2.140028 -0.022436 -0.151807 2.140028 0.028397 -0.209228 2.136379 -0.049670 -0.171217 2.112793 -0.049670 0.171572 1.558458 -0.049670 -0.171217 1.558458 -0.036219 -0.160925 0.145838 -0.036219 0.161280 0.145838 -0.046066 0.168719 0.155807 -0.046066 -0.168364 0.155807 -0.049670 0.171571 0.169424 0.783146 0.216141 2.126411 0.593826 0.226040 2.112793 0.823095 -0.151807 2.140028 0.823095 0.152161 2.140028 0.593826 0.226040 2.112793 0.787318 0.218525 1.558458 0.593824 0.226040 1.558458 0.836879 0.161280 0.145838 0.846726 -0.168364 0.155807 0.836879 -0.160925 0.145838 0.823427 0.151576 0.142189 0.850330 0.171572 2.112793 0.017529 0.216112 0.155806 0.206842 0.226040 0.169424 0.889141 -0.024027 1.880517 0.900180 -0.023678 1.885088 0.888660 -0.024027 1.883326 0.783131 -0.215757 0.155807 0.593817 -0.225686 0.169424 0.591730 -0.223057 0.155807 0.850330 0.171571 0.169424 0.850330 -0.171217 0.169424 
						0.772298 -0.209112 0.145838 0.758157 0.200532 2.140028 0.579243 0.206583 2.140028 -0.049670 0.171572 2.112793 -0.049670 -0.171217 2.112793 0.061776 0.185937 0.140159 0.031484 0.177366 0.135257 0.029886 0.178679 0.140159 0.008437 0.160173 0.135257 0.006540 0.161256 0.140159 0.061776 -0.185583 0.140159 0.031484 -0.177011 0.135257 0.029886 -0.178324 0.140159 0.008437 -0.159819 0.135257 -0.002005 -0.137974 0.140159 0.000001 -0.137190 0.135257 0.029886 0.178679 0.140159 0.025614 0.181911 0.142189 0.006540 0.161256 0.140159 0.001851 0.164157 0.142189 0.058074 -0.188974 0.142189 0.029886 -0.178324 0.140159 0.061776 -0.185583 0.140159 0.025614 -0.181556 0.142189 0.006540 -0.160901 0.140159 -0.006847 -0.140458 0.142189 -0.002005 -0.137974 0.140159 0.802664 0.138329 0.140159 0.792223 0.160173 0.135257 0.794119 0.161256 0.140159 0.770774 0.178679 0.140159 0.769176 0.177366 0.135257 0.738883 0.185937 0.140159 0.794119 0.161256 0.140159 0.798808 0.164157 0.142189 0.775046 0.181911 0.142189 0.770774 0.178679 0.140159 0.742586 0.189328 0.142189 0.738883 -0.185583 0.140159 0.769176 -0.177011 0.135257 0.770774 -0.178324 0.140159 0.792223 -0.159819 0.135257 0.794119 -0.160901 0.140159 0.770774 -0.178324 0.140159 0.775046 -0.181556 0.142189 0.794119 -0.160901 0.140159 0.798808 -0.163802 0.142189 0.062679 -0.184154 -0.000175 0.031340 -0.177035 -0.000175 0.008398 -0.159924 -0.000175 0.000001 -0.137403 -0.000175 0.062679 0.184508 -0.000175 0.031340 0.177389 -0.000175 0.000001 0.137757 -0.000175 0.800659 -0.137403 -0.000175 0.792261 -0.159924 -0.000175 0.769320 -0.177035 -0.000175 0.737980 -0.184154 -0.000175 0.769320 0.177389 -0.000175 0.737980 0.184508 -0.000175 0.009840 0.192767 0.142189 -0.003929 0.201949 0.145838 -0.014030 0.174943 0.142189 -0.027567 0.184315 0.145838 
						0.028361 -0.209112 0.145838 0.009840 -0.192412 0.142189 0.042448 -0.199946 0.142189 -0.003929 -0.201595 0.145838 -0.014030 -0.174589 0.142189 -0.036219 -0.160925 0.145838 -0.022768 -0.151221 0.142189 -0.014269 0.208669 0.155806 -0.037546 0.191314 0.155807 0.017529 -0.215757 0.155807 -0.014269 -0.208315 0.155807 -0.027567 -0.183961 0.145838 -0.046066 -0.168364 0.155807 0.013355 0.218525 0.169424 -0.018158 0.211138 0.169424 -0.041226 0.193927 0.169424 0.013355 -0.218171 0.169424 -0.018158 -0.210784 0.169424 -0.037546 -0.190959 0.155807 -0.049670 -0.171217 0.169424 0.010034 -0.192707 2.140028 -0.003828 -0.201749 2.136379 -0.013736 -0.175006 2.140028 -0.027418 -0.184198 2.136379 0.028397 0.209582 2.136379 0.010034 0.193061 2.140028 0.042503 0.200532 2.140028 -0.003828 0.202104 2.136379 -0.013736 0.175361 2.140028 -0.022436 0.152161 2.140028 -0.014254 -0.208364 2.126411 -0.037509 -0.191057 2.126411 0.017514 0.216141 2.126411 -0.014254 0.208718 2.126411 -0.027418 0.184553 2.136379 -0.046021 0.168833 2.126411 0.013337 -0.218170 2.112793 -0.018167 -0.210789 2.112793 -0.041229 -0.193593 2.112793 0.013337 0.218524 2.112793 -0.018167 0.211144 2.112793 -0.037509 0.191412 2.126411 0.814690 0.174943 0.142189 0.828227 0.184315 0.145838 0.804589 0.201949 0.145838 0.790820 0.192767 0.142189 0.772298 0.209466 0.145838 0.846726 0.168719 0.155807 0.838206 0.191314 0.155807 0.814928 0.208669 0.155806 0.783131 0.216112 0.155806 0.841886 0.193927 0.169424 0.818817 0.211138 0.169424 0.787305 0.218525 0.169424 0.814395 0.175361 2.140028 0.804488 0.202104 2.136379 0.790626 0.193061 2.140028 0.828078 0.184553 2.136379 0.814913 0.208718 2.126411 0.838169 0.191412 2.126411 0.818826 0.211144 2.112793 0.787323 0.218524 2.112793 0.790820 -0.192412 0.142189 0.804589 -0.201595 0.145838 
						0.814690 -0.174589 0.142189 0.828227 -0.183961 0.145838 0.814928 -0.208315 0.155807 0.838206 -0.190959 0.155807 0.787305 -0.218171 0.169424 0.818817 -0.210784 0.169424 0.841886 -0.193572 0.169424 0.772263 -0.209228 2.136379 0.790626 -0.192707 2.140028 0.758157 -0.200178 2.140028 0.804488 -0.201749 2.136379 0.814395 -0.175006 2.140028 0.836713 -0.161243 2.136379 0.783146 -0.215787 2.126411 0.814913 -0.208364 2.126411 0.828078 -0.184198 2.136379 0.787323 -0.218170 2.112793 0.818826 -0.210789 2.112793 0.838169 -0.191057 2.126411 0.850330 -0.171217 2.112793 0.850330 -0.171217 2.112793 0.841888 -0.193587 1.558458 0.850330 -0.171217 1.558458 0.841889 -0.193593 2.112793 0.818824 -0.210788 1.558458 0.787323 -0.218170 2.112793 0.787318 -0.218170 1.558458 -0.049670 -0.171217 0.817214 -0.041226 -0.193572 0.169424 -0.041227 -0.193579 0.817214 -0.018158 -0.210784 0.169424 -0.018161 -0.210786 0.817214 0.013349 -0.218171 0.817214 0.013349 0.218525 0.817214 -0.018158 0.211138 0.169424 -0.018161 0.211140 0.817214 -0.041227 0.193933 0.817214 -0.041226 0.193927 0.169424 -0.049670 0.171571 0.817214 0.850330 0.171571 0.817214 0.841886 0.193927 0.169424 0.841887 0.193933 0.817214 0.818817 0.211138 0.169424 0.818820 0.211140 0.817214 0.787311 0.218525 0.817214 0.001851 -0.163802 0.142189 0.758212 0.200300 0.142189 0.000001 -0.137403 -0.000175 0.499307 -0.225686 0.777840 0.593817 -0.225686 0.169424 0.787311 -0.218171 0.817214 0.473558 -0.225686 1.110316 0.490326 -0.225686 0.857381 0.490321 -0.225801 1.523590 0.311291 -0.225829 1.541939 0.315768 -0.226003 1.558375 0.307159 -0.225718 1.549427 0.208929 -0.223057 0.155807 0.214346 -0.215858 0.145838 0.400330 -0.226080 0.155807 0.400330 -0.218629 0.145838 0.206842 -0.225686 0.169424 0.400330 -0.228807 0.169424 0.591738 -0.223089 2.126411 
						0.586296 -0.215976 2.136379 0.400330 -0.226112 2.126411 0.400330 -0.218749 2.136379 0.221389 -0.205991 0.142189 0.400330 -0.208451 0.142189 0.229202 -0.194272 0.142189 0.231053 -0.190690 0.140159 0.400330 -0.196404 0.142189 0.400330 -0.192740 0.140159 0.579243 -0.206229 2.140028 0.400330 -0.208690 2.140028 0.231053 -0.190690 0.140159 0.400330 -0.192740 0.140159 0.400330 -0.191223 0.135257 0.569155 -0.189199 -0.000175 0.400330 -0.191223 -0.000175 0.593826 -0.225686 2.112793 0.400330 -0.228807 2.112793 0.214363 0.216331 2.136379 0.400330 0.219103 2.136379 0.400330 0.209045 2.140028 0.593817 0.226040 0.169424 0.591730 0.223412 0.155806 0.400330 0.229162 0.169424 0.400330 0.226435 0.155806 0.013342 0.218525 1.558458 0.206833 0.226040 2.112793 0.206836 0.226040 1.558458 0.400330 0.229162 2.112793 0.400330 0.229162 1.558458 0.206833 0.226040 2.112793 0.208922 0.223443 2.126411 0.400330 0.229162 2.112793 0.400330 0.226467 2.126411 0.586314 0.216212 0.145838 0.579271 0.206346 0.142189 0.400330 0.218984 0.145838 0.400330 0.208805 0.142189 0.571458 0.194626 0.142189 0.400330 0.196758 0.142189 0.231505 0.189553 -0.000175 0.400330 0.191577 -0.000175 0.400330 0.191577 0.135257 0.569607 0.191044 0.140159 0.400330 0.193095 0.140159 0.738883 0.185937 0.140159 0.569607 0.191044 0.140159 0.400330 0.193095 0.140159 0.400330 0.229162 0.817214 0.593817 0.226040 0.169424 0.400330 0.229162 0.169424 0.593820 0.226040 0.817214 0.206842 0.226040 0.169424 0.206839 0.226040 0.817214 0.013355 0.218525 0.169424 0.267655 -0.224669 0.817214 0.301353 -0.225686 0.777840 0.350716 -0.227023 1.119500 0.400330 -0.228807 1.554804 0.347287 -0.227023 1.554784 0.514468 -0.225169 1.564314 0.533006 -0.224668 1.558458 0.500310 -0.225686 1.597663 0.449942 -0.227023 0.850079 
						0.400330 -0.228807 0.820622 0.453040 -0.227023 0.820632 0.818824 0.211142 1.558458 0.787323 0.218524 2.112793 0.818826 0.211144 2.112793 0.841889 0.193947 2.112793 0.841888 0.193941 1.558458 0.850330 0.171572 2.112793 0.850330 0.171572 1.558458 -0.041228 0.193941 1.558458 -0.049670 0.171572 2.112793 -0.041229 0.193947 2.112793 -0.018164 0.211142 1.558458 -0.018167 0.211144 2.112793 0.013337 0.218524 2.112793 -0.018164 -0.210788 1.558458 0.013337 -0.218170 2.112793 -0.018167 -0.210789 2.112793 0.013342 -0.218170 1.558458 -0.041229 -0.193593 2.112793 -0.041228 -0.193587 1.558458 -0.049670 -0.171217 2.112793 -0.049670 -0.171217 1.558458 0.818817 -0.210784 0.169424 0.787305 -0.218171 0.169424 0.818820 -0.210786 0.817214 0.841887 -0.193579 0.817214 0.841886 -0.193572 0.169424 0.850330 -0.171217 0.817214 0.850330 -0.171217 0.169424 0.311301 -0.225828 0.833718 0.315867 -0.226003 0.817277 0.323797 -0.226246 0.821187 0.206833 -0.225686 2.112793 0.850330 0.171571 0.169424 0.787305 0.218525 0.169424 -0.049670 -0.171217 0.817214 -0.049670 0.171571 0.169424 -0.049670 -0.171217 0.169424 0.490946 -0.225883 1.578460 0.502753 -0.225534 1.578362 0.484892 -0.226003 1.558375 0.495153 -0.225717 1.567277 0.449943 -0.227023 1.119500 0.400330 -0.228807 1.554804 0.400330 -0.228807 1.119500 0.462196 -0.226367 1.118060 0.487133 -0.225884 1.534402 0.472840 -0.226367 1.548831 0.469848 -0.225884 1.115086 0.490321 -0.225801 1.523590 0.513465 -0.225168 1.552546 0.493501 -0.225718 1.549427 0.499100 -0.225535 1.538169 0.502872 -0.225471 1.558420 0.513463 -0.225168 0.823126 0.514326 -0.225169 0.811339 0.533005 -0.224669 0.817214 0.493456 -0.225718 0.826237 0.502775 -0.225471 0.817239 0.469847 -0.225884 0.854493 0.490326 -0.225686 0.857381 0.473557 -0.225686 0.859263 0.462194 -0.226367 0.851519 
						0.485027 -0.225884 0.839704 0.469847 -0.225884 0.854493 0.462194 -0.226367 0.851519 0.471722 -0.226367 0.826320 0.490430 -0.225884 0.797130 0.484793 -0.226003 0.817277 0.473799 -0.226368 0.811395 0.502238 -0.225534 0.797214 0.494876 -0.225717 0.808346 0.287195 -0.225168 1.552545 0.286191 -0.225169 1.564314 0.267653 -0.224668 1.558458 0.297788 -0.225471 1.558420 0.327101 -0.225686 1.110316 0.310333 -0.225686 0.857381 0.327103 -0.225686 0.859263 0.338464 -0.226367 1.118060 0.313527 -0.225884 1.534401 0.330811 -0.225884 1.115086 0.327820 -0.226367 1.548831 0.309713 -0.225883 1.578460 0.326717 -0.226368 1.564249 0.297907 -0.225534 1.578362 0.300350 -0.225686 1.597663 0.305507 -0.225717 1.567277 0.310230 -0.225884 0.797130 0.298422 -0.225534 0.797214 0.305784 -0.225717 0.808346 0.350718 -0.227023 0.850079 0.400330 -0.228807 0.850079 0.338466 -0.226367 0.851519 0.315633 -0.225884 0.839704 0.328937 -0.226367 0.826320 0.330813 -0.225884 0.854493 0.310333 -0.225686 0.857381 0.315633 -0.225884 0.839704 0.287197 -0.225168 0.823126 0.307203 -0.225718 0.826237 0.301562 -0.225535 0.837502 0.286334 -0.225169 0.811339 0.297885 -0.225471 0.817239 0.476876 -0.226247 1.554468 0.473943 -0.226368 1.564249 0.458853 -0.226849 1.559995 0.473557 -0.225686 0.859263 0.469908 -0.226356 0.854540 0.469847 -0.225884 0.854493 0.489369 -0.225829 1.541939 0.476876 -0.226247 1.554468 0.489369 -0.225829 1.541939 0.494819 -0.225644 1.523997 0.494816 -0.225644 0.851678 0.499098 -0.225535 0.837502 0.489359 -0.225828 0.833718 0.476863 -0.226246 0.821187 0.458842 -0.226849 0.815661 0.400330 -0.228807 0.815600 0.400330 -0.228807 0.169424 0.305841 -0.225644 1.523997 0.323784 -0.226247 1.554468 0.341806 -0.226849 1.559995 0.341806 -0.226849 1.559995 0.341818 -0.226849 0.815661 0.311301 -0.225828 0.833718 
						0.305843 -0.225644 0.851678 0.453373 -0.227023 1.554784 0.472926 -0.229010 1.548826 0.453461 -0.229666 1.554781 0.449943 -0.227023 1.119500 0.453373 -0.227023 1.554784 0.489359 -0.225828 0.833718 0.301560 -0.225535 1.538169 0.323797 -0.226246 0.821187 0.326861 -0.226368 0.811395 0.330811 -0.225884 1.115086 0.310339 -0.225801 1.523589 0.327101 -0.225686 1.110316 0.347620 -0.227023 0.820632 0.350718 -0.227023 0.850079 0.350986 -0.228558 0.857679 0.400330 -0.230346 0.851718 0.400330 -0.230346 0.857664 0.462194 -0.226367 0.851519 0.449996 -0.227496 0.850085 0.449942 -0.227023 0.850079 0.350716 -0.227023 1.119500 0.400330 -0.229280 1.119499 0.400330 -0.228807 1.119500 0.449943 -0.227023 1.119500 0.449997 -0.227496 1.119494 0.336853 -0.227578 1.109217 0.338624 -0.227897 1.116390 0.331937 -0.227449 1.113719 0.462577 -0.226076 1.108265 0.464010 -0.226428 1.107503 0.462664 -0.226706 1.108214 0.334673 -0.227223 0.862543 0.328733 -0.227223 1.109514 0.328734 -0.227223 0.860065 0.335647 -0.227145 0.861003 0.331938 -0.227451 0.855859 0.460584 -0.227897 0.859016 0.450022 -0.228558 0.851731 0.462034 -0.227897 0.853188 0.330813 -0.225884 0.854493 0.338393 -0.226839 0.851543 0.330752 -0.226356 0.854540 0.463860 -0.227583 0.860364 0.468730 -0.227450 0.855862 0.338464 -0.226367 1.118060 0.350662 -0.227496 1.119494 0.338466 -0.226367 0.851519 0.350664 -0.227496 0.850085 0.465013 -0.227145 0.861002 0.471930 -0.227223 0.860063 0.340073 -0.227897 1.110565 0.350636 -0.228558 1.117847 0.327101 -0.225686 1.110316 0.330751 -0.226356 1.115038 0.330811 -0.225884 1.115086 0.465015 -0.227143 1.108578 0.471932 -0.227223 1.109516 0.468739 -0.227449 1.113709 0.335644 -0.227148 1.108567 0.449417 -0.227023 1.110508 0.400330 -0.229439 1.110506 0.400330 -0.228807 1.110508 0.473558 -0.225686 1.110316 
						0.473578 -0.226161 0.859292 0.463978 -0.225800 0.862045 0.464592 -0.226308 0.863054 0.464565 -0.225686 0.863017 0.340652 -0.226367 1.109264 0.351170 -0.227655 1.110500 0.340555 -0.226997 1.109232 0.462267 -0.226839 0.851543 0.449415 -0.227023 0.859071 0.400330 -0.229439 0.859072 0.449488 -0.227655 0.859078 0.336067 -0.226309 0.863054 0.336683 -0.225799 0.862046 0.336094 -0.225686 0.863017 0.338391 -0.226838 1.118036 0.351243 -0.227023 1.110508 0.338192 -0.226089 0.861272 0.340557 -0.226997 0.860347 0.340654 -0.226367 0.860315 0.336653 -0.226426 0.862080 0.338104 -0.226719 0.861322 0.460105 -0.226997 1.109232 0.460007 -0.226367 1.109264 0.460006 -0.226367 0.860315 0.460103 -0.226997 0.860347 0.338197 -0.226077 1.108291 0.336654 -0.226423 1.107495 0.336684 -0.225796 1.107528 0.351244 -0.227023 0.859071 0.400330 -0.228807 0.859071 0.463980 -0.225801 1.107536 0.464594 -0.226308 1.106525 0.351172 -0.227655 0.859078 0.469848 -0.225884 1.115086 0.462268 -0.226838 1.118036 0.469909 -0.226356 1.115038 0.327103 -0.225686 0.859263 0.327080 -0.226161 1.110287 0.336837 -0.227587 0.860348 0.338625 -0.227897 0.853188 0.340075 -0.227897 0.859016 0.473579 -0.226161 1.110287 0.350718 -0.227023 0.850079 0.400330 -0.229280 0.850080 0.462512 -0.226084 0.861289 0.460006 -0.214612 0.866606 0.460006 -0.226367 0.860315 0.327082 -0.226161 0.859292 0.460586 -0.227897 1.110564 0.450023 -0.228558 1.117846 0.449675 -0.228558 1.111901 0.338113 -0.226707 1.108243 0.350638 -0.228558 0.851731 0.465988 -0.227223 1.107035 0.462512 -0.226084 0.861289 0.464007 -0.226427 0.862078 0.400330 -0.230346 1.117859 0.400330 -0.230346 1.111916 0.449674 -0.228558 0.857679 0.400330 -0.228807 0.850079 0.463915 -0.227577 1.109194 0.462035 -0.227897 1.116388 0.350984 -0.228558 1.111901 0.336066 -0.226309 1.106525 
						0.464567 -0.225686 1.106562 0.462600 -0.226713 0.861340 0.449587 -0.228293 1.110906 0.449489 -0.227655 1.110500 0.460303 -0.227633 1.109603 0.463082 -0.227334 1.108471 0.460302 -0.227634 0.859976 0.463021 -0.227341 0.861084 0.449585 -0.228293 0.858673 0.340356 -0.227633 1.109603 0.337694 -0.227335 1.108499 0.351073 -0.228293 1.110906 0.351075 -0.228293 0.858673 0.340358 -0.227634 0.859976 0.337681 -0.227346 0.861067 0.400330 -0.230080 1.110918 0.400330 -0.230080 0.858661 0.465019 -0.226955 1.106652 0.464322 -0.227017 1.107798 0.465987 -0.227223 0.862544 0.464320 -0.227016 0.861783 0.465017 -0.226955 0.862927 0.335641 -0.226955 1.106652 0.336340 -0.227014 1.107789 0.334671 -0.227223 1.107036 0.335642 -0.226955 0.862927 0.336340 -0.227016 0.861784 0.450055 -0.228247 1.119006 0.462268 -0.227587 1.117531 0.469623 -0.227115 1.114604 0.469619 -0.227115 0.854972 0.473115 -0.226912 0.859545 0.462266 -0.227587 0.852047 0.450054 -0.228247 0.850572 0.331042 -0.227115 1.114608 0.327545 -0.226911 1.110034 0.338392 -0.227587 1.117532 0.350604 -0.228247 1.119007 0.350606 -0.228247 0.850572 0.338393 -0.227587 0.852047 0.331043 -0.227115 0.854971 0.400330 -0.230034 1.119017 0.473117 -0.226911 1.110035 0.400330 -0.230034 0.850561 0.327546 -0.226912 0.859545 0.462196 -0.226367 1.118060 0.449417 -0.227023 1.110508 0.400330 -0.161427 1.104199 0.449417 -0.159751 1.103259 0.338197 -0.226077 1.108291 0.340652 -0.159406 1.101744 0.340652 -0.226367 1.109264 0.463978 -0.225800 0.862045 0.462512 -0.214184 0.867396 0.449415 -0.215455 0.865719 0.449415 -0.227023 0.859071 0.340654 -0.226367 0.860315 0.351244 -0.215455 0.865719 0.340654 -0.214612 0.866606 0.400330 -0.217083 0.866554 0.400330 -0.228807 0.859071 0.464567 -0.225686 1.106562 0.463980 -0.159239 1.099821 0.464567 -0.159330 1.098845 
						0.338192 -0.226089 0.861272 0.338193 -0.214192 0.867381 0.336684 -0.225796 1.107528 0.338197 -0.159343 1.100677 0.351243 -0.159751 1.103259 0.351243 -0.227023 1.110508 0.336093 -0.225686 1.106562 0.336094 -0.213540 0.868838 0.336093 -0.159329 1.098845 0.400330 -0.228807 1.110508 0.336094 -0.225686 0.863017 0.336683 -0.213811 0.867972 0.464565 -0.225686 0.863017 0.463978 -0.213812 0.867971 0.351244 -0.227023 0.859071 0.336684 -0.159236 1.099812 0.464565 -0.213541 0.868838 0.336683 -0.225799 0.862046 0.336683 -0.213811 0.867972 0.462577 -0.226076 1.108265 0.460007 -0.159406 1.101744 0.462577 -0.159348 1.100653 0.463980 -0.225801 1.107536 0.458921 -0.157078 1.097530 0.449320 -0.158219 1.101953 0.449086 -0.158117 1.099189 0.449320 -0.158219 1.101953 0.460501 -0.157665 1.097079 0.459689 -0.157673 1.100392 0.459689 -0.157673 1.100392 0.458919 -0.210440 0.871246 0.461909 -0.212020 0.869363 0.460454 -0.210691 0.872114 0.459687 -0.212271 0.868563 0.461909 -0.212020 0.869363 0.449318 -0.213314 0.867906 0.459687 -0.212271 0.868563 0.449318 -0.213314 0.867906 0.340248 -0.157627 1.097123 0.340977 -0.157660 1.100391 0.338797 -0.157792 1.099517 0.340977 -0.157660 1.100391 0.338797 -0.157792 1.099517 0.341760 -0.157033 1.097528 0.351340 -0.158213 1.101953 0.351340 -0.158213 1.101953 0.341741 -0.210440 0.871246 0.351341 -0.213319 0.867913 0.351575 -0.211915 0.871053 0.351341 -0.213319 0.867913 0.338796 -0.212033 0.869367 0.340972 -0.212271 0.868563 0.340972 -0.212271 0.868563 0.400330 -0.159889 1.102917 0.400330 -0.159778 1.100158 0.400330 -0.159889 1.102917 0.400330 -0.214975 0.868846 0.400330 -0.214975 0.868846 0.449083 -0.211898 0.871031 0.400330 -0.213577 0.872022 0.351575 -0.158095 1.099188 0.337233 -0.157835 1.098431 0.337472 -0.211758 0.869900 0.463188 -0.211761 0.869899 
						0.463190 -0.157806 1.098841 0.461282 -0.157907 1.096888 0.461969 -0.157806 1.099486 0.461969 -0.157806 1.099486 0.461282 -0.210793 0.872585 0.463190 -0.157806 1.098841 0.463188 -0.211761 0.869899 0.339373 -0.157882 1.096840 0.337233 -0.157835 1.098431 0.339377 -0.210786 0.872587 0.338796 -0.212033 0.869367 0.337472 -0.211758 0.869900 0.337472 -0.211758 0.869900 0.460007 -0.226367 1.109264 0.418482 -0.151338 1.013903 0.434242 -0.175977 1.014000 0.418482 -0.173740 1.026081 0.434242 -0.153948 1.002025 0.442987 -0.179691 0.996805 0.442987 -0.157719 0.984860 0.442987 -0.184147 0.977900 0.442987 -0.161905 0.965809 0.434242 -0.188462 0.961031 0.434242 -0.165676 0.948645 0.418482 -0.191787 0.949542 0.418482 -0.168285 0.936766 0.398831 -0.193358 0.945651 0.379180 -0.168285 0.936766 0.379180 -0.191691 0.949490 0.363420 -0.165676 0.948645 0.363420 -0.188367 0.960980 0.354675 -0.161905 0.965809 0.354675 -0.157719 0.984860 0.354675 -0.184046 0.977846 0.363420 -0.153948 1.002025 0.354675 -0.179587 0.996748 0.363420 -0.175873 1.013944 0.379180 -0.151338 1.013903 0.379180 -0.173640 1.026027 0.447103 -0.186694 0.978283 0.437541 -0.191409 0.959840 0.398831 -0.150407 1.018142 0.398831 -0.173326 1.030602 0.398831 -0.150407 1.018142 0.360120 -0.191318 0.959791 0.350559 -0.186591 0.978228 0.398831 -0.148808 1.012799 0.417945 -0.149818 1.011896 0.398831 -0.148912 1.016019 0.398831 -0.148912 1.016019 0.416648 -0.149652 1.008956 0.433273 -0.152357 1.000343 0.417945 -0.149818 1.011896 0.430936 -0.152018 0.998187 0.441780 -0.156025 0.983648 0.433273 -0.152357 1.000343 0.438865 -0.155437 0.982624 0.441780 -0.160096 0.965117 0.441780 -0.156025 0.983648 0.438865 -0.159232 0.965352 0.433273 -0.163764 0.948422 0.441780 -0.160096 0.965117 0.430936 -0.162651 0.949790 0.417945 -0.166302 0.936869 
						0.433273 -0.163764 0.948422 0.416648 -0.165017 0.939020 0.398831 -0.167208 0.932745 0.417945 -0.166302 0.936869 0.398831 -0.169217 0.932527 0.381014 -0.165018 0.939020 0.398831 -0.165862 0.935177 0.379717 -0.166302 0.936869 0.398831 -0.167208 0.932745 0.366726 -0.162651 0.949790 0.379717 -0.166302 0.936869 0.364389 -0.163764 0.948422 0.358797 -0.159232 0.965352 0.364389 -0.163764 0.948422 0.355882 -0.160096 0.965117 0.358797 -0.155437 0.982624 0.355882 -0.160096 0.965117 0.355882 -0.156025 0.983648 0.366726 -0.152018 0.998187 0.355882 -0.156025 0.983648 0.364389 -0.152357 1.000343 0.381014 -0.149652 1.008956 0.364389 -0.152357 1.000343 0.379717 -0.149818 1.011896 0.379717 -0.149818 1.011896 0.398831 -0.148912 1.016019 0.420280 -0.175354 1.031017 0.398856 -0.174806 1.032716 0.419009 -0.175239 1.028085 0.419009 -0.175239 1.028085 0.437539 -0.177759 1.017757 0.435207 -0.177525 1.015659 0.435207 -0.177525 1.015659 0.447103 -0.181821 0.998954 0.444193 -0.181341 0.997992 0.444193 -0.181341 0.997992 0.444193 -0.185919 0.978571 0.444193 -0.185919 0.978571 0.435208 -0.190352 0.961241 0.435208 -0.190352 0.961241 0.420289 -0.195099 0.947288 0.419011 -0.193784 0.949440 0.419011 -0.193784 0.949440 0.398910 -0.196775 0.943035 0.398854 -0.195386 0.945443 0.398854 -0.195386 0.945443 0.378633 -0.193671 0.949394 0.377315 -0.194945 0.947254 0.378633 -0.193671 0.949394 0.362454 -0.190259 0.961190 0.362454 -0.190259 0.961190 0.353469 -0.185818 0.978516 0.353469 -0.185818 0.978516 0.353469 -0.181237 0.997935 0.350559 -0.181715 0.998896 0.353469 -0.181237 0.997935 0.362454 -0.177422 1.015602 0.360123 -0.177654 1.017700 0.362454 -0.177422 1.015602 0.378635 -0.175130 1.028009 0.377320 -0.175220 1.030888 0.378635 -0.175130 1.028009 0.398918 -0.174873 1.035914 0.398831 -0.173326 1.030602 
						0.398856 -0.174806 1.032716 0.850330 -0.024298 1.886095 0.888197 0.022428 1.886034 0.850330 0.024652 1.886095 0.850330 -0.027626 1.888245 0.850330 -0.027378 1.875198 0.850330 0.024654 1.877679 0.889616 -0.022076 1.877740 0.850330 -0.024299 1.877679 0.901425 -0.023678 1.882802 0.912638 -0.023689 1.891706 0.850330 0.026605 1.880469 0.888660 0.024382 1.883326 0.889141 0.024382 1.880517 0.850330 0.027732 1.875198 0.850330 0.027980 1.888245 0.898801 -0.021724 1.887620 0.910503 0.022087 1.893776 0.898801 0.022078 1.887620 0.889616 0.022430 1.877740 0.902826 -0.021726 1.880230 0.888197 -0.022074 1.886034 0.900180 0.024033 1.885088 0.901425 0.024033 1.882802 0.924956 -0.024621 1.901575 0.930802 -0.028849 1.931446 0.923379 -0.024621 1.901972 0.912638 0.024043 1.891706 0.914383 0.024043 1.890015 0.914383 -0.023689 1.890015 0.902826 0.022080 1.880230 0.916544 -0.021735 1.887919 0.928208 -0.022665 1.900757 0.935764 0.027245 1.931022 0.935764 -0.026890 1.931022 0.916544 0.022089 1.887919 0.920046 -0.022662 1.902810 0.920046 0.023017 1.902810 0.923379 0.024976 1.901972 0.924956 0.024976 1.901575 0.929516 -0.029961 1.944875 0.928382 -0.028275 1.931653 0.927379 -0.026888 1.931738 0.927379 0.027242 1.931738 0.930802 0.029204 1.931446 0.932418 0.029204 1.931308 0.935202 0.028910 1.946630 0.932438 0.029930 1.946682 0.930555 0.028903 1.946718 0.928382 0.028629 1.931653 0.928511 0.028927 1.944893 0.929516 0.030315 1.944875 0.934784 -0.028276 1.931106 0.936927 -0.028583 1.944733 0.935945 -0.029968 1.944753 0.928511 -0.028572 1.944893 0.927379 -0.026888 1.931738 0.850330 -0.026251 1.883374 0.850330 -0.025679 1.885298 0.850330 -0.024298 1.886095 0.850330 0.024652 1.886095 0.850330 0.026033 1.885298 0.850330 0.026605 1.883374 0.850330 -0.024299 1.877679 
						0.850330 -0.025679 1.878496 0.850330 -0.026251 1.880469 0.850330 0.026605 1.880469 0.850330 0.026034 1.878496 0.850330 0.024654 1.877679 0.850330 0.026034 1.878496 0.889477 0.023810 1.878553 0.850330 -0.025679 1.878496 0.889477 -0.023456 1.878553 0.850330 -0.026251 1.883374 0.888332 -0.023455 1.885241 0.850330 -0.025679 1.885298 0.850330 -0.024298 1.886095 0.850330 0.026605 1.883374 0.888332 0.023810 1.885241 0.899205 0.023460 1.886879 0.902416 0.023461 1.880984 0.902416 -0.023106 1.880984 0.898801 -0.021724 1.887620 0.899205 -0.023106 1.886879 0.915911 0.023471 1.888533 0.915911 -0.023117 1.888533 0.911128 -0.023116 1.893170 0.910503 -0.021733 1.893776 0.911128 0.023470 1.893170 0.921023 0.024402 1.902564 0.927255 0.024403 1.900997 0.928208 0.023019 1.900757 0.927255 -0.024048 1.900997 0.920046 -0.022662 1.902810 0.921023 -0.024048 1.902564 0.932418 -0.028849 1.931308 0.933573 0.030894 1.944799 0.934784 0.028630 1.931106 0.931941 -0.030538 1.944830 0.931941 0.030892 1.944830 0.936927 0.028938 1.944733 0.850330 -0.026251 1.880469 0.934706 0.029610 1.946639 0.933585 0.030708 1.946115 0.933386 0.029930 1.946664 0.935648 0.030209 1.946076 0.933573 0.030894 1.944799 0.936487 0.029025 1.946059 0.935945 0.030322 1.944753 0.934706 -0.029256 1.946639 0.933585 -0.030354 1.946115 0.935648 -0.029855 1.946076 0.933573 -0.030540 1.944799 0.935945 -0.029968 1.944753 0.935202 -0.028556 1.946630 0.936487 -0.028670 1.946059 0.936927 -0.028583 1.944733 0.931061 -0.029249 1.946709 0.932152 -0.030353 1.946142 0.932438 -0.029575 1.946682 0.930035 -0.029850 1.946182 0.931941 -0.030538 1.944830 0.930555 -0.028548 1.946718 0.929176 -0.028664 1.946199 0.929516 -0.029961 1.944875 0.931061 0.029603 1.946709 0.932152 0.030708 1.946142 0.930035 0.030205 1.946182 
						0.931941 0.030892 1.944830 0.929516 0.030315 1.944875 0.929176 0.029018 1.946199 0.928511 0.028927 1.944893 0.933386 -0.029575 1.946664 0.936927 0.028938 1.944733 0.928511 -0.028572 1.944893 0.933573 -0.030540 1.944799 0.398831 -0.160385 1.025422 0.416758 -0.229924 1.043727 0.417331 -0.161764 1.021431 0.432167 -0.165629 1.010248 0.439113 -0.239081 1.017233 0.440401 -0.171213 0.994089 0.440401 -0.177411 0.976154 0.439113 -0.245087 0.999853 0.432167 -0.182996 0.959995 0.416758 -0.254243 0.973359 0.417331 -0.186861 0.948812 0.398831 -0.188240 0.944821 0.398831 -0.188240 0.944821 0.380904 -0.254243 0.973359 0.380331 -0.186861 0.948812 0.365494 -0.182996 0.959995 0.358549 -0.245087 0.999853 0.357261 -0.177411 0.976154 0.358549 -0.239081 1.017233 0.357261 -0.171213 0.994089 0.365494 -0.165629 1.010248 0.430289 -0.249792 1.037410 0.431135 -0.233669 1.032891 0.380904 -0.229924 1.043727 0.380331 -0.161764 1.021431 0.398831 -0.247191 1.052335 0.415154 -0.267141 1.048995 0.416289 -0.247876 1.048409 0.398831 -0.261007 0.973056 0.398831 -0.255580 0.969492 0.366527 -0.233669 1.032891 0.359603 -0.252562 1.021516 0.367373 -0.249792 1.037410 0.430289 -0.258406 0.987981 0.431135 -0.250498 0.984195 0.367373 -0.258406 0.987981 0.359603 -0.255636 1.003875 0.438059 -0.252562 1.021516 0.398831 -0.261007 0.973056 0.381373 -0.260323 0.976982 0.398831 -0.228588 1.047595 0.381373 -0.247876 1.048409 0.416289 -0.260323 0.976982 0.438059 -0.255636 1.003875 0.366527 -0.250498 0.984195 0.362154 -0.268155 1.006741 0.372120 -0.280012 0.994412 0.365523 -0.282055 1.007958 0.382508 -0.268766 0.981225 0.369419 -0.268516 0.991661 0.428243 -0.267392 1.038559 0.435508 -0.267753 1.023479 0.362154 -0.267753 1.023479 0.435508 -0.268155 1.006741 0.369419 -0.267392 1.038559 0.428243 -0.268516 0.991661 
						0.382508 -0.267141 1.048995 0.415154 -0.268766 0.981225 0.398831 -0.267052 1.052719 0.398831 -0.268856 0.977501 0.398831 -0.268856 0.977501 0.432139 -0.284323 1.022993 0.429409 -0.302888 1.005494 0.432139 -0.282055 1.007958 0.365523 -0.284323 1.022993 0.372120 -0.286366 1.036538 0.425542 -0.280012 0.994412 0.384008 -0.287779 1.045912 0.413654 -0.278599 0.985038 0.398831 -0.288284 1.049258 0.398831 -0.278094 0.981693 0.398831 -0.278094 0.981693 0.384008 -0.278599 0.985038 0.413654 -0.287779 1.045912 0.425542 -0.286366 1.036538 0.385222 -0.312159 1.039490 0.377917 -0.340944 1.019472 0.387224 -0.343870 1.026293 0.368253 -0.306561 1.018961 0.374309 -0.309869 1.031094 0.423353 -0.299580 0.993361 0.412439 -0.297290 0.984965 0.398831 -0.312976 1.042487 0.398831 -0.296473 0.981968 0.398831 -0.296473 0.981968 0.385222 -0.297290 0.984965 0.412439 -0.312159 1.039490 0.374309 -0.299580 0.993361 0.423353 -0.309869 1.031094 0.368253 -0.302888 1.005494 0.429409 -0.306561 1.018961 0.387224 -0.324867 0.981994 0.398831 -0.328606 0.977508 0.387224 -0.329650 0.979943 0.410437 -0.324867 0.981994 0.398831 -0.344914 1.028728 0.398831 -0.323823 0.979559 0.398831 -0.323823 0.979559 0.410437 -0.343870 1.026293 0.377917 -0.327793 0.988816 0.419745 -0.340944 1.019472 0.372751 -0.332022 0.998673 0.424911 -0.336715 1.009614 0.372751 -0.336715 1.009614 0.424911 -0.332022 0.998673 0.419745 -0.327793 0.988816 0.398831 -0.328681 0.975221 0.386325 -0.331237 0.977230 0.386325 -0.329806 0.977844 0.398831 -0.349697 1.026676 0.410437 -0.348653 1.024242 0.377917 -0.332576 0.986764 0.419745 -0.345726 1.017420 0.372751 -0.336805 0.996622 0.424911 -0.341498 1.007563 0.372751 -0.341498 1.007563 0.424911 -0.336805 0.996622 0.377917 -0.345726 1.017420 0.419745 -0.332576 0.986764 0.387224 -0.348653 1.024242 
						0.410437 -0.329650 0.979943 0.398831 -0.328606 0.977508 0.410437 -0.351867 1.022863 0.419745 -0.372130 1.006094 0.419745 -0.348941 1.016041 0.410437 -0.332864 0.978564 0.398831 -0.331506 0.975241 0.410846 -0.332587 0.977761 0.398831 -0.328681 0.975221 0.411337 -0.331237 0.977230 0.398831 -0.330111 0.974607 0.419745 -0.335791 0.985385 0.420481 -0.335616 0.984822 0.421365 -0.332959 0.985194 0.411337 -0.329806 0.977844 0.425828 -0.339993 0.995026 0.424911 -0.340019 0.995243 0.426931 -0.337515 0.995815 0.421365 -0.334390 0.984580 0.425828 -0.344851 1.006352 0.424911 -0.344712 1.006184 0.426931 -0.344002 1.006990 0.426931 -0.338946 0.995201 0.398831 -0.352911 1.025297 0.386816 -0.352258 1.023617 0.387224 -0.351867 1.022863 0.421365 -0.347127 1.018225 0.426931 -0.342571 1.007604 0.410437 -0.351867 1.022863 0.420481 -0.349228 1.016556 0.410846 -0.352258 1.023617 0.411337 -0.350280 1.025575 0.421365 -0.348558 1.017611 0.419745 -0.348941 1.016041 0.410437 -0.332864 0.978564 0.419745 -0.358980 0.975438 0.410437 -0.356054 0.968616 0.398831 -0.355009 0.966182 0.398831 -0.331820 0.976129 0.377917 -0.348941 1.016041 0.372751 -0.367902 0.996236 0.377917 -0.372130 1.006094 0.424911 -0.367902 0.996236 0.424911 -0.344712 1.006184 0.419745 -0.335791 0.985385 0.424911 -0.363208 0.985295 0.387224 -0.332864 0.978564 0.398831 -0.355009 0.966182 0.387224 -0.356054 0.968616 0.377917 -0.358980 0.975438 0.377917 -0.335791 0.985385 0.372751 -0.363208 0.985295 0.372751 -0.340019 0.995243 0.387224 -0.351867 1.022863 0.398831 -0.376101 1.015350 0.398831 -0.352911 1.025297 0.419111 -0.367080 0.985075 0.419111 -0.399308 0.981324 0.419111 -0.395658 0.972816 0.372751 -0.344712 1.006184 0.387224 -0.375056 1.012915 0.410437 -0.375056 1.012915 0.398831 -0.378038 1.013327 0.409962 -0.377036 1.010993 
						0.398831 -0.377106 1.008446 0.407857 -0.376294 1.006553 0.418889 -0.374230 1.004450 0.415094 -0.374018 1.001248 0.423843 -0.370174 0.994996 0.419111 -0.370730 0.993583 0.423843 -0.365673 0.984503 0.419111 -0.367080 0.985075 0.418889 -0.361618 0.975049 0.415094 -0.363792 0.977409 0.409962 -0.358812 0.968507 0.407857 -0.361517 0.972105 0.398831 -0.357810 0.966172 0.398831 -0.360705 0.970212 0.398831 -0.357810 0.966172 0.387699 -0.358812 0.968507 0.389805 -0.361517 0.972105 0.378773 -0.361618 0.975049 0.382567 -0.363792 0.977409 0.373819 -0.365673 0.984503 0.378551 -0.367080 0.985075 0.373819 -0.370174 0.994996 0.378551 -0.370730 0.993583 0.378773 -0.374230 1.004450 0.382567 -0.374018 1.001248 0.387699 -0.377036 1.010993 0.389805 -0.376294 1.006553 0.377917 -0.332576 0.986764 0.371834 -0.336666 0.996454 0.372751 -0.336805 0.996622 0.387224 -0.348653 1.024242 0.398831 -0.350011 1.027565 0.398831 -0.349697 1.026676 0.372751 -0.341498 1.007563 0.371834 -0.341524 1.007779 0.424911 -0.341498 1.007563 0.425828 -0.336666 0.996454 0.424911 -0.336805 0.996622 0.377917 -0.345726 1.017420 0.377181 -0.345901 1.017983 0.419745 -0.332576 0.986764 0.420481 -0.332289 0.986249 0.386816 -0.348930 1.025044 0.410437 -0.329650 0.979943 0.410846 -0.329259 0.979188 0.398831 -0.353339 1.026137 0.398831 -0.328606 0.977508 0.398831 -0.328178 0.976668 0.419745 -0.345726 1.017420 0.425828 -0.341524 1.007779 0.398831 -0.328606 0.977508 0.386816 -0.329259 0.979188 0.387224 -0.329650 0.979943 0.377181 -0.332289 0.986249 0.410846 -0.348930 1.025044 0.420481 -0.345901 1.017983 0.387224 -0.332864 0.978564 0.398831 -0.331506 0.975241 0.398831 -0.331820 0.976129 0.376296 -0.332959 0.985194 0.376296 -0.334390 0.984580 0.377917 -0.335791 0.985385 0.386816 -0.332587 0.977761 0.370731 -0.337515 0.995815 
						0.370731 -0.338946 0.995201 0.371834 -0.339993 0.995026 0.377181 -0.335616 0.984822 0.370731 -0.344002 1.006990 0.370731 -0.342571 1.007604 0.372751 -0.340019 0.995243 0.371834 -0.344851 1.006352 0.376296 -0.347127 1.018225 0.376296 -0.348558 1.017611 0.377917 -0.348941 1.016041 0.372751 -0.344712 1.006184 0.386325 -0.350280 1.025575 0.386325 -0.351711 1.024961 0.377181 -0.349228 1.016556 0.398831 -0.351406 1.028198 0.398831 -0.352836 1.027584 0.424911 -0.340019 0.995243 0.411337 -0.351711 1.024961 0.398831 -0.350576 1.028193 0.411193 -0.349464 1.025600 0.421106 -0.346347 1.018335 0.426608 -0.341844 1.007836 0.426608 -0.336845 0.996183 0.421106 -0.332341 0.985684 0.411193 -0.329225 0.978418 0.398831 -0.328113 0.975825 0.398831 -0.328113 0.975825 0.386469 -0.329225 0.978418 0.376556 -0.332341 0.985684 0.371054 -0.336845 0.996183 0.371054 -0.341844 1.007836 0.376556 -0.346347 1.018335 0.386469 -0.349464 1.025600 0.398831 -0.353404 1.026980 0.411193 -0.352292 1.024387 0.421106 -0.349176 1.017121 0.426608 -0.344672 1.006622 0.426608 -0.339673 0.994970 0.421106 -0.335170 0.984471 0.411193 -0.332053 0.977205 0.398831 -0.330941 0.974612 0.398831 -0.330941 0.974612 0.386469 -0.332053 0.977205 0.376556 -0.335170 0.984471 0.371054 -0.339673 0.994970 0.371054 -0.344672 1.006622 0.376556 -0.349176 1.017121 0.386469 -0.352292 1.024387 0.410437 -0.348653 1.024242 0.389805 -0.376294 1.006553 0.398831 -0.405684 0.996187 0.398831 -0.377106 1.008446 0.407857 -0.361517 0.972105 0.398831 -0.389283 0.957953 0.398831 -0.360705 0.970212 0.382567 -0.363792 0.977409 0.378551 -0.395658 0.972816 0.378551 -0.367080 0.985075 0.382567 -0.374018 1.001248 0.389805 -0.404872 0.994294 0.415094 -0.374018 1.001248 0.407857 -0.404872 0.994294 0.415094 -0.402596 0.988989 0.419111 -0.370730 0.993583 
						0.415094 -0.392370 0.965150 0.407857 -0.390095 0.959846 0.389805 -0.390095 0.959846 0.382567 -0.392370 0.965150 0.378551 -0.399308 0.981324 0.382567 -0.402596 0.988989 0.385838 -0.403947 0.985572 0.391620 -0.391321 0.996005 0.391620 -0.405764 0.989810 0.415094 -0.363792 0.977409 0.398831 -0.360705 0.970212 0.389805 -0.361517 0.972105 0.378551 -0.370730 0.993583 0.406705 -0.406307 0.991075 0.398831 -0.407059 0.994751 0.398831 -0.407016 0.992727 0.414487 -0.404087 0.987822 0.407519 -0.406277 0.992929 0.413019 -0.404322 0.986448 0.418353 -0.400922 0.980443 0.416523 -0.401454 0.979761 0.418353 -0.397409 0.972254 0.416523 -0.398270 0.972338 0.414487 -0.394243 0.964875 0.413019 -0.395401 0.965651 0.407519 -0.392053 0.959768 0.398831 -0.392708 0.959372 0.406705 -0.393416 0.961024 0.398831 -0.391271 0.957946 0.398831 -0.392708 0.959372 0.390143 -0.392053 0.959768 0.398831 -0.391271 0.957946 0.398831 -0.389283 0.957953 0.384643 -0.395401 0.965651 0.390957 -0.393416 0.961024 0.383175 -0.394243 0.964875 0.381139 -0.398270 0.972338 0.381139 -0.401454 0.979761 0.379309 -0.397409 0.972254 0.384643 -0.404322 0.986448 0.379309 -0.400922 0.980443 0.390957 -0.406307 0.991075 0.383175 -0.404087 0.987822 0.390143 -0.406277 0.992929 0.407857 -0.376294 1.006553 0.406041 -0.405764 0.989810 0.398831 -0.406413 0.991322 0.411824 -0.403947 0.985572 0.415033 -0.398404 0.972651 0.415033 -0.401320 0.979448 0.411824 -0.395777 0.966527 0.406041 -0.393959 0.962289 0.398831 -0.393310 0.960777 0.391620 -0.393959 0.962289 0.385838 -0.395777 0.966527 0.382629 -0.401320 0.979448 0.382629 -0.398404 0.972651 0.385838 -0.403947 0.985572 0.391620 -0.405764 0.989810 0.382629 -0.383961 0.978847 0.391620 -0.379516 0.968485 0.415033 -0.383960 0.978847 0.411824 -0.395777 0.966527 0.406041 -0.379516 0.968485 
						0.406041 -0.393959 0.962289 0.398831 -0.406413 0.991322 0.398831 -0.391970 0.997518 0.398831 -0.393310 0.960777 0.398831 -0.378867 0.966973 0.398831 -0.393310 0.960777 0.391620 -0.379516 0.968485 0.391620 -0.393959 0.962289 0.406041 -0.391321 0.996005 0.406041 -0.405764 0.989810 0.385838 -0.395777 0.966527 0.385838 -0.381334 0.972723 0.411824 -0.403947 0.985572 0.411824 -0.389503 0.991768 0.382629 -0.398404 0.972651 0.382629 -0.383961 0.978847 0.415033 -0.386876 0.985644 0.415033 -0.401320 0.979448 0.382629 -0.401320 0.979448 0.382629 -0.386876 0.985644 0.415033 -0.398404 0.972651 0.415033 -0.383960 0.978847 0.385838 -0.389503 0.991768 0.411824 -0.381334 0.972723 0.060592 -0.059671 2.161069 0.069518 -0.064297 2.135170 0.075725 -0.064674 2.135170 0.054347 0.058505 2.161069 0.040082 0.050320 2.201118 0.060592 0.058933 2.161069 0.064883 0.055002 2.161069 0.044318 -0.047131 2.201118 0.064883 -0.055740 2.161069 0.049978 -0.054720 2.161069 0.029412 0.045352 2.201118 0.049978 0.053982 2.161069 0.054347 -0.059243 2.161069 0.040082 -0.051058 2.201118 0.033734 -0.050615 2.201118 -0.019545 0.024755 2.350491 -0.027122 -0.026857 2.384046 -0.019545 -0.025493 2.350491 0.069518 0.063559 2.135170 0.075725 0.063935 2.135170 0.080037 -0.060710 2.135170 0.080037 0.059972 2.135170 0.015404 -0.039511 2.234178 0.015404 0.038773 2.234178 -0.010963 0.029791 2.295920 -0.034450 -0.025494 2.350491 -0.034450 0.024756 2.350491 -0.042027 -0.026861 2.384046 -0.040395 0.029649 2.417925 -0.042027 0.026123 2.384046 -0.030566 0.028960 2.350491 -0.030566 0.030322 2.384046 -0.023225 0.028960 2.350491 0.026149 -0.044379 2.234193 0.019657 -0.043986 2.234184 0.033734 0.049876 2.201118 0.026149 0.043641 2.234193 0.030300 0.039673 2.234200 0.030300 -0.040411 2.234200 -0.028754 0.028481 2.408617 
						-0.028754 -0.029219 2.408617 -0.006915 0.034135 2.295914 0.000060 0.034368 2.295905 0.003950 0.030289 2.295899 0.003950 -0.031027 2.295899 -0.006915 -0.034873 2.295914 -0.023225 -0.029698 2.350491 -0.030566 -0.029698 2.350491 -0.020364 0.034184 2.448090 0.014936 -0.038145 2.461118 0.014936 0.037407 2.461118 -0.040395 -0.030387 2.417925 -0.038323 -0.031062 2.384046 -0.032087 -0.033754 2.411283 -0.037034 -0.034251 2.415238 -0.038323 0.030324 2.384046 -0.032087 0.033016 2.411283 -0.018574 0.037633 2.443395 0.015260 0.040019 2.451608 -0.016913 0.036937 2.439039 -0.016913 -0.037675 2.439039 -0.018574 -0.038372 2.443395 -0.037034 0.033513 2.415238 -0.015054 -0.032696 2.434162 0.013139 -0.039088 2.265021 0.015444 0.034921 2.446221 0.015444 -0.035660 2.446221 0.039803 0.039350 2.461966 0.015260 -0.040757 2.451608 0.015112 -0.041481 2.455952 0.040128 -0.042776 2.452414 0.039978 -0.043475 2.456833 0.015112 0.040743 2.455952 0.040128 0.042038 2.452414 0.040310 -0.037733 2.447069 0.006440 0.038021 2.265021 0.000060 -0.035106 2.295905 0.006440 -0.038759 2.265021 0.013139 0.038350 2.265021 0.019657 0.043248 2.234184 0.017180 -0.035073 2.265021 0.017180 0.034335 2.265021 0.002275 -0.034342 2.265021 -0.010963 -0.030529 2.295920 0.002275 0.033604 2.265021 -0.030566 -0.031060 2.384046 0.066417 -0.062872 2.135170 0.051258 -0.057794 2.161069 0.065132 -0.059807 2.135170 0.066417 0.062134 2.135170 0.051258 0.057056 2.161069 0.065132 0.059069 2.135170 0.078774 0.062883 2.135170 0.063626 0.057903 2.161069 0.075725 0.063935 2.135170 0.060592 0.058933 2.161069 0.063626 -0.058641 2.161069 0.078774 -0.063621 2.135170 0.030678 -0.049164 2.201118 0.030678 0.048426 2.201118 0.043077 -0.050031 2.201118 0.044318 0.046393 2.201118 0.043077 0.049293 2.201118 0.040082 0.050320 2.201118 
						-0.020623 -0.028466 2.350491 -0.028130 -0.029828 2.384046 -0.040942 -0.029832 2.384046 -0.033312 -0.028466 2.350491 -0.040942 0.029094 2.384046 -0.033312 0.027728 2.350491 -0.027122 0.026119 2.384046 -0.020623 0.027728 2.350491 -0.028130 0.029090 2.384046 -0.023225 0.028960 2.350491 -0.030566 0.030322 2.384046 -0.039410 0.032521 2.417138 -0.029730 0.031550 2.409398 -0.032087 0.033016 2.411283 -0.029730 -0.032288 2.409398 -0.039410 -0.033259 2.417138 -0.015599 0.035156 2.435591 -0.015054 0.031958 2.434162 -0.015599 -0.035894 2.435591 -0.019840 -0.037672 2.446714 -0.019840 0.036934 2.446714 0.015390 -0.038892 2.447799 0.014988 -0.040861 2.459605 0.015390 0.038154 2.447799 -0.016913 0.036937 2.439039 0.015260 0.040019 2.451608 0.040257 0.040211 2.448634 0.040310 0.036995 2.447069 0.040257 -0.040949 2.448634 0.039854 -0.042819 2.460462 0.039803 -0.040088 2.461966 0.039854 0.042081 2.460462 0.039978 0.042736 2.456833 0.014988 0.040123 2.459605 0.003495 -0.037381 2.265021 -0.009778 -0.033545 2.295918 0.003495 0.036643 2.265021 -0.009778 0.032807 2.295918 0.016650 -0.042569 2.234180 0.016650 0.041831 2.234180 0.015996 0.037256 2.265021 0.002811 0.033227 2.295901 0.013139 0.038350 2.265021 0.000060 0.034368 2.295905 0.029084 0.042583 2.234198 0.026149 0.043641 2.234193 0.002811 -0.033965 2.295901 0.015996 -0.037994 2.265021 0.029084 -0.043321 2.234198 0.029412 -0.046090 2.201118 0.046570 0.167496 2.425303 0.033415 -0.168916 2.445311 0.033415 0.179196 2.445311 0.759470 -0.282395 2.410656 0.215710 -0.300835 2.425303 0.240973 -0.282395 2.410656 0.241539 0.287722 2.410656 0.230886 0.235599 2.410656 0.177460 0.276896 2.410656 0.877775 -0.088782 2.480706 0.900344 0.115180 2.495353 0.877775 0.099062 2.480706 0.697581 -0.222339 2.460698 0.291808 -0.232401 2.480706 
						0.708635 -0.232401 2.480706 0.074928 0.146243 2.410656 0.122610 -0.087266 2.410656 0.074928 -0.135962 2.410656 0.040839 0.166931 2.495353 0.100099 -0.104899 2.495353 0.100099 0.115180 2.495353 0.708635 0.242682 2.480706 0.271933 0.261122 2.495353 0.291808 0.242682 2.480706 0.859263 0.087648 2.425303 0.872044 -0.086777 2.410656 0.859263 -0.077367 2.425303 0.141181 -0.077367 2.425303 0.128399 0.097057 2.410656 0.141181 0.087648 2.425303 0.692149 0.230149 2.425303 0.298073 0.241962 2.410656 0.702371 0.241962 2.410656 0.864620 -0.080356 2.460698 0.240973 0.292676 2.410656 0.784734 0.311116 2.425303 0.759470 0.292676 2.410656 0.031431 0.181939 2.460698 0.210512 -0.301555 2.495353 0.805272 -0.313368 2.480706 0.789931 -0.301555 2.495353 0.069139 -0.136454 2.410656 0.069139 0.146734 2.410656 0.196559 0.322521 2.460698 0.799990 0.321178 2.445312 0.200453 0.321178 2.445312 0.805272 0.323649 2.480706 0.195172 0.323649 2.480706 0.953874 0.167496 2.425303 0.967029 -0.168916 2.445311 0.953874 -0.157215 2.425303 0.789931 0.311836 2.495353 0.210512 0.311836 2.495353 0.931304 0.146734 2.410656 0.931304 -0.136454 2.410656 0.969012 0.181939 2.460698 0.967029 0.179196 2.445311 0.972386 0.181148 2.480706 0.969012 -0.171659 2.460698 0.959605 -0.156651 2.495353 0.959605 0.166931 2.495353 0.784734 -0.300835 2.425303 0.200453 -0.310898 2.445311 0.196559 -0.312241 2.460698 0.803884 -0.312241 2.460698 0.799990 -0.310898 2.445311 0.040839 -0.156651 2.495353 0.028058 0.181148 2.480706 0.028058 -0.170867 2.480706 0.031431 -0.171659 2.460698 0.302862 0.232619 2.460698 0.697581 0.232619 2.460698 0.308295 -0.219868 2.425303 0.702371 -0.231681 2.410656 0.298073 -0.231681 2.410656 0.728510 -0.250841 2.495353 0.877833 0.097546 2.410656 0.925515 -0.135962 2.410656 
						0.877833 -0.087266 2.410656 0.728510 0.261122 2.495353 0.864620 0.090637 2.460698 0.900344 -0.104899 2.495353 0.215710 0.311116 2.425303 0.271933 -0.250841 2.495353 0.702940 0.246916 2.410656 0.297504 0.246916 2.410656 0.135823 -0.080356 2.460698 0.122668 0.099062 2.480706 0.122668 -0.088782 2.480706 0.302862 -0.222339 2.460698 0.175215 0.281567 2.410656 0.150982 0.300183 2.425303 0.119468 0.249931 2.410656 0.096110 0.269050 2.425303 0.059445 0.222457 2.425303 0.082219 0.202584 2.410656 0.046570 0.167496 2.425303 0.175215 -0.271286 2.410656 0.150982 -0.289903 2.425303 0.119468 -0.239650 2.410656 0.059445 -0.212176 2.425303 0.082219 -0.192303 2.410656 0.046570 -0.157215 2.425303 0.136530 0.310371 2.445312 0.082339 0.279593 2.445311 0.046130 0.233530 2.445311 0.033415 0.179196 2.445311 0.136530 -0.300090 2.445311 0.096110 -0.258770 2.425303 0.046130 -0.223250 2.445311 0.195172 -0.313368 2.480706 0.145581 -0.290525 2.495353 0.131220 -0.302521 2.480706 0.090535 -0.259114 2.495353 0.077004 -0.271631 2.480706 0.040778 -0.225400 2.480706 0.053755 -0.212103 2.495353 0.145581 0.300806 2.495353 0.131220 0.312802 2.480706 0.090535 0.269394 2.495353 0.040778 0.235681 2.480706 0.053755 0.222384 2.495353 0.028058 0.181148 2.480706 0.040839 0.166931 2.495353 0.133367 -0.301540 2.460698 0.079796 -0.271065 2.460698 0.044001 -0.225457 2.460698 0.133367 0.311820 2.460698 0.079796 0.281346 2.460698 0.077004 0.281911 2.480706 0.044001 0.235737 2.460698 0.031431 0.181939 2.460698 0.918224 0.202584 2.410656 0.940999 0.222457 2.425303 0.880975 0.249931 2.410656 0.904334 0.269050 2.425303 0.849461 0.300183 2.425303 0.825228 0.281567 2.410656 0.954314 0.233530 2.445311 0.918104 0.279593 2.445311 0.863913 0.310371 2.445312 0.946689 0.222384 2.495353 
						0.959665 0.235681 2.480706 0.909908 0.269394 2.495353 0.869223 0.312802 2.480706 0.854862 0.300806 2.495353 0.956443 0.235737 2.460698 0.923439 0.281911 2.480706 0.920647 0.281346 2.460698 0.867076 0.311820 2.460698 0.825228 -0.271286 2.410656 0.849461 -0.289903 2.425303 0.880975 -0.239650 2.410656 0.904334 -0.258770 2.425303 0.940999 -0.212176 2.425303 0.918224 -0.192303 2.410656 0.863913 -0.300090 2.445311 0.918104 -0.269312 2.445311 0.954314 -0.223250 2.445311 0.206175 -0.239732 2.495353 0.854862 -0.290525 2.495353 0.869223 -0.302521 2.480706 0.909908 -0.259114 2.495353 0.959665 -0.225400 2.480706 0.946689 -0.212103 2.495353 0.972386 -0.170867 2.480706 0.867076 -0.301540 2.460698 0.920647 -0.271065 2.460698 0.923439 -0.271631 2.480706 0.956443 -0.225457 2.460698 0.238939 0.221811 2.460698 0.190127 0.188411 2.425303 0.244343 0.219302 2.425303 0.184748 0.191033 2.460698 0.153901 0.142181 2.425303 0.135823 0.090637 2.460698 0.141181 0.087648 2.425303 0.244343 -0.209021 2.425303 0.238939 -0.211531 2.460698 0.190127 -0.178131 2.425303 0.184748 -0.180753 2.460698 0.153901 -0.131900 2.425303 0.148538 -0.134691 2.460698 0.846542 0.142181 2.425303 0.233141 0.230932 2.410656 0.178095 0.199520 2.410656 0.141315 0.152510 2.410656 0.128399 0.097057 2.410656 0.233141 -0.220651 2.410656 0.141315 -0.142229 2.410656 0.128399 -0.086777 2.410656 0.173926 0.203095 2.410656 0.123627 0.246346 2.410656 0.087668 0.200639 2.410656 0.135863 0.154446 2.410656 0.230886 -0.225319 2.410656 0.241539 -0.277441 2.410656 0.177460 -0.266616 2.410656 0.173926 -0.192815 2.410656 0.123627 -0.236066 2.410656 0.087668 -0.190358 2.410656 0.135863 -0.144166 2.410656 0.925515 0.146243 2.410656 0.864581 0.154446 2.410656 0.912776 0.200639 2.410656 0.227081 -0.221469 2.480706 
						0.172208 -0.190336 2.480706 0.135543 -0.143743 2.480706 0.227081 0.231749 2.480706 0.172208 0.200617 2.480706 0.148538 0.144971 2.460698 0.122668 0.099062 2.480706 0.150428 -0.208096 2.495353 0.113179 -0.160749 2.495353 0.206175 0.250012 2.495353 0.113179 0.171029 2.495353 0.135543 0.154023 2.480706 0.100099 0.115180 2.495353 0.150428 0.218376 2.495353 0.887264 0.171029 2.495353 0.815695 0.191033 2.460698 0.810316 0.188411 2.425303 0.761504 0.221811 2.460698 0.756101 0.219302 2.425303 0.756100 -0.209021 2.425303 0.761504 -0.211531 2.460698 0.872044 0.097057 2.410656 0.859129 0.152510 2.410656 0.822348 0.199520 2.410656 0.767302 0.230932 2.410656 0.826518 0.203095 2.410656 0.876816 0.246346 2.410656 0.822984 0.276896 2.410656 0.769557 0.235599 2.410656 0.758904 0.287722 2.410656 0.769557 -0.225319 2.410656 0.758904 -0.277441 2.410656 0.702940 -0.236635 2.410656 0.851905 0.144971 2.460698 0.828235 0.200617 2.480706 0.773362 0.231749 2.480706 0.864900 0.154023 2.480706 0.794268 0.250012 2.495353 0.850015 0.218376 2.495353 0.794268 -0.239732 2.495353 0.810316 -0.178131 2.425303 0.815695 -0.180753 2.460698 0.846542 -0.131900 2.425303 0.851905 -0.134691 2.460698 0.135823 0.090637 2.460698 0.767302 -0.220651 2.410656 0.822348 -0.189240 2.410656 0.859129 -0.142229 2.410656 0.826518 -0.192815 2.410656 0.822984 -0.266616 2.410656 0.912776 -0.190358 2.410656 0.864581 -0.144166 2.410656 0.297504 -0.236635 2.410656 0.773362 -0.221469 2.480706 0.828235 -0.190336 2.480706 0.887264 -0.160749 2.495353 0.864900 -0.143743 2.480706 0.850015 -0.208096 2.495353 0.082339 -0.269312 2.445311 0.803884 0.322521 2.460698 0.177460 -0.266616 2.410656 0.123627 -0.236066 2.408968 0.123627 -0.236066 2.410656 0.822984 -0.266616 2.410656 0.758904 -0.277441 2.408968 
						0.758904 -0.277441 2.410656 0.241539 -0.277441 2.410656 0.177460 -0.266616 2.408968 0.859129 -0.142229 2.410656 0.822348 -0.189240 2.408968 0.822348 -0.189240 2.410656 0.759006 -0.278329 2.408080 0.241075 -0.281508 2.408080 0.241438 -0.278329 2.408080 0.758904 0.287722 2.410656 0.822984 0.276896 2.408968 0.822984 0.276896 2.410656 0.872044 0.097057 2.410656 0.872044 -0.086777 2.408968 0.872044 -0.086777 2.410656 0.087668 0.200639 2.410656 0.123627 0.246346 2.408968 0.123627 0.246346 2.410656 0.175215 -0.271286 2.410656 0.240973 -0.282395 2.408968 0.240973 -0.282395 2.410656 0.925515 0.146243 2.410656 0.925515 -0.135962 2.408968 0.925515 -0.135962 2.410656 0.826518 0.203095 2.410656 0.769557 0.235599 2.408968 0.769557 0.235599 2.410656 0.136840 -0.143819 2.408080 0.127362 -0.086865 2.408080 0.140338 -0.142576 2.408080 0.241438 0.288609 2.408080 0.759369 0.291788 2.408080 0.759006 0.288609 2.408080 0.876816 0.246346 2.410656 0.912776 0.200639 2.408968 0.912776 0.200639 2.410656 0.173926 0.203095 2.410656 0.135863 0.154446 2.408968 0.135863 0.154446 2.410656 0.769153 -0.224482 2.408080 0.823095 -0.189880 2.408080 0.825771 -0.192174 2.408080 0.925515 0.146243 2.408968 0.825771 0.202455 2.408080 0.860105 0.152857 2.408080 0.823095 0.200161 2.408080 0.230886 -0.225319 2.410656 0.297504 -0.236635 2.408968 0.297504 -0.236635 2.410656 0.174673 -0.192174 2.408080 0.177348 -0.189880 2.408080 0.087668 -0.190358 2.410656 0.074928 -0.135962 2.408968 0.074928 -0.135962 2.410656 0.173926 -0.192815 2.410656 0.230886 -0.225319 2.408968 0.087668 -0.190358 2.408968 0.231290 -0.224482 2.408080 0.232737 -0.221487 2.408080 0.241539 -0.277441 2.408968 0.864581 -0.144166 2.410656 0.877833 -0.087266 2.408968 0.877833 -0.087266 2.410656 0.123647 -0.087178 2.408080 
						0.127362 0.097145 2.408080 0.074928 0.146243 2.408968 0.074928 0.146243 2.410656 0.826518 -0.192815 2.410656 0.864581 -0.144166 2.408968 0.297606 -0.235748 2.408080 0.702473 -0.232569 2.408080 0.702838 -0.235748 2.408080 0.298073 -0.231681 2.410656 0.233141 -0.220651 2.408968 0.233141 -0.220651 2.410656 0.074928 0.146243 2.410656 0.087668 0.200639 2.408968 0.769557 -0.225319 2.410656 0.826518 -0.192815 2.408968 0.826518 -0.192815 2.410656 0.241539 0.287722 2.410656 0.758904 0.287722 2.408968 0.702940 -0.236635 2.410656 0.769557 -0.225319 2.408968 0.177460 0.276896 2.408968 0.177460 0.276896 2.410656 0.702940 0.246916 2.408968 0.702940 0.246916 2.410656 0.136840 0.154099 2.408080 0.127362 0.097145 2.408080 0.123647 0.097459 2.408080 0.877833 0.097546 2.408968 0.877833 0.097546 2.410656 0.175215 0.281567 2.410656 0.119468 0.249931 2.408968 0.119468 0.249931 2.410656 0.759470 0.292676 2.410656 0.240973 0.292676 2.408968 0.240973 0.292676 2.410656 0.082219 0.202584 2.410656 0.069139 0.146734 2.408968 0.069139 0.146734 2.410656 0.073891 -0.136050 2.408080 0.070176 0.146646 2.408080 0.073891 0.146331 2.408080 0.759470 -0.282395 2.408968 0.759470 -0.282395 2.410656 0.082219 -0.192303 2.410656 0.119468 -0.239650 2.408968 0.119468 -0.239650 2.410656 0.069139 -0.136454 2.410656 0.082219 -0.192303 2.408968 0.931304 0.146734 2.410656 0.918224 0.202584 2.408968 0.918224 0.202584 2.410656 0.880975 0.249931 2.408968 0.880975 0.249931 2.410656 0.931304 -0.136454 2.410656 0.931304 0.146734 2.408968 0.825228 0.281567 2.410656 0.759470 0.292676 2.408968 0.825228 -0.271286 2.408968 0.825228 -0.271286 2.410656 0.880975 -0.239650 2.408968 0.880975 -0.239650 2.410656 0.918224 -0.192303 2.408968 0.918224 -0.192303 2.410656 0.931304 -0.136454 2.408968 
						0.233141 0.230932 2.410656 0.298073 0.241962 2.408968 0.298073 0.241962 2.410656 0.178095 0.199520 2.410656 0.233141 0.230932 2.408968 0.297606 0.246028 2.408080 0.232737 0.231768 2.408080 0.231291 0.234763 2.408080 0.128399 0.097057 2.410656 0.141315 0.152510 2.408968 0.141315 0.152510 2.410656 0.128399 -0.086777 2.410656 0.128399 0.097057 2.408968 0.128399 0.097057 2.410656 0.178095 -0.189240 2.408968 0.178095 -0.189240 2.410656 0.141315 -0.142229 2.408968 0.141315 -0.142229 2.410656 0.128399 -0.086777 2.408968 0.859129 0.152510 2.410656 0.872044 0.097057 2.408968 0.822348 0.199520 2.410656 0.859129 0.152510 2.408968 0.863604 0.154099 2.408080 0.873081 0.097145 2.408080 0.702371 0.241962 2.410656 0.767302 0.230932 2.408968 0.767302 0.230932 2.410656 0.767302 -0.220651 2.410656 0.702371 -0.231681 2.408968 0.702371 -0.231681 2.410656 0.822348 -0.189240 2.410656 0.767302 -0.220651 2.408968 0.767706 -0.221487 2.408080 0.859129 -0.142229 2.408968 0.241539 0.287722 2.408968 0.297971 -0.232569 2.408080 0.298073 -0.231681 2.408968 0.178095 0.199520 2.408968 0.822348 0.199520 2.408968 0.082219 0.202584 2.408968 0.069139 0.146734 2.410656 0.069139 -0.136454 2.408968 0.175215 -0.271286 2.408968 0.825228 0.281567 2.408968 0.769153 0.234763 2.408080 0.767706 0.231768 2.408080 0.876816 -0.236066 2.410656 0.822984 -0.266616 2.408968 0.825771 -0.192174 2.408080 0.860105 -0.142576 2.408080 0.863604 -0.143819 2.408080 0.702473 0.242850 2.408080 0.297971 0.242850 2.408080 0.876816 0.246346 2.408968 0.912776 -0.190358 2.410656 0.876816 -0.236066 2.408968 0.702838 0.246028 2.408080 0.912776 -0.190358 2.408968 0.873081 -0.086865 2.408080 0.876796 -0.087178 2.408080 0.297504 0.246916 2.410656 0.230886 0.235599 2.408968 0.230886 0.235599 2.410656 
						0.173926 0.203095 2.408968 0.177058 0.277733 2.408080 0.241075 0.291788 2.408080 0.297504 0.246916 2.408968 0.122882 0.246989 2.408080 0.175618 0.280730 2.408080 0.926553 0.146331 2.408080 0.917248 0.202235 2.408080 0.930267 0.146646 2.408080 0.122610 0.097546 2.408968 0.122610 0.097546 2.410656 0.823386 -0.267453 2.408080 0.759369 -0.281508 2.408080 0.086691 0.200987 2.408080 0.120213 0.249288 2.408080 0.913752 0.200987 2.408080 0.880230 0.249288 2.408080 0.177348 0.200161 2.408080 0.174673 0.202455 2.408080 0.122610 0.097546 2.410656 0.122610 -0.087266 2.408968 0.122610 -0.087266 2.410656 0.877562 -0.236708 2.408080 0.824826 -0.270449 2.408080 0.073891 0.146331 2.408080 0.083196 0.202235 2.408080 0.877562 0.246989 2.408080 0.824826 0.280730 2.408080 0.702940 -0.236635 2.408968 0.913752 -0.190707 2.408080 0.880230 -0.239008 2.408080 0.876796 0.097459 2.408080 0.177058 -0.267453 2.408080 0.175618 -0.270449 2.408080 0.823386 0.277733 2.408080 0.135863 -0.144166 2.410656 0.173926 -0.192815 2.408968 0.926553 -0.136050 2.408080 0.917248 -0.191955 2.408080 0.122882 -0.236708 2.408080 0.120213 -0.239008 2.408080 0.702371 0.241962 2.408968 0.135863 -0.144166 2.408968 0.086691 -0.190707 2.408080 0.083196 -0.191955 2.408080 0.864581 0.154446 2.408968 0.864581 0.154446 2.410656 0.930267 -0.136366 2.408080 0.070176 -0.136366 2.408080 0.140338 0.152857 2.408080 0.826518 0.203095 2.408968 0.175215 0.281567 2.408968 0.070176 0.146646 2.408080 0.128399 0.097057 2.408968 0.822348 -0.189240 2.408968 0.823095 -0.189880 2.408080 0.069139 0.146734 2.408968 0.074928 0.146243 2.408968 0.826518 -0.192815 2.408968 0.122610 0.097546 2.408968 0.123647 0.097459 2.408080 0.308295 0.230149 2.425303 0.439415 0.240309 0.422259 0.447568 0.223380 0.430412 
						0.439415 0.223380 0.422259 0.417140 0.240309 0.422259 0.428277 0.223380 0.419274 0.417140 0.223380 0.422259 0.450552 0.240309 0.441549 0.447568 0.223380 0.452686 0.450552 0.223380 0.441549 0.447568 0.240309 0.452686 0.439415 0.223380 0.460840 0.439415 0.240309 0.460840 0.428277 0.223380 0.463824 0.428277 0.240309 0.463824 0.417140 0.223380 0.460840 0.417140 0.240309 0.460840 0.408987 0.223380 0.452686 0.408987 0.240309 0.452686 0.406003 0.223380 0.441549 0.406003 0.240309 0.441549 0.408987 0.223380 0.430412 0.408987 0.240309 0.430412 0.441105 0.240309 0.448955 0.435683 0.227343 0.454377 0.435683 0.240309 0.454377 0.447568 0.240309 0.430412 0.420871 0.240309 0.428721 0.428277 0.227343 0.426737 0.428277 0.240309 0.426737 0.441105 0.240309 0.434143 0.443089 0.227343 0.441549 0.443089 0.240309 0.441549 0.443211 0.242658 0.450171 0.448120 0.242658 0.441549 0.445521 0.242658 0.441549 0.441105 0.227343 0.448955 0.428277 0.227343 0.456361 0.428277 0.240309 0.456361 0.420871 0.227343 0.454377 0.420871 0.240309 0.454377 0.415450 0.227343 0.448955 0.415450 0.240309 0.448955 0.413465 0.227343 0.441549 0.413465 0.240309 0.441549 0.415450 0.227343 0.434143 0.415450 0.240309 0.434143 0.420871 0.227343 0.428721 0.428277 0.240309 0.419274 0.435683 0.240309 0.428721 0.441105 0.227343 0.434143 0.419655 0.242658 0.426615 0.411093 0.242658 0.431628 0.413344 0.242658 0.432927 0.428277 0.242658 0.424305 0.438199 0.242658 0.424365 0.428277 0.242658 0.421706 0.419655 0.242658 0.456483 0.411093 0.242658 0.451471 0.418356 0.242658 0.458733 0.436899 0.242658 0.456483 0.445462 0.242658 0.451471 0.418356 0.242658 0.424365 0.443211 0.242658 0.432927 0.436899 0.242658 0.426615 0.413344 0.242658 0.450171 0.408435 0.242658 0.441549 
						0.428277 0.242658 0.458793 0.438199 0.242658 0.458733 0.445462 0.242658 0.431628 0.411033 0.242658 0.441549 0.428277 0.242658 0.461392 0.439059 0.241970 0.422876 0.428277 0.241970 0.419987 0.446951 0.241970 0.430768 0.449840 0.241970 0.441549 0.446951 0.241970 0.452330 0.439059 0.241970 0.460223 0.428277 0.241970 0.463112 0.417496 0.241970 0.460223 0.409604 0.241970 0.452330 0.406715 0.241970 0.441549 0.409604 0.241970 0.430768 0.417496 0.241970 0.422876 0.428277 0.241970 0.426025 0.436040 0.241970 0.428105 0.441722 0.241970 0.433787 0.443802 0.241970 0.441549 0.441722 0.241970 0.449311 0.436040 0.241970 0.454994 0.428277 0.241970 0.457074 0.420515 0.241970 0.454994 0.414833 0.241970 0.449311 0.412753 0.241970 0.441549 0.414833 0.241970 0.433787 0.420515 0.241970 0.428105 0.435683 0.227343 0.428721 0.455654 -0.231870 1.556791 0.400330 -0.233724 1.558037 0.400330 -0.233724 1.556823 0.400330 -0.228807 1.560057 0.458941 -0.229492 1.559991 0.458853 -0.226849 1.559995 0.486763 -0.230778 0.837490 0.493213 -0.230575 0.853852 0.492119 -0.230586 0.855242 0.341806 -0.226849 1.559995 0.323698 -0.228890 1.554463 0.341719 -0.229492 1.559991 0.485027 -0.225884 0.839704 0.490381 -0.228330 0.857385 0.490326 -0.225686 0.857381 0.347620 -0.227023 0.820632 0.328857 -0.229010 0.826337 0.347532 -0.229666 0.820641 0.326101 -0.231234 1.550999 0.343750 -0.231830 1.557984 0.325175 -0.231207 1.552293 0.400330 -0.228807 0.820622 0.400330 -0.231451 0.820627 0.490321 -0.225801 1.523590 0.490392 -0.228444 1.523590 0.400330 -0.228807 0.815600 0.458928 -0.229492 0.815675 0.400330 -0.231451 0.815605 0.311291 -0.225829 1.541939 0.323784 -0.226247 1.554468 0.305843 -0.225644 0.851678 0.311237 -0.228472 0.833736 0.305793 -0.228288 0.851689 0.305771 -0.228288 1.523997 
						0.311207 -0.228472 1.541936 0.305841 -0.225644 1.523997 0.313897 -0.230778 0.837490 0.307446 -0.230575 0.853852 0.312816 -0.230764 0.836001 0.487216 -0.228527 1.534401 0.487133 -0.225884 1.534402 0.400330 -0.233724 0.817502 0.345270 -0.231871 0.818777 0.343847 -0.231828 0.817560 0.400330 -0.228807 2.112793 0.400330 -0.228807 1.560057 0.489369 -0.225829 1.541939 0.476962 -0.228890 1.554463 0.489453 -0.228472 1.541936 0.494889 -0.228288 1.523997 0.494819 -0.225644 1.523997 0.494816 -0.225644 0.851678 0.489423 -0.228472 0.833736 0.489359 -0.225828 0.833718 0.476941 -0.228889 0.821205 0.476863 -0.226246 0.821187 0.458842 -0.226849 0.815661 0.308541 -0.230586 0.855242 0.307424 -0.230618 1.523842 0.327820 -0.226367 1.548831 0.313444 -0.228527 1.534400 0.313527 -0.225884 1.534401 0.347287 -0.227023 1.554784 0.327734 -0.229010 1.548826 0.341732 -0.229492 0.815675 0.341818 -0.226849 0.815661 0.311301 -0.225828 0.833718 0.323719 -0.228889 0.821205 0.315633 -0.225884 0.839704 0.310278 -0.228330 0.857385 0.315576 -0.228528 0.839720 0.400330 -0.228807 1.554804 0.400330 -0.231451 1.554802 0.494866 -0.228288 0.851689 0.473803 -0.231236 0.824423 0.456812 -0.231828 0.817560 0.475072 -0.231206 0.823155 0.400330 -0.231451 1.560054 0.310339 -0.225801 1.523589 0.310333 -0.225686 0.857381 0.323797 -0.226246 0.821187 0.311993 -0.230764 1.539045 0.312508 -0.230777 1.537308 0.347199 -0.229666 1.554781 0.471722 -0.226367 0.826320 0.485084 -0.228528 0.839720 0.493236 -0.230618 1.523842 0.492156 -0.230656 1.523744 0.474558 -0.231234 1.550999 0.456910 -0.231830 1.557984 0.453128 -0.229666 0.820641 0.453040 -0.227023 0.820632 0.488151 -0.230777 1.537308 0.488667 -0.230764 1.539045 0.476876 -0.226247 1.554468 0.328937 -0.226367 0.826320 0.471802 -0.229010 0.826337 0.455390 -0.231871 0.818777 
						0.400330 -0.233724 0.818745 0.472840 -0.226367 1.548831 0.326857 -0.231235 0.824423 0.487844 -0.230764 0.836001 0.475484 -0.231207 1.552293 0.325588 -0.231206 0.823155 0.308503 -0.230656 1.523744 0.345006 -0.231870 1.556791 0.454134 -0.231252 1.555368 0.473434 -0.230602 1.549460 0.476559 -0.230509 1.553826 0.458377 -0.231118 1.559401 0.400330 -0.233058 0.820078 0.346838 -0.231253 0.820098 0.342320 -0.231117 0.816231 0.400330 -0.233058 0.816163 0.342283 -0.231118 1.559401 0.400330 -0.233058 1.559462 0.400330 -0.233058 1.555393 0.346525 -0.231252 1.555368 0.458339 -0.231117 0.816231 0.490934 -0.230033 1.523635 0.490910 -0.229931 0.856758 0.311677 -0.230084 0.834406 0.306260 -0.229899 0.852326 0.309750 -0.229931 0.856758 0.315064 -0.230128 0.839073 0.324239 -0.230508 0.821782 0.328243 -0.230602 0.825783 0.327225 -0.230602 1.549461 0.313140 -0.230127 1.535251 0.311407 -0.230084 1.541088 0.306230 -0.229911 1.523952 0.309726 -0.230033 1.523635 0.310268 -0.228444 1.523589 0.485596 -0.230128 0.839073 0.472417 -0.230603 0.825783 0.487520 -0.230127 1.535252 0.453822 -0.231253 0.820098 0.324100 -0.230509 1.553826 0.488983 -0.230084 0.834406 0.494400 -0.229899 0.852326 0.494430 -0.229911 1.523952 0.476421 -0.230508 0.821782 0.489252 -0.230084 1.541088 0.938011 -0.139207 1.190329 0.438219 0.225222 0.450881 0.438219 0.225222 0.450881 -0.002005 -0.137974 0.140159 -0.022768 -0.151221 0.142189 -0.049670 -0.171217 0.169424 0.006540 -0.160901 0.140159 0.008398 0.160279 -0.000175 0.792261 0.160279 -0.000175 -0.041226 -0.193572 0.169424 -0.041229 0.193947 2.112793 0.841889 0.193947 2.112793 0.841889 -0.193593 2.112793 0.818826 -0.210789 2.112793 -0.049670 -0.171217 0.169424 0.013355 -0.218171 0.169424 0.473557 -0.225686 0.859263 0.323784 -0.226247 1.554468 0.206842 -0.225686 0.169424 
						0.593826 -0.225686 2.112793 0.473558 -0.225686 1.110316 0.485027 -0.225884 0.839704 0.310339 -0.225801 1.523589 0.347620 -0.227023 0.820632 0.330813 -0.225884 0.854493 0.327103 -0.225686 0.859263 0.476863 -0.226246 0.821187 0.336093 -0.225686 1.106562 0.336683 -0.225799 0.862046 0.340254 -0.210716 0.872161 0.398856 -0.174806 1.032716 0.910503 -0.021733 1.893776 0.888197 -0.022074 1.886034 0.850330 0.026033 1.885298 0.935945 0.030322 1.944753 0.928511 -0.028572 1.944893 0.398831 -0.255580 0.969492 0.398831 -0.330111 0.974607 0.398831 -0.331820 0.976129 0.398831 -0.331820 0.976129 0.398831 -0.360705 0.970212 0.398831 -0.328178 0.976668 0.398831 -0.393310 0.960777 0.411824 -0.389503 0.991768 0.406041 -0.391321 0.996005 0.398831 -0.391970 0.997518 0.391620 -0.391321 0.996005 0.385838 -0.389503 0.991768 0.382629 -0.386876 0.985644 0.385838 -0.381334 0.972723 0.398831 -0.378867 0.966973 0.406041 -0.379516 0.968485 0.411824 -0.381334 0.972723 0.415033 -0.386876 0.985644 0.398831 -0.378867 0.966973 -0.020364 -0.034922 2.448090 0.040128 0.042038 2.452414 0.122610 0.097546 2.410656 0.692149 -0.219868 2.425303 0.069139 0.146734 2.410656 0.178095 -0.189240 2.410656 0.876816 -0.236066 2.410656 
					</float_array>
					<technique_common>
						<accessor count="2859" offset="0" source="#meshId0-positions-array" stride="3">
							<param name="X" type="float" />
							<param name="Y" type="float" />
							<param name="Z" type="float" />
						</accessor>
					</technique_common>
				</source>
				<source id="meshId0-normals" name="meshId0-normals">
					<float_array id="meshId0-normals-array" count="8577"> 
						-0.021758 -0.464742 0.885179 0.642284 -0.094097 0.760669 0.676076 -0.158335 0.719619 0.691152 -0.238430 0.682246 0.998270 0.044936 0.037925 0.999553 0.015223 0.025728 -0.688055 -0.500385 0.525542 0.012288 -0.526229 0.850254 -0.959173 -0.256660 -0.118797 -0.618851 -0.645399 0.447754 -0.661011 0.077633 -0.746349 -0.692973 0.137715 -0.707688 -0.039757 0.517495 -0.854762 -0.003229 0.451497 -0.892267 0.605883 0.654304 -0.452539 -0.003229 0.451497 -0.892267 0.686601 0.482606 -0.543757 0.890024 0.399247 0.220132 0.965490 0.231645 0.119034 -0.723898 -0.259479 0.639251 -0.024956 -0.366079 0.930249 -0.027971 -0.352076 0.935553 -0.999582 -0.018325 -0.022376 -0.721553 -0.290863 0.628299 -0.696016 0.224420 -0.682054 -0.697913 0.235456 -0.676371 0.017992 0.365349 -0.930697 0.019038 0.351371 -0.936043 0.719993 0.289843 -0.630556 0.019038 0.351371 -0.936043 0.721717 0.258629 -0.642056 0.420197 -0.621028 0.661633 0.241974 0.046948 0.969146 0.344823 -0.654785 0.672573 0.399169 0.040153 0.915998 0.708936 0.596749 0.375900 0.558565 -0.018031 0.829265 0.013444 -0.729151 -0.684220 0.512899 -0.856699 -0.054781 0.248941 -0.968430 -0.013128 -0.231736 -0.074349 -0.969933 0.311987 -0.601911 -0.735097 -0.343711 0.632342 -0.694267 -0.066752 -0.000539 -0.997769 -0.249215 0.968436 -0.004824 -0.417267 0.602470 -0.680381 -0.343711 0.632342 -0.694267 -0.330925 0.585411 0.740124 -0.004077 0.724423 0.689344 0.100205 -0.632506 0.768046 -0.387038 -0.886841 0.252419 0.205002 -0.675058 0.708711 -0.652940 -0.647662 -0.392687 -0.128559 -0.985359 0.111982 -0.562011 -0.043969 -0.825960 -0.384893 -0.751434 -0.535914 -0.247320 0.631386 -0.734972 -0.124440 0.585833 -0.800821 0.050774 0.992240 -0.113502 -0.124440 0.585833 -0.800821 0.419977 0.852858 -0.310247 0.322274 0.744611 0.584546 -0.047629 -0.102976 0.993543 0.070234 -0.023335 0.997258 
						0.439128 -0.600119 0.668598 0.665499 -0.744933 -0.046758 0.504752 -0.456971 -0.732396 -0.417267 0.602470 -0.680381 0.051451 0.096541 -0.993998 -0.532221 0.845559 0.042073 -0.434389 0.594982 -0.676242 -0.507397 0.454491 0.732111 -0.140512 -0.191046 0.971472 0.420389 -0.615863 0.666323 0.733562 -0.679000 -0.029081 0.618028 -0.345664 -0.706086 -0.434389 0.594982 -0.676242 0.142778 0.188913 -0.971559 -0.667287 0.743761 0.039348 -0.416435 0.613761 -0.670731 -0.619211 0.346363 0.704705 -0.230179 -0.290041 0.928921 0.379106 -0.661405 0.647165 0.764871 -0.644025 -0.014285 0.702991 -0.249706 -0.665921 -0.416435 0.613761 -0.670731 0.231659 0.289600 -0.928690 -0.763480 0.645779 0.008266 -0.733063 0.679758 0.023398 -0.704212 0.252147 0.663708 -0.317229 -0.393441 0.862885 0.326984 -0.725257 0.605874 0.777474 -0.628876 -0.006977 0.772927 -0.164019 -0.612929 -0.374922 0.660374 -0.650645 0.319609 0.395644 -0.860997 -0.773736 0.633505 -0.001956 -0.374922 0.660374 -0.650645 -0.774191 0.170607 0.609525 -0.561319 -0.684695 0.464880 -0.882399 0.038559 0.468919 -0.472747 -0.582156 0.661517 -0.430289 -0.531503 0.729627 0.963433 0.066213 -0.259639 0.763195 -0.642781 -0.066075 0.768771 -0.638520 -0.035821 0.600660 0.728838 -0.328637 0.989905 0.084690 -0.113643 -0.106776 0.971774 -0.210366 0.642589 0.759818 -0.098768 -0.751752 0.656562 0.061611 -0.106776 0.971774 -0.210366 -0.756133 0.653648 0.031737 -0.991867 -0.070315 0.106096 -0.963516 -0.048947 0.263137 0.246731 -0.821639 0.513841 0.085234 -0.996267 0.013649 -0.598966 -0.723698 0.342783 0.121487 -0.968624 0.216813 0.777780 -0.628522 -0.004285 0.851775 -0.068391 -0.519424 -0.243035 0.820637 -0.517193 -0.319594 0.725467 -0.609555 -0.774847 0.632147 -0.001227 -0.319594 0.725467 -0.609555 -0.853658 0.071787 0.515863 -0.654726 -0.747168 -0.114341 -0.992155 -0.050689 -0.114275 
						-0.997678 -0.066454 -0.014918 0.215613 -0.859872 0.462742 0.756842 -0.648550 -0.081075 0.996635 0.073772 -0.035719 -0.075262 0.994055 0.078680 0.653680 0.756168 0.030226 -0.074916 0.996868 -0.025339 -0.756837 0.648606 0.080669 -0.075262 0.994055 0.078680 0.776944 -0.629518 -0.008110 0.151112 -0.937610 0.313134 0.075063 -0.993941 -0.080292 0.882471 -0.028103 -0.469527 0.771616 -0.635606 -0.024750 0.475684 0.587719 -0.654454 0.935749 0.035228 -0.350903 -0.142665 0.935481 -0.323298 -0.206038 0.862760 -0.461729 -0.762527 0.646785 0.014906 -0.206038 0.862760 -0.461729 -0.770484 0.637457 0.001390 -0.939500 -0.024641 0.341661 -0.654385 -0.739728 -0.156790 -0.992253 -0.055545 -0.111125 -0.990949 -0.054132 -0.122840 -0.645525 -0.723624 -0.244268 -0.989616 -0.048400 -0.135341 0.710405 0.620616 -0.331905 0.995962 0.036750 0.081913 0.698385 0.687764 -0.198091 0.002693 0.842422 -0.538812 -0.014227 0.932855 -0.359972 -0.718060 0.623515 -0.309223 0.002693 0.842422 -0.538812 -0.014227 0.932855 -0.359972 -0.995877 -0.052586 -0.073918 -0.706520 0.565487 -0.425504 0.752564 -0.656570 -0.050623 0.079536 -0.969991 -0.229762 0.757669 -0.647536 -0.081458 -0.690553 -0.692891 0.207456 -0.996982 -0.045158 -0.063144 0.989772 0.046475 0.134874 0.992133 0.054461 0.112719 0.647869 0.722399 0.241673 0.647340 0.723341 0.240267 -0.073448 0.970729 0.228671 -0.753366 0.652377 0.082731 -0.074118 0.975537 0.206964 -0.073448 0.970729 0.228671 -0.753098 0.655967 0.050495 0.061809 -0.993148 -0.099178 -0.663403 -0.744523 -0.074712 0.997054 0.032347 0.069548 0.708262 -0.630939 0.316671 0.734598 -0.673556 0.081783 0.742522 -0.669636 0.015797 0.992773 0.046265 0.110732 0.991391 0.046126 0.122539 0.667945 0.740573 0.073491 0.657938 0.736118 0.158896 -0.050585 0.998693 -0.007254 -0.063006 0.992788 0.101996 -0.746827 0.664843 -0.015276 
						-0.050585 0.998693 -0.007254 -0.063006 0.992788 0.101996 -0.739349 0.668119 -0.083540 -0.011153 -0.782432 0.622637 -0.719779 -0.427693 0.546805 -0.709032 -0.581334 0.399155 0.699229 -0.574516 0.425453 0.012150 -0.929454 0.368739 0.677936 -0.388910 0.623820 0.693346 -0.532180 0.485856 0.997644 0.019358 0.065812 0.997330 0.030290 0.066454 0.732895 0.417811 -0.536936 0.715205 0.579438 -0.390810 0.028870 0.568225 -0.822366 0.010016 0.787388 -0.616377 -0.700854 0.529098 -0.478392 0.028870 0.568225 -0.822366 0.010016 0.787388 -0.616377 -0.997572 -0.040096 -0.056946 -0.692228 0.378592 -0.614400 0.717157 -0.654693 0.238878 0.036046 -0.990748 0.130837 0.724979 -0.669475 0.161891 -0.998406 -0.035713 -0.043714 0.995209 0.041945 0.088321 0.994051 0.044200 0.099548 0.688711 0.715615 -0.116500 0.678459 0.734380 -0.019468 -0.024583 0.967110 -0.253167 -0.037620 0.991269 -0.126374 -0.731451 0.663020 -0.159322 -0.024583 0.967110 -0.253167 -0.037620 0.991269 -0.126374 -0.993698 -0.055823 -0.097202 -0.723403 0.647454 -0.239774 -0.998656 -0.029767 -0.042437 -0.029261 -0.572147 0.819629 -0.730886 -0.237579 0.639813 -0.043198 -0.307107 0.950694 0.997591 0.022662 0.065563 0.742581 0.234942 -0.627197 0.043371 0.309049 -0.950057 -0.681831 0.197940 -0.704220 -0.998685 -0.033222 -0.039039 -0.737284 -0.016483 0.675382 0.669275 -0.200410 0.715477 -0.054990 0.011537 0.998420 0.996856 0.035107 0.071028 0.752910 0.021860 -0.657760 0.056144 -0.002200 -0.998420 -0.674926 -0.026188 -0.737420 0.043371 0.309049 -0.950057 -0.080571 0.700898 0.708696 -0.750667 0.305988 0.585552 -0.071525 0.494230 0.866384 -0.997847 -0.049901 -0.042549 0.647909 0.397431 0.649817 0.996038 0.070369 0.054377 0.637666 0.560861 0.528032 0.759858 -0.296089 -0.578746 0.994171 0.098412 0.044034 0.084612 -0.701634 -0.707496 0.072925 -0.485568 -0.871152 
						-0.655700 -0.550993 -0.516202 0.072925 -0.485568 -0.871152 -0.657139 -0.388051 -0.646209 -0.997219 -0.072435 -0.017509 -0.997427 -0.059879 -0.039414 0.658613 0.031998 0.751801 -0.065354 0.324858 0.943502 -0.753508 0.442461 0.486265 0.996609 0.054454 0.061690 0.756272 -0.197951 -0.623592 0.067251 -0.335830 -0.939519 -0.662027 -0.272838 -0.698054 0.056144 -0.002200 -0.998420 -0.113910 0.983834 0.138186 -0.770918 0.575420 0.273088 -0.099733 0.921760 0.374716 -0.765757 0.543654 0.343593 0.628859 0.733014 0.259281 0.993107 0.116957 -0.007763 0.618234 0.783176 0.066495 0.775783 -0.569057 -0.272643 0.990976 0.126894 -0.043177 0.100922 -0.920250 -0.378092 0.785848 -0.605712 -0.124723 -0.622491 -0.780243 -0.061032 0.100922 -0.920250 -0.378092 -0.633551 -0.728651 -0.260156 -0.992118 -0.116631 0.045816 -0.994123 -0.107719 0.010764 -0.093268 0.867361 0.488863 -0.780008 0.612393 0.128690 0.632451 0.690543 0.350937 0.772404 -0.426938 -0.470231 0.993813 0.110701 0.008986 0.772607 -0.538610 -0.336121 -0.638504 -0.689030 -0.342858 0.084612 -0.701634 -0.707496 -0.994981 -0.100059 -0.001191 -0.783103 0.614073 0.098304 -0.120362 0.991376 0.051844 0.612301 0.790230 -0.024973 0.988178 0.125924 -0.087453 0.116638 -0.984453 -0.131331 0.784431 -0.612333 -0.098569 -0.611629 -0.790729 0.025642 0.116638 -0.984453 -0.131331 -0.988298 -0.124905 0.087550 -0.772585 0.604572 0.193922 -0.110193 0.986162 0.123860 0.615909 0.787592 -0.018829 0.980206 0.128806 -0.150353 0.122476 -0.991136 -0.051462 0.772002 -0.605199 -0.194285 -0.612944 -0.789923 0.017931 0.122476 -0.991136 -0.051462 -0.979844 -0.132061 0.149884 -0.967271 -0.141988 0.210299 -0.745963 0.583413 0.321200 0.623753 0.781294 0.022617 0.967594 0.138759 -0.210968 0.745414 -0.584342 -0.320783 0.088242 -0.965926 -0.243311 0.112220 -0.985836 -0.124636 0.088242 -0.965926 -0.243311 
						0.112220 -0.985836 -0.124636 -0.620962 -0.783483 -0.023662 -0.953962 -0.153988 0.257381 -0.086243 0.966100 0.243336 -0.721713 0.560779 0.405781 0.628464 0.776766 0.040839 0.954137 0.152062 -0.257875 0.721534 -0.561130 -0.405612 0.067268 -0.946302 -0.316208 0.067268 -0.946302 -0.316208 -0.626673 -0.778159 -0.041824 -0.940445 -0.166465 0.296398 -0.065740 0.946476 0.316008 -0.702628 0.542917 0.459951 0.627828 0.777316 0.040162 0.940502 0.165572 -0.296718 0.702796 -0.542769 -0.459868 0.053924 -0.933669 -0.354055 0.053924 -0.933669 -0.354055 -0.626756 -0.778140 -0.040941 -0.926280 -0.178670 0.331786 -0.052651 0.933863 0.353735 -0.689973 0.532296 0.490509 0.619798 0.784480 0.021032 0.926215 0.179048 -0.331763 0.690711 -0.531389 -0.490454 0.050663 -0.930764 -0.362092 0.050663 -0.930764 -0.362092 -0.619231 -0.784913 -0.021525 -0.910121 -0.190366 0.368022 -0.049384 0.931027 0.361594 -0.685691 0.530041 0.498883 0.600220 0.799554 -0.021173 0.909957 0.192262 -0.367442 0.687221 -0.527862 -0.499088 0.061467 -0.938989 -0.338411 0.061467 -0.938989 -0.338411 -0.600562 -0.799302 0.020983 -0.890814 -0.199791 0.408086 -0.060038 0.939416 0.337482 -0.692927 0.536267 0.481944 0.563378 0.820844 -0.093922 0.890057 0.205444 -0.406930 0.696045 -0.531202 -0.483058 0.092574 -0.956644 -0.276156 0.092574 -0.956644 -0.276156 -0.565658 -0.819320 0.093516 -0.204049 0.977265 0.057594 -0.783146 0.536749 0.313978 -0.739495 0.551525 0.385962 -0.869945 -0.206668 0.447754 0.370927 0.819379 -0.437071 0.445670 0.842962 -0.301320 0.817805 0.210896 -0.535460 0.843490 0.221242 -0.489465 0.790221 -0.523380 -0.318784 0.745728 -0.536442 -0.395120 0.296612 -0.950778 0.089685 0.203814 -0.976497 -0.070099 -0.457604 -0.838158 0.296798 0.296612 -0.950778 0.089685 0.203814 -0.976497 -0.070099 -0.848960 -0.202129 0.488272 -0.374345 -0.813540 0.444993 
						-0.370215 0.900482 -0.228195 -0.898447 0.422483 0.119589 -0.822440 0.516018 0.239411 0.514732 0.837093 -0.185274 -0.090994 0.957552 0.273523 0.169005 0.620271 -0.765964 0.291419 0.773721 -0.562521 0.752563 0.153129 -0.640469 0.790963 0.201971 -0.577568 0.908608 -0.395946 -0.132887 0.824678 -0.499280 -0.265755 0.530085 -0.707116 0.467971 0.360381 -0.911729 0.197171 -0.318670 -0.775852 0.544521 0.530085 -0.707116 0.467971 0.360381 -0.911729 0.197171 -0.806251 -0.176650 0.564583 -0.172623 -0.593878 0.785818 -0.978211 0.207595 -0.002793 -0.752696 -0.102223 0.650384 -0.936439 0.345330 0.061877 0.868999 0.213080 -0.446584 0.714229 0.006162 -0.699885 0.005741 0.045021 -0.998970 0.016582 0.108052 -0.994007 0.994914 -0.100469 0.007183 0.709355 -0.010020 -0.704780 0.688806 -0.148132 0.709650 0.998223 -0.058440 0.011661 -0.015173 -0.042279 0.998991 0.688806 -0.148132 0.709650 -0.022418 -0.108427 0.993852 -0.721392 0.011885 0.692425 -0.721518 -0.004853 0.692378 0.714796 -0.537736 -0.447109 -0.691302 0.073695 -0.718798 -0.994771 0.100831 -0.016225 -0.687371 0.146823 -0.711312 0.140018 -0.972760 -0.184753 0.140018 -0.972760 -0.184753 -0.516874 -0.835569 0.186186 -0.656022 0.337704 -0.674975 -0.582310 0.585928 -0.563563 0.106070 0.492011 -0.864103 0.734896 0.113852 -0.668555 0.036698 0.273469 -0.961180 0.935566 -0.341888 -0.088482 0.715044 0.052226 -0.697126 0.578769 -0.606162 0.545521 0.981327 -0.191623 -0.016696 -0.046906 -0.251496 0.966721 0.578769 -0.606162 0.545521 -0.127797 -0.503435 0.854530 -0.731328 -0.038312 0.680949 0.076348 -0.986296 -0.146255 -0.996668 -0.073840 0.034641 -0.645947 -0.758753 0.083941 -0.653682 -0.756073 -0.032466 0.759790 -0.643661 -0.091753 0.997173 0.073367 0.016208 0.654347 0.747456 0.114622 -0.070025 0.986748 0.146372 -0.753713 0.650614 0.092836 -0.070025 0.986748 0.146372 
						0.690808 -0.227142 0.686433 -0.998224 -0.047796 -0.035551 0.017992 0.365349 -0.930697 -0.893867 -0.398784 -0.204873 -0.039757 0.517495 -0.854762 -0.428732 -0.096908 -0.898219 -0.247320 0.631386 -0.734972 0.429220 0.530301 -0.731130 -0.243035 0.820637 -0.517193 0.556801 0.681847 -0.474402 -0.142665 0.935481 -0.323298 -0.646390 -0.723758 -0.241566 0.074963 -0.975569 -0.206508 -0.074118 0.975537 0.206964 -0.673165 -0.739111 0.023737 0.049863 -0.998745 0.004726 -0.703362 -0.628859 0.331389 -0.509721 0.731935 -0.452168 -0.765356 -0.125246 0.631304 0.665472 -0.313764 0.677274 0.665472 -0.313764 0.677274 -0.997836 0.060221 -0.026396 -0.821841 -0.194246 0.535580 -0.288936 0.953417 -0.086670 -0.711584 0.543186 0.445642 -0.138032 0.973346 0.183151 0.095262 -0.871470 -0.481107 0.095262 -0.871470 -0.481107 -0.746274 0.195998 0.636129 0.652295 0.268511 0.708811 0.067251 -0.335830 -0.939519 -0.003050 -0.846828 0.531858 -0.682795 -0.721383 0.115750 -0.994841 -0.053811 -0.085993 0.023883 -0.968179 0.249116 -0.060444 -0.917775 0.392474 -0.027467 -0.999620 0.002244 -0.024784 -0.923372 0.383104 0.498861 0.012314 0.866595 0.863877 -0.020540 0.503283 0.863889 0.020541 0.503263 -0.029961 0.483400 -0.874887 -0.002732 0.127728 -0.991805 -0.010546 0.490966 -0.871115 -0.498872 0.012318 0.866588 -0.863888 -0.020545 0.503265 -0.498863 -0.012307 0.866593 -0.060728 -0.998097 -0.010728 -0.020930 -0.999781 -0.000006 -0.020928 -0.999724 -0.010633 0.040218 0.615335 0.787239 0.024783 0.923373 0.383102 0.016234 0.627416 0.778515 0.999495 -0.028295 -0.014449 0.999601 0.028254 0.000042 0.999495 0.028286 -0.014461 -0.999495 -0.028323 -0.014434 -0.923711 0.026264 -0.382188 -0.999494 0.028331 -0.014448 -0.060738 0.998096 -0.010724 -0.020266 0.956401 -0.291352 -0.020928 0.999725 -0.010624 0.060728 0.998097 -0.010728 0.020930 0.999781 -0.000006 
						0.020928 0.999725 -0.010627 -0.092509 -0.002652 -0.995708 -0.125118 0.003259 -0.992136 -0.092521 0.002650 -0.995707 0.923713 -0.026265 -0.382183 0.060740 -0.998096 -0.010723 0.020254 -0.956412 -0.291319 0.020928 -0.999725 -0.010630 0.007735 -0.124768 -0.992156 0.004165 -0.168608 -0.985674 0.002736 -0.127729 -0.991805 0.381920 0.010908 -0.924131 0.092520 -0.002654 -0.995707 0.381916 -0.010920 -0.924133 -0.007735 0.124768 -0.992156 -0.004165 0.168609 -0.985674 -0.000157 -0.002273 0.999997 -0.016239 -0.627416 0.778515 -0.000091 -0.003871 0.999993 0.092514 0.002639 -0.995708 0.125108 -0.003246 -0.992138 0.029962 -0.483403 -0.874885 0.010518 -0.490933 -0.871134 -0.381926 -0.010911 -0.924128 -0.381920 0.010922 -0.924131 -0.039988 0.610892 -0.790703 -0.024735 0.921731 -0.387041 -0.016116 0.622892 -0.782142 0.010594 -0.163523 -0.986483 0.016114 -0.622931 -0.782111 -0.010594 0.163524 -0.986482 -0.000072 0.003871 0.999993 -0.003506 -0.000076 0.999994 -0.040186 -0.615367 0.787216 -0.999711 -0.023152 0.006522 -0.999732 0.023141 -0.000001 -0.999732 -0.023145 -0.000009 -0.503350 -0.012426 -0.863993 -0.503339 0.012461 -0.863999 -0.866436 0.020627 -0.498862 -0.866434 -0.020644 -0.498865 -0.999718 0.023113 -0.005483 0.060443 0.917775 0.392473 0.027465 0.999612 0.004638 0.003505 -0.000087 0.999994 0.003548 0.000083 0.999994 0.027465 0.999612 0.004638 0.066062 0.997815 -0.000001 0.027473 0.999623 0.000000 0.503345 0.012438 -0.863996 0.866434 -0.020633 -0.498864 0.503347 -0.012445 -0.863995 0.125077 0.003211 -0.992142 0.998832 0.046528 0.013067 -0.060424 0.916117 -0.396331 -0.027470 0.999614 -0.004029 0.055425 -0.991953 -0.113827 -0.026820 -0.992715 0.117465 0.046828 -0.991191 0.123887 0.060417 -0.916114 -0.396340 0.027449 -0.999621 -0.001967 0.024734 -0.921731 -0.387041 0.999718 0.023103 -0.005494 0.999718 -0.023107 -0.005478 
						0.039988 -0.610894 -0.790702 0.000123 0.002276 0.999997 0.000090 0.003870 0.999993 -0.999712 0.023129 0.006474 -0.999711 -0.023152 0.006522 -0.058372 0.953932 -0.294289 -0.407628 0.913059 -0.012756 -0.381476 0.854109 -0.353518 -0.784335 0.620159 -0.014848 -0.717886 0.567445 -0.403294 -0.058371 -0.953929 -0.294301 -0.407619 -0.913063 -0.012762 -0.381476 -0.854108 -0.353518 -0.784349 -0.620142 -0.014846 -0.923712 -0.026262 -0.382187 -0.999495 -0.028323 -0.014434 -0.161974 0.362097 -0.917960 -0.038809 0.086755 -0.995474 -0.272534 0.215338 -0.937739 -0.063925 0.050509 -0.996676 -0.007728 -0.124771 -0.992155 -0.161972 -0.362094 -0.917961 -0.029962 -0.483402 -0.874885 -0.038802 -0.086758 -0.995473 -0.272562 -0.215295 -0.937741 -0.092509 -0.002652 -0.995708 -0.381926 -0.010911 -0.924128 0.923713 0.026261 -0.382183 0.784336 0.620158 -0.014850 0.717888 0.567442 -0.403295 0.381476 0.854109 -0.353516 0.407629 0.913059 -0.012757 0.058371 0.953933 -0.294286 0.272562 0.215295 -0.937741 0.063924 0.050512 -0.996676 0.038808 0.086755 -0.995474 0.161973 0.362095 -0.917961 0.007734 0.124767 -0.992156 0.058370 -0.953929 -0.294301 0.407629 -0.913059 -0.012763 0.381477 -0.854108 -0.353519 0.784336 -0.620159 -0.014851 0.717885 -0.567441 -0.403300 0.161974 -0.362096 -0.917960 0.038809 -0.086754 -0.995474 0.272535 -0.215337 -0.937739 0.063925 -0.050509 -0.996676 -0.060772 -0.998152 0.000197 -0.407645 -0.913140 0.000612 -0.784439 -0.620205 0.000698 -0.999601 -0.028260 0.000042 -0.060723 0.998155 0.000055 -0.407644 0.913141 0.000591 -0.999601 0.028253 0.000278 0.999601 -0.028260 0.000278 0.784440 -0.620205 0.000708 0.407645 -0.913140 0.000598 0.060772 -0.998152 0.000068 0.407645 0.913140 0.000611 0.060723 0.998155 0.000196 -0.048756 0.108493 -0.992901 -0.199207 0.442868 -0.874177 -0.079759 0.063233 -0.994807 -0.335327 0.266381 -0.903657 
						-0.039992 -0.610895 -0.790701 -0.048754 -0.108492 -0.992901 -0.010596 -0.163522 -0.986483 -0.199204 -0.442869 -0.874177 -0.079760 -0.063231 -0.994807 -0.503350 -0.012426 -0.863993 -0.125081 -0.003218 -0.992141 -0.351176 0.779930 -0.518059 -0.637984 0.507607 -0.579061 -0.060423 -0.916116 -0.396334 -0.351175 -0.779930 -0.518060 -0.335331 -0.266372 -0.903659 -0.866434 -0.020644 -0.498865 -0.066067 0.997807 -0.004130 -0.410842 0.911688 -0.005846 -0.782210 0.622977 -0.006813 -0.054345 -0.998521 -0.001333 -0.410828 -0.911694 -0.005850 -0.637985 -0.507607 -0.579060 -0.999718 -0.023080 -0.005507 -0.000234 -0.000573 1.000000 -0.199894 -0.445534 0.872664 -0.000442 -0.000363 1.000000 -0.335326 -0.266811 0.903531 -0.040215 0.615334 0.787240 -0.000268 0.000561 1.000000 -0.000168 0.002272 0.999997 -0.199893 0.445537 0.872662 -0.000446 0.000358 1.000000 -0.003547 0.000087 0.999994 -0.351383 -0.781687 0.515262 -0.638083 -0.508052 0.578561 -0.060446 0.917777 0.392468 -0.351378 0.781689 0.515263 -0.335323 0.266811 0.903532 -0.863877 0.020535 0.503283 -0.054334 -0.998522 0.001471 -0.410688 -0.911751 0.006706 -0.782309 -0.622839 0.007938 -0.066067 0.997804 0.004751 -0.410685 0.911752 0.006709 -0.638084 0.508045 0.578566 0.079759 0.063233 -0.994807 0.335331 0.266376 -0.903658 0.199201 0.442868 -0.874178 0.048753 0.108493 -0.992901 0.039994 0.610897 -0.790700 0.866426 0.020632 -0.498879 0.637985 0.507609 -0.579059 0.351177 0.779930 -0.518058 0.060421 0.916116 -0.396335 0.782227 0.622955 -0.006861 0.410852 0.911683 -0.005843 0.066093 0.997805 -0.004112 0.000451 0.000352 1.000000 0.199896 0.445535 0.872663 0.000255 0.000566 1.000000 0.335325 0.266813 0.903531 0.351379 0.781688 0.515263 0.638087 0.508044 0.578564 0.410667 0.911761 0.006713 0.066064 0.997804 0.004752 0.048757 -0.108492 -0.992901 0.199208 -0.442868 -0.874176 
						0.079758 -0.063232 -0.994807 0.335327 -0.266381 -0.903658 0.351174 -0.779930 -0.518059 0.637985 -0.507607 -0.579060 0.054346 -0.998521 -0.001332 0.410843 -0.911687 -0.005849 0.782217 -0.622968 -0.006864 0.040215 -0.615332 0.787242 0.000270 -0.000561 1.000000 0.000168 -0.002272 0.999997 0.199894 -0.445535 0.872663 0.000446 -0.000358 1.000000 0.498877 -0.012310 0.866586 0.060447 -0.917777 0.392469 0.351379 -0.781689 0.515261 0.335326 -0.266811 0.903531 0.054314 -0.998523 0.001488 0.410688 -0.911751 0.006708 0.638087 -0.508043 0.578564 0.998833 -0.046510 0.013051 0.998833 -0.046510 0.013051 0.782340 -0.622851 -0.000008 0.999601 -0.028228 -0.000008 0.782313 -0.622834 0.007938 0.410770 -0.911739 -0.000011 0.054314 -0.998523 0.001488 0.049091 -0.998794 -0.000945 -0.999733 -0.023115 0.000001 -0.782241 -0.622938 -0.006857 -0.782268 -0.622942 0.000008 -0.410828 -0.911694 -0.005850 -0.410802 -0.911725 0.000003 -0.049372 -0.998780 0.000901 -0.066082 0.997814 0.000000 -0.410842 0.911688 -0.005846 -0.410848 0.911704 -0.000005 -0.782268 0.622942 -0.000005 -0.782210 0.622977 -0.006813 -0.999733 0.023102 0.000014 0.999733 0.023117 0.000001 0.782227 0.622955 -0.006861 0.782267 0.622944 -0.000023 0.410852 0.911683 -0.005843 0.410847 0.911704 -0.000004 0.066033 0.997817 0.000005 -0.063931 -0.050498 -0.996676 0.010595 0.163524 -0.986482 -0.999601 -0.028260 0.000042 0.027240 -0.999627 0.002046 0.027449 -0.999621 -0.001967 0.049381 -0.998780 0.000603 0.004620 -0.999989 -0.000379 -0.001632 -0.999999 0.000276 0.004703 -0.999989 -0.000385 -0.030117 -0.999545 -0.001685 -0.030767 -0.999523 -0.002695 -0.029426 -0.999565 -0.002183 -0.024734 -0.921731 -0.387041 -0.016116 -0.622931 -0.782111 -0.000001 -0.920663 -0.390358 0.000001 -0.619383 -0.785089 -0.027464 -0.999621 -0.001967 0.000001 -0.999993 -0.003851 0.024784 -0.923372 0.383104 
						0.016238 -0.627416 0.778515 -0.000000 -0.922311 0.386448 0.000000 -0.623923 0.781486 -0.004165 -0.168608 -0.985674 0.000001 -0.167111 -0.985938 -0.002736 -0.127729 -0.991805 -0.010546 -0.490967 -0.871114 0.000004 -0.126614 -0.991952 0.000000 -0.487714 -0.873003 0.000081 -0.003871 0.999993 -0.000003 -0.003852 0.999993 -0.020255 -0.956410 -0.291324 0.000000 -0.955869 -0.293794 0.000003 -0.999942 -0.010749 0.020930 -0.999781 -0.000006 0.000000 -1.000000 -0.000005 0.027460 -0.999620 0.002244 -0.000003 -0.999990 0.004379 -0.016236 0.627455 0.778483 0.000000 0.623922 0.781487 0.000003 0.003859 0.999993 0.027473 0.999614 -0.004029 0.024735 0.921750 -0.386995 0.000001 0.999992 -0.004044 -0.000001 0.920644 -0.390403 -0.066062 0.997815 -0.000007 -0.027809 0.999603 0.004638 -0.027473 0.999623 0.000000 -0.000000 0.999989 0.004660 -0.000000 1.000000 0.000000 -0.027809 0.999603 0.004638 -0.024781 0.923374 0.383102 -0.000000 0.999989 0.004660 -0.000000 0.922331 0.386400 0.016118 0.622931 -0.782110 0.004165 0.168608 -0.985674 0.000001 0.619384 -0.785088 -0.000000 0.167161 -0.985929 0.002722 0.127729 -0.991805 -0.000019 0.126614 -0.991952 -0.020930 0.999781 -0.000006 0.000000 1.000000 -0.000005 0.000003 0.999942 -0.010749 0.020254 0.956413 -0.291313 -0.000000 0.955883 -0.293747 0.029962 0.483401 -0.874886 0.010612 0.491028 -0.871079 0.000000 0.487714 -0.873003 -0.000000 1.000000 0.000000 0.027473 0.999614 -0.004029 0.000001 0.999992 -0.004044 0.027473 0.999623 0.000000 -0.027470 0.999614 -0.004029 -0.027473 0.999623 0.000000 -0.066067 0.997807 -0.004130 -0.027797 -0.999613 0.001027 -0.027517 -0.999619 0.002177 -0.036354 -0.999339 -0.000270 0.000000 -1.000000 0.000093 -0.036350 -0.999339 -0.000267 0.030868 -0.999520 -0.002791 0.027574 -0.999619 -0.001121 0.027515 -0.999618 -0.002488 0.036117 -0.999341 0.003555 
						0.000000 -0.999998 0.001798 0.036097 -0.999342 0.003550 0.410771 0.911739 -0.000005 0.066064 0.997804 0.004752 0.410667 0.911761 0.006713 0.782315 0.622832 0.007936 0.782309 0.622890 -0.000003 0.998832 0.046528 0.013067 0.999601 0.028252 -0.000005 -0.782340 0.622851 -0.000018 -0.999712 0.023129 0.006474 -0.782318 0.622829 0.007936 -0.410771 0.911739 -0.000006 -0.410685 0.911752 0.006709 -0.066067 0.997804 0.004751 -0.410771 -0.911739 -0.000005 -0.054334 -0.998522 0.001471 -0.410688 -0.911751 0.006706 -0.049050 -0.998796 -0.000975 -0.782309 -0.622839 0.007938 -0.782340 -0.622852 -0.000003 -0.999711 -0.023152 0.006522 -0.999732 -0.023145 -0.000009 0.410843 -0.911687 -0.005849 0.054346 -0.998521 -0.001332 0.410847 -0.911704 -0.000005 0.782299 -0.622904 -0.000003 0.782217 -0.622968 -0.006864 0.999733 -0.023104 0.000001 0.999718 -0.023107 -0.005478 -0.030110 -0.999545 0.001573 -0.030740 -0.999525 0.002292 -0.031567 -0.999500 0.002017 -0.027467 -0.999620 0.002244 0.999718 0.023103 -0.005494 0.066093 0.997805 -0.004112 -0.999733 -0.023115 0.000001 -0.999718 0.023113 -0.005483 -0.999718 -0.023080 -0.005507 0.021754 -0.999761 -0.001961 0.030817 -0.999521 -0.002796 0.031090 -0.999513 -0.002785 0.029423 -0.999562 -0.003137 0.036258 -0.999342 -0.000263 0.000000 -1.000000 0.000093 -0.000000 -1.000000 -0.000341 0.041687 -0.999130 -0.000887 0.041459 -0.999139 -0.001468 0.041987 -0.999118 -0.001032 0.041431 -0.999140 -0.001467 0.004703 -0.999989 -0.000385 0.025598 -0.999672 -0.000081 0.028984 -0.999578 -0.001996 0.025549 -0.999674 -0.000003 0.027975 -0.999605 -0.002511 0.025589 -0.999672 0.000056 0.030877 -0.999520 0.002388 0.028037 -0.999606 0.001269 0.029384 -0.999566 0.001983 0.027851 -0.999610 0.002143 0.021281 -0.999624 0.017286 -0.001632 -0.999999 0.000276 -0.001646 -0.999999 0.000248 0.036579 -0.999242 0.013284 
						0.021418 -0.999621 0.017271 0.021281 -0.999624 0.017286 0.036579 -0.999242 0.013284 0.036268 -0.999250 0.013566 0.021782 -0.999761 0.001684 0.031210 -0.999510 0.002384 0.021772 -0.999762 0.001680 0.030741 -0.999524 0.002413 0.029377 -0.999565 0.002573 -0.025572 -0.999673 -0.000041 -0.030868 -0.999520 -0.002791 -0.027661 -0.999617 -0.001174 -0.028307 -0.999596 -0.002558 -0.004716 -0.999989 -0.000385 0.001632 -0.999999 0.000276 0.001646 -0.999999 0.000245 -0.041827 -0.999124 -0.000948 -0.041555 -0.999135 -0.001464 -0.041334 -0.999144 -0.001471 -0.041987 -0.999118 -0.001032 -0.021754 -0.999761 -0.001960 -0.021777 -0.999761 -0.001960 -0.030772 -0.999523 -0.002811 -0.027515 -0.999618 -0.002488 -0.029423 -0.999562 -0.003137 -0.021783 -0.999761 0.001683 -0.030878 -0.999520 0.002372 -0.029378 -0.999565 0.002574 -0.036073 -0.999343 0.003515 -0.000000 -0.999998 0.001898 -0.036444 -0.999246 0.013420 -0.021420 -0.999620 0.017318 -0.036269 -0.999250 0.013566 -0.021561 -0.999617 0.017339 0.001632 -0.999999 0.000276 -0.021420 -0.999620 0.017318 -0.025645 -0.999671 0.000135 -0.029383 -0.999566 0.001981 -0.025560 -0.999673 0.000008 -0.030877 -0.999520 0.002389 -0.027850 -0.999610 0.002141 0.031909 -0.999488 -0.002516 0.021776 -0.999761 -0.001964 0.021696 -0.999763 -0.001949 0.998938 0.043757 -0.014430 0.537322 -0.383059 -0.751366 0.564278 -0.003334 -0.825578 0.030444 -0.999535 -0.001761 0.031909 -0.999488 -0.002516 0.030444 -0.999535 -0.001761 0.025429 -0.999677 0.000036 0.025787 -0.999668 0.000076 0.025557 -0.999673 0.000006 0.030445 -0.999535 0.001632 0.031382 -0.999506 0.001970 0.021740 -0.999762 0.001675 -0.000000 -0.999998 0.001763 0.000001 -0.999993 -0.003851 -0.025794 -0.999667 -0.000079 -0.031495 -0.999501 -0.002273 -0.021745 -0.999762 -0.001953 -0.021745 -0.999762 -0.001953 -0.021741 -0.999762 0.001675 -0.030110 -0.999545 0.001573 
						-0.025330 -0.999679 -0.000067 -0.082049 -0.001492 -0.996627 -0.501880 -0.195849 -0.842472 -0.075892 -0.150357 -0.985714 0.036258 -0.999342 -0.000263 0.036302 -0.999341 -0.000270 0.030445 -0.999535 0.001632 -0.025506 -0.999675 0.000017 -0.031567 -0.999500 0.002017 -0.021773 -0.999762 0.001681 -0.041334 -0.999144 -0.001471 -0.004702 -0.999989 -0.000382 -0.004716 -0.999989 -0.000385 -0.036072 -0.999343 0.003499 -0.036073 -0.999343 0.003515 -0.039152 -0.998426 0.040167 -0.000000 -0.999076 -0.042973 0.000005 -0.999234 0.039143 0.218376 -0.017084 -0.975715 0.036611 -0.370681 -0.928039 0.023884 -0.008937 -0.999675 -0.023880 -0.008907 0.999675 0.000009 -0.369733 0.929138 0.000000 -0.007280 0.999973 0.023911 -0.008883 0.999675 0.036600 -0.371075 0.927881 -0.048949 -0.996764 -0.063767 -0.069247 -0.997030 0.033712 -0.079971 -0.996789 0.004045 -0.407294 -0.102232 -0.907557 -0.590203 -0.323973 -0.739393 -0.348348 -0.299141 -0.888351 0.037390 -0.999300 0.001081 -0.044586 -0.999005 -0.000449 -0.044606 -0.999004 0.000466 -0.026498 -0.996351 0.081137 -0.079987 -0.996786 -0.004318 0.054105 -0.997447 0.046614 0.040876 -0.998289 -0.041813 0.069104 -0.997030 -0.033994 -0.564251 -0.003103 -0.825597 -0.222624 -0.375755 -0.899582 -0.537233 -0.383464 -0.751223 0.048976 -0.996784 0.063431 0.080020 -0.996784 -0.004405 -0.218372 -0.017037 0.975717 -0.036603 -0.370978 0.927920 -0.218378 -0.017069 -0.975715 -0.036611 -0.370726 -0.928020 0.026344 -0.996389 0.080720 0.044587 -0.999005 0.000449 -0.054308 -0.997421 -0.046933 -0.040874 -0.998287 0.041856 -0.998937 0.043771 0.014471 -0.537244 -0.383597 0.751147 -0.564268 -0.003424 0.825585 0.026132 -0.996446 -0.080083 0.044559 -0.999007 -0.000454 0.080027 -0.996783 0.004474 -0.025568 -0.996447 -0.080251 -0.026896 -0.100762 -0.994547 -0.000008 -0.302538 -0.953137 0.000000 -0.099157 -0.995072 0.998937 0.043782 0.014427 
						0.939875 -0.341265 -0.013139 -0.511111 -0.367899 0.776798 -0.941925 -0.335815 0.002423 -0.999999 -0.001053 0.000818 0.174191 -0.107137 -0.978866 0.008197 -0.301433 -0.953452 0.143281 -0.298320 -0.943650 0.222640 -0.375762 -0.899575 0.010128 -0.492664 0.870161 -0.000001 -0.302259 0.953226 -0.008198 -0.301104 0.953556 0.941902 -0.335879 0.002434 0.506531 -0.369164 0.779195 0.999999 -0.001082 0.000826 -0.222603 -0.375984 0.899491 0.026890 -0.100767 -0.994547 0.267085 -0.423801 0.865481 0.142440 -0.297766 0.943953 0.093774 -0.459195 0.883372 0.580171 -0.323140 0.747651 0.348848 -0.299459 0.888048 -0.144005 -0.297865 -0.943684 -0.174532 -0.107150 -0.978804 -0.094276 -0.459097 0.883369 -0.143090 -0.297727 0.943866 0.409153 -0.102201 -0.906724 0.576772 -0.322212 -0.750675 0.638270 -0.087318 -0.764844 -0.010124 -0.492625 0.870183 -0.000001 -0.498449 0.866919 -0.653727 -0.085839 -0.751846 -0.941941 -0.335768 -0.002411 0.008183 -0.301106 0.953556 0.564247 -0.003125 0.825600 0.222630 -0.376342 0.899334 0.537232 -0.383412 0.751250 -0.998937 0.043767 -0.014438 -0.939495 -0.342310 0.013120 -0.048944 -0.996779 0.063526 -0.069101 -0.997027 -0.034105 -0.054081 -0.997452 0.046526 0.939885 -0.341240 0.013122 -0.023878 -0.008937 -0.999675 0.000001 -0.369457 -0.929248 -0.266939 -0.423837 0.865509 -0.078043 -0.518233 0.851671 -0.094276 -0.459097 0.883369 -0.939496 -0.342306 -0.013168 0.054121 -0.997436 -0.046816 0.040881 -0.998288 0.041822 0.039168 -0.998426 -0.040153 0.349831 -0.299524 -0.887639 -0.040885 -0.998287 -0.041860 -0.037379 -0.999301 -0.001033 -0.266939 -0.423837 0.865509 -0.584239 -0.323428 0.744351 0.000002 -0.999075 0.043007 -0.000004 -0.999235 -0.039100 0.039150 -0.998426 0.040167 0.000000 -0.007268 -0.999974 0.049033 -0.996785 -0.063371 0.069170 -0.997030 0.033866 -0.039158 -0.998426 -0.040162 0.941924 -0.335817 -0.002415 
						-0.999991 -0.001149 -0.004117 -0.348675 -0.299260 0.888183 0.022241 -0.839453 -0.542977 -0.008194 -0.301383 -0.953468 -0.039043 -0.840394 -0.540567 -0.106678 -0.836593 -0.537338 -0.038659 -0.840354 0.540658 -0.106825 -0.836675 0.537181 0.022204 -0.839288 0.543233 0.038393 -0.840548 -0.540375 0.108097 -0.836429 -0.537310 -0.022219 -0.839482 -0.542932 -0.022220 -0.839300 0.543214 0.038312 -0.840466 0.540508 0.106846 -0.836849 0.536906 -0.000005 -0.840088 -0.542450 -0.000001 -0.839910 0.542725 -0.547245 -0.836971 -0.001411 -0.230784 -0.876285 -0.422923 -0.037390 -0.999300 0.001075 -0.228870 -0.875306 0.425978 -0.547271 -0.836954 0.001410 0.546838 -0.837237 -0.001487 0.228787 -0.873792 -0.429120 0.037387 -0.999300 -0.001057 0.546838 -0.837237 0.001460 0.227452 -0.874748 0.427881 0.046036 -0.839355 0.541631 0.164907 -0.837281 0.521312 0.336672 -0.845137 0.415205 0.336959 -0.844831 -0.415596 0.540583 -0.841262 -0.006949 0.165015 -0.836764 -0.522108 0.046043 -0.839005 -0.542172 -0.336522 -0.845376 0.414840 -0.539415 -0.842012 0.006931 -0.164964 -0.836939 0.521844 -0.046024 -0.839211 0.541855 -0.046043 -0.839004 -0.542174 -0.165021 -0.836736 -0.522150 -0.336767 -0.845100 -0.415204 0.000002 -0.839443 0.543448 0.540620 -0.841238 0.006948 -0.000005 -0.839201 -0.543821 -0.539427 -0.842004 -0.006913 0.218375 -0.016920 0.975718 -0.026896 -0.100762 -0.994547 0.000010 -0.116422 -0.993200 -0.026611 -0.118058 -0.992650 0.409153 -0.102201 -0.906724 0.173679 -0.124693 -0.976876 0.174191 -0.107137 -0.978866 -0.511111 -0.367899 0.776798 -0.239240 -0.488144 0.839333 0.015314 -0.553410 0.832768 0.010128 -0.492664 0.870161 0.093774 -0.459195 0.883372 -0.015316 -0.553629 0.832623 0.077560 -0.518585 0.851501 0.000010 -0.559869 0.828581 -0.000001 -0.498449 0.866919 -0.999991 -0.001149 -0.004117 -0.651981 -0.099640 -0.751660 -0.999449 -0.032991 0.003602 
						0.267085 -0.423801 0.865481 0.239166 -0.488626 0.839073 0.638270 -0.087318 -0.764844 0.409222 -0.120328 -0.904466 0.026599 -0.118094 -0.992646 0.026890 -0.100767 -0.994547 0.999991 -0.001182 -0.004170 0.999513 -0.030180 0.007911 0.999542 -0.030125 0.002932 0.000000 -0.099157 -0.995072 0.999999 -0.001082 0.000826 0.458262 -0.441260 0.771547 -0.999999 -0.001053 0.000818 -0.463549 -0.439596 0.769336 -0.010124 -0.492625 0.870183 0.637016 -0.103508 -0.763870 -0.999416 -0.033090 0.008510 0.506531 -0.369164 0.779195 0.458262 -0.441260 0.771547 -0.407294 -0.102232 -0.907557 -0.174064 -0.124765 -0.976799 -0.406730 -0.119010 -0.905763 -0.653727 -0.085839 -0.751846 0.042894 -0.972677 0.228168 0.018830 -0.921505 -0.387910 0.042957 -0.973372 0.225169 0.018830 -0.921505 -0.387910 0.042828 -0.972470 0.229060 -0.053381 -0.900067 -0.432469 -0.053381 -0.900067 -0.432469 0.043004 -0.972179 0.230257 -0.151261 -0.800432 0.580025 0.042806 -0.972383 0.229433 0.008876 -0.785844 0.618361 -0.151261 -0.800432 0.580025 0.040235 -0.826682 0.561230 0.008876 -0.785844 0.618361 0.040235 -0.826682 0.561230 -0.044236 -0.972382 0.229165 0.053237 -0.897224 -0.438355 0.270431 -0.890146 -0.366753 0.053237 -0.897224 -0.438355 0.270431 -0.890146 -0.366753 -0.044290 -0.972601 0.228222 -0.018908 -0.920311 -0.390729 -0.018908 -0.920311 -0.390729 -0.044394 -0.972088 0.230380 -0.040280 -0.827817 0.559551 -0.044463 -0.971433 0.233111 -0.040280 -0.827817 0.559551 0.149968 -0.802560 0.577414 -0.008834 -0.787565 0.616168 -0.008834 -0.787565 0.616168 -0.000129 -0.925894 -0.377784 0.000277 -0.974066 0.226262 -0.000129 -0.925894 -0.377784 0.000086 -0.836252 0.548345 0.000086 -0.836252 0.548345 0.043097 -0.971539 0.232927 0.000135 -0.972631 0.232357 -0.044321 -0.973350 0.225001 0.491126 -0.848783 0.195864 0.488919 -0.848083 0.204236 -0.484658 -0.850523 0.204249 
						-0.486910 -0.851023 0.196666 0.034373 -0.972756 0.229268 -0.262373 -0.887087 -0.379787 -0.262373 -0.887087 -0.379787 0.034357 -0.972731 0.229379 -0.486910 -0.851023 0.196666 -0.484658 -0.850523 0.204249 -0.035575 -0.972683 0.229395 0.491126 -0.848783 0.195864 -0.035556 -0.972661 0.229490 0.149968 -0.802560 0.577414 0.488919 -0.848083 0.204236 0.488919 -0.848083 0.204236 -0.174532 -0.107150 -0.978804 -0.401968 -0.473171 -0.783920 -0.750742 -0.353834 -0.557842 -0.400788 -0.474416 -0.783772 -0.751364 -0.352511 -0.557843 -0.967186 -0.159687 -0.197616 -0.967236 -0.158704 -0.198163 -0.972390 0.069154 0.222882 -0.972629 0.069797 0.221635 -0.761437 0.270392 0.589153 -0.762437 0.270830 0.587658 -0.408545 0.398955 0.820929 -0.409907 0.399637 0.819918 -0.000318 0.441644 0.897191 0.409722 0.399610 0.820024 0.408210 0.399022 0.821064 0.762426 0.270689 0.587736 0.761466 0.270220 0.589195 0.972627 0.069605 0.221700 0.967218 -0.158893 -0.198095 0.972372 0.068964 0.223018 0.751299 -0.352710 -0.557804 0.967167 -0.159880 -0.197553 0.750743 -0.353962 -0.557760 0.401713 -0.473342 -0.783948 0.400463 -0.474442 -0.783922 0.040152 -0.972379 0.229928 0.040711 -0.972071 0.231129 -0.000216 -0.512730 -0.858550 -0.000232 -0.513622 -0.858016 -0.000216 -0.512730 -0.858550 -0.041972 -0.971975 0.231306 -0.041392 -0.972295 0.230061 0.000022 -0.977925 0.208955 -0.209379 -0.944683 -0.252457 -0.000006 -0.955947 -0.293541 -0.000006 -0.955947 -0.293541 -0.003595 -0.977685 0.210046 -0.392215 -0.910516 -0.130877 -0.209379 -0.944683 -0.252457 -0.004368 -0.977465 0.211053 -0.517202 -0.853569 0.062629 -0.392215 -0.910516 -0.130877 -0.005472 -0.976970 0.213306 -0.549682 -0.778205 0.303720 -0.517202 -0.853569 0.062629 -0.005454 -0.976415 0.215835 -0.464550 -0.697756 0.545280 -0.549682 -0.778205 0.303720 -0.004350 -0.975920 0.218086 -0.266788 -0.634380 0.725525 
						-0.464550 -0.697756 0.545280 -0.002452 -0.975573 0.219663 0.000010 -0.610202 0.792246 -0.266788 -0.634380 0.725525 -0.000201 0.442497 0.896770 0.002467 -0.975566 0.219692 -0.000014 -0.975447 0.220234 0.266787 -0.634393 0.725513 0.000010 -0.610202 0.792246 0.004409 -0.975908 0.218136 0.266787 -0.634393 0.725513 0.464558 -0.697761 0.545267 0.005453 -0.976415 0.215834 0.464558 -0.697761 0.545267 0.549681 -0.778206 0.303721 0.005472 -0.976970 0.213306 0.549681 -0.778206 0.303721 0.517201 -0.853570 0.062625 0.004367 -0.977465 0.211052 0.517201 -0.853570 0.062625 0.392243 -0.910500 -0.130900 0.003592 -0.977683 0.210055 0.392243 -0.910500 -0.130900 0.209378 -0.944682 -0.252461 0.209378 -0.944682 -0.252461 -0.000006 -0.955947 -0.293541 0.041600 -0.973104 0.226579 -0.002566 -0.961661 -0.274229 -0.181750 -0.954702 -0.235606 -0.181750 -0.954702 -0.235606 0.040624 -0.972950 0.227416 -0.360334 -0.925735 -0.114780 -0.360334 -0.925735 -0.114780 0.040106 -0.972688 0.228624 -0.483064 -0.871895 0.080303 -0.483064 -0.871895 0.080303 -0.512080 -0.796898 0.320511 -0.512080 -0.796898 0.320511 -0.423608 -0.712269 0.559669 -0.423608 -0.712269 0.559669 0.041659 -0.971828 0.231979 -0.228484 -0.642613 0.731330 -0.228484 -0.642613 0.731330 -0.000013 -0.972951 0.231011 -0.002949 -0.614986 0.788533 -0.002949 -0.614986 0.788533 0.224900 -0.645400 0.729985 -0.043055 -0.971735 0.232117 0.224900 -0.645400 0.729985 0.423048 -0.713825 0.558108 0.423048 -0.713825 0.558108 0.511965 -0.796832 0.320859 0.511965 -0.796832 0.320859 0.482844 -0.872004 0.080440 -0.041392 -0.972613 0.228714 0.482844 -0.872004 0.080440 0.359763 -0.926175 -0.113004 -0.041934 -0.972883 0.227465 0.359763 -0.926175 -0.113004 0.178726 -0.955632 -0.234146 -0.042959 -0.973035 0.226621 0.178726 -0.955632 -0.234146 0.000248 -0.973655 0.228027 -0.000232 -0.513622 -0.858016 
						-0.002566 -0.961661 -0.274229 0.002557 -0.016541 0.999860 -0.029174 0.016804 0.999433 0.002556 0.016528 0.999860 1.000000 -0.000007 -0.000000 1.000000 -0.000000 0.000000 0.002497 0.016955 -0.999853 0.047459 -0.017188 -0.998725 0.002500 -0.016917 -0.999854 0.056536 -0.991878 -0.113938 -0.091752 -0.992783 0.077226 0.057349 0.991891 -0.113416 0.046824 0.991191 0.123885 0.055425 0.991953 -0.113834 1.000000 0.000001 0.000000 1.000000 0.000008 0.000000 -0.326997 -0.018527 0.944844 -0.583201 0.019015 0.812105 -0.327022 0.018505 0.944836 0.047470 0.017200 -0.998725 0.353126 -0.018541 -0.935392 -0.029145 -0.016817 0.999434 -0.026817 0.992722 0.117405 0.056543 0.991873 -0.113980 0.102256 -0.981563 -0.161489 -0.154056 -0.982513 -0.104574 -0.148375 -0.987414 -0.054757 -0.091756 0.992782 0.077230 0.069315 0.989010 -0.130590 0.069309 -0.989003 -0.130648 0.353135 0.018537 -0.935389 0.629616 -0.018931 -0.776676 0.917138 -0.019417 -0.398096 0.981005 0.018445 -0.193106 0.981003 -0.018413 -0.193118 0.629574 0.018919 -0.776710 -0.919553 -0.020006 0.392456 -0.919544 0.019999 0.392478 -0.148434 0.987405 -0.054760 0.102252 0.981564 -0.161485 -0.497665 -0.866490 -0.039047 -0.499744 -0.865946 -0.019851 -0.981441 -0.018970 0.190821 -0.981441 0.018943 0.190824 -0.154067 0.982511 -0.104570 0.121199 0.980043 -0.157563 0.109740 0.001045 0.993960 0.018260 0.005784 0.999816 -0.070747 0.001062 0.997494 -0.499736 0.865950 -0.019849 -0.992355 0.017350 0.122189 -0.497637 0.866506 -0.039044 0.476252 -0.853848 -0.210064 0.998648 -0.016999 -0.049135 0.496707 -0.859387 -0.121397 -0.992356 -0.017355 0.122186 -0.981441 -0.018970 0.190821 1.000000 -0.000014 -0.000000 1.000000 -0.000067 0.000000 1.000000 -0.000012 -0.000000 1.000000 0.000025 0.000000 1.000000 0.000035 0.000000 1.000000 0.000000 0.000000 1.000000 0.000000 0.000000 
						1.000000 0.000000 0.000000 1.000000 0.000000 0.000000 1.000000 0.000000 0.000000 1.000000 0.000000 0.000000 1.000000 0.000000 0.000000 0.046937 0.819172 -0.571624 0.067663 0.819309 -0.569346 0.047477 -0.819142 -0.571623 0.067666 -0.819284 -0.569381 0.057609 -0.990764 0.122753 0.023411 -0.811653 0.583671 0.047677 -0.809527 0.585143 0.002557 -0.016541 0.999860 0.057521 0.990770 0.122741 0.023420 0.811665 0.583653 -0.173848 0.827502 0.533871 0.208544 0.825446 -0.524546 0.208553 -0.825443 -0.524547 -0.326997 -0.018527 0.944844 -0.173852 -0.827535 0.533818 0.333581 0.827552 -0.451533 0.333575 -0.827551 -0.451539 -0.336905 -0.841953 0.421438 -0.583200 -0.018995 0.812106 -0.336907 0.841945 0.421453 -0.479355 0.871579 0.102807 0.442488 0.846289 -0.296648 0.917147 0.019400 -0.398076 0.442480 -0.846289 -0.296658 -0.919553 -0.020006 0.392456 -0.479370 -0.871571 0.102802 0.121209 -0.980042 -0.157566 0.135207 0.984484 -0.111845 0.476307 0.853817 -0.210068 -0.145003 -0.985412 -0.089093 -0.145015 0.985410 -0.089092 0.998650 0.016995 -0.049092 0.057093 -0.991910 -0.113383 0.021710 0.004662 0.999753 0.135855 0.898875 0.416613 0.019894 0.005683 0.999786 0.442895 0.747584 0.494937 0.135207 0.984484 -0.111845 0.740630 0.010383 0.671833 0.496699 0.859393 -0.121381 0.021700 -0.004610 0.999754 0.135864 -0.898882 0.416597 0.442904 -0.747550 0.494981 0.135208 -0.984482 -0.111865 0.496707 -0.859387 -0.121397 0.109735 -0.001028 0.993960 0.740637 -0.010404 0.671825 0.998648 -0.016999 -0.049135 0.016339 -0.004793 0.999855 -0.118589 -0.892694 0.434780 0.018230 -0.005799 0.999817 -0.405083 -0.731365 0.548646 -0.145003 -0.985412 -0.089093 -0.070727 -0.001072 0.997495 -0.667210 -0.009951 0.744803 -0.497665 -0.866490 -0.039047 0.016370 0.004821 0.999854 -0.118562 0.892693 0.434790 -0.405079 0.731378 0.548632 
						-0.145015 0.985410 -0.089092 -0.497637 0.866506 -0.039044 -0.667241 0.009940 0.744775 -0.992355 0.017350 0.122189 0.019867 -0.005677 0.999786 0.998650 0.016995 -0.049092 -0.992356 -0.017355 0.122186 0.135208 -0.984482 -0.111865 -0.000002 0.309172 0.951006 0.432363 0.265185 0.861823 0.433809 0.276831 0.857423 0.781698 0.186211 0.595209 0.973905 0.046824 0.222073 0.974762 0.055260 0.216298 0.974763 -0.090082 -0.204263 0.975068 -0.099445 -0.198379 0.781701 -0.221030 -0.583171 0.434397 -0.327162 -0.839205 0.433810 -0.311653 -0.845388 0.000001 -0.343995 -0.938971 0.000001 -0.343995 -0.938971 -0.434410 -0.327160 -0.839199 -0.433807 -0.311654 -0.845389 -0.781701 -0.221032 -0.583171 -0.975067 -0.099443 -0.198381 -0.974763 -0.090082 -0.204261 -0.973905 0.046824 0.222072 -0.974762 0.055260 0.216297 -0.781699 0.186210 0.595209 0.772686 0.041442 0.633434 0.779942 0.176589 0.600422 -0.432360 0.265185 0.861825 -0.433811 0.276830 0.857423 0.000000 0.134018 0.990979 0.426130 -0.082402 0.900901 0.427976 0.110225 0.897044 -0.000000 -0.505650 -0.862739 -0.000008 -0.360811 -0.932639 -0.779949 0.176487 0.600443 -0.965296 -0.065585 0.252790 -0.772686 0.041442 0.633434 0.770619 -0.342090 -0.537700 0.782534 -0.233282 -0.577251 -0.770620 -0.342092 -0.537697 -0.965470 -0.199662 -0.167338 0.965296 -0.065583 0.252791 -0.000000 -0.505650 -0.862739 -0.423348 -0.459053 -0.781055 -0.000001 0.296632 0.954992 -0.428168 0.110246 0.896949 0.423348 -0.459054 -0.781055 0.965470 -0.199660 -0.167340 -0.782540 -0.233281 -0.577244 -0.951072 -0.241875 -0.192248 -0.768158 -0.158315 -0.620378 -0.960343 -0.162903 -0.226284 -0.409218 -0.409103 -0.815583 -0.752073 -0.330974 -0.569950 0.768075 -0.113372 0.630245 0.956628 -0.166585 0.238982 -0.956628 -0.166585 0.238981 0.951059 -0.241883 -0.192300 -0.768076 -0.113371 0.630244 0.752071 -0.330974 -0.569952 
						-0.426170 -0.082371 0.900885 0.409218 -0.409103 -0.815583 -0.000001 -0.072379 0.997377 0.000000 -0.440982 -0.897516 0.000000 -0.440982 -0.897516 0.961057 -0.176841 0.212359 0.964303 -0.093231 -0.247847 0.960334 -0.162958 -0.226282 -0.961054 -0.176880 0.212341 -0.770361 -0.195219 0.606987 0.768155 -0.158317 -0.620381 -0.427200 -0.210391 0.879338 0.424809 -0.161031 -0.890846 0.000002 -0.216307 0.976325 -0.000000 -0.163464 -0.986549 -0.000000 -0.163464 -0.986549 -0.424809 -0.161031 -0.890846 0.427215 -0.210341 0.879343 0.770361 -0.195098 0.607026 -0.430168 -0.316796 0.845338 -0.775200 -0.292477 0.559930 -0.429838 -0.368569 0.824255 -0.966165 -0.179278 0.185430 -0.775231 -0.259731 0.575810 0.770765 -0.019540 -0.636820 0.426289 0.028874 -0.904126 0.000002 -0.337380 0.941368 0.000000 0.045497 -0.998964 0.000000 0.045497 -0.998964 -0.426290 0.028874 -0.904126 0.430168 -0.316796 0.845338 -0.770766 -0.019542 -0.636818 0.775230 -0.259731 0.575811 -0.964315 -0.093243 -0.247797 0.966162 -0.179212 0.185512 -0.428107 0.110534 -0.896943 0.000002 0.394216 -0.919018 -0.433883 0.355175 -0.828008 0.428111 0.110514 -0.896944 0.000000 -0.395555 0.918442 -0.000011 0.135309 -0.990803 -0.000011 0.135309 -0.990803 0.429839 -0.368569 0.824254 -0.773178 0.039888 -0.632933 0.775198 -0.292479 0.559933 -0.966162 -0.064746 -0.249678 0.967015 -0.183623 0.176536 -0.967015 -0.183624 0.176534 0.966162 -0.064745 -0.249679 0.773178 0.039888 -0.632933 -0.000005 0.519940 -0.854203 -0.429549 0.221954 -0.875342 -0.429559 0.481286 -0.764096 -0.000000 -0.394231 0.919011 0.433883 -0.355187 0.828002 -0.781833 0.245790 -0.572997 0.781829 -0.245792 0.573001 -0.974929 0.087718 -0.204498 0.974928 -0.087721 0.204498 -0.974929 -0.087724 0.204496 0.974929 0.087720 -0.204498 -0.781830 -0.245791 0.573000 0.781832 0.245790 -0.572998 -0.433883 -0.355187 0.828003 
						0.433883 0.355175 -0.828007 0.000002 0.394216 -0.919018 0.433881 -0.355180 0.828007 0.781246 -0.281083 0.557357 0.781830 -0.245794 0.572998 -0.028319 -0.940224 -0.339376 -0.000005 -0.863606 -0.504167 0.053305 -0.868394 -0.493001 -0.000005 0.519940 -0.854203 0.429545 0.221964 -0.875342 0.000005 0.260632 -0.965438 -0.050941 -0.933094 -0.356005 0.096105 -0.881845 -0.461641 0.774011 0.372997 -0.511644 0.429548 0.481275 -0.764109 0.119814 -0.901270 -0.416362 -0.063605 -0.922775 -0.380053 0.965179 0.216490 -0.146838 0.774005 0.113650 -0.622897 0.119854 -0.922830 -0.366086 -0.063605 -0.911333 -0.406726 0.965175 -0.216507 0.146841 0.965175 -0.042834 -0.258074 0.000000 -0.891338 -0.453338 -0.053339 -0.955710 -0.289436 0.028328 -0.893888 -0.447395 0.774014 -0.113661 0.622883 0.965173 0.042826 0.258083 -0.028329 -0.893885 -0.447400 0.096135 -0.942261 -0.320783 0.053326 -0.955711 -0.289437 0.429550 -0.221957 0.875341 0.774008 -0.372988 0.511656 -0.051008 -0.901017 -0.430775 0.433882 0.355182 -0.828005 0.781253 0.210131 -0.587783 0.433557 0.319445 -0.842605 0.000000 0.358429 -0.933557 0.000001 0.394222 -0.919015 -0.781831 -0.245792 0.572998 -0.974202 -0.123129 0.189127 -0.781247 -0.281084 0.557355 0.974201 -0.123127 0.189136 0.974928 -0.087722 0.204502 0.781830 0.245794 -0.572998 0.974202 0.052176 -0.219562 -0.433881 0.355182 -0.828005 0.000000 0.358429 -0.933557 -0.433556 0.319446 -0.842605 -0.781250 0.210137 -0.587785 -0.781831 0.245794 -0.572998 -0.974201 0.052165 -0.219569 -0.974928 0.087722 -0.204499 -0.433882 -0.355179 0.828006 -0.000000 -0.429415 0.903107 -0.000001 -0.394217 0.919017 0.974927 0.087723 -0.204503 0.974665 -0.109009 0.195310 0.974666 0.066387 -0.213587 -0.974928 -0.087721 0.204501 -0.433561 -0.390412 0.812160 0.433545 -0.390415 0.812167 -0.000002 -0.985047 0.172284 0.237210 -0.963698 0.122550 
						-0.000000 -0.982254 -0.187557 0.093212 -0.973863 -0.207131 0.427409 -0.903901 -0.016867 0.167979 -0.950365 -0.261897 0.532968 -0.817485 -0.218319 0.209462 -0.916401 -0.341080 0.532952 -0.721567 -0.441931 0.209465 -0.878708 -0.428949 0.427389 -0.635171 -0.643348 0.167969 -0.844751 -0.508117 0.237196 -0.575325 -0.782776 0.093221 -0.821238 -0.562919 -0.000046 -0.553996 -0.832519 -0.000000 -0.812854 -0.582468 -0.000046 -0.553996 -0.832519 -0.237275 -0.575346 -0.782737 -0.093211 -0.821246 -0.562910 -0.427471 -0.635175 -0.643289 -0.167985 -0.844744 -0.508123 -0.532955 -0.721599 -0.441875 -0.209470 -0.878706 -0.428950 -0.532979 -0.817462 -0.218378 -0.209469 -0.916399 -0.341079 -0.427353 -0.903929 -0.016803 -0.167980 -0.950364 -0.261899 -0.237184 -0.963702 0.122564 -0.093211 -0.973863 -0.207130 0.051016 0.901031 0.430744 -0.119813 0.922835 0.366087 0.063688 0.911327 0.406727 0.028310 0.940224 0.339379 0.000010 0.863596 0.504185 0.000000 0.942803 0.333351 0.063503 0.922781 0.380055 -0.119847 0.901262 0.416370 -0.063504 0.922778 0.380062 0.119820 0.922832 0.366094 -0.063690 0.911323 0.406735 0.051014 0.933093 0.355999 -0.096104 0.881826 0.461678 -0.051018 0.901025 0.430757 0.096096 0.942257 0.320808 -0.053356 0.868384 0.493014 -0.028281 0.893896 0.447381 0.053341 0.955715 0.289420 0.000005 -0.960511 -0.278243 -0.000000 0.891337 0.453342 -0.000000 0.960504 0.278265 -0.051017 0.933087 0.356013 0.119857 0.901254 0.416383 -0.000000 0.891337 0.453342 -0.053347 0.955711 0.289431 0.028280 0.893889 0.447395 -0.096098 0.942261 0.320797 0.053339 0.868393 0.492999 0.096122 0.881826 0.461674 0.028319 -0.940238 -0.339339 -0.000005 -0.863606 -0.504167 -0.000000 -0.942789 -0.333391 -0.774012 0.372990 -0.511648 -0.774014 0.113691 -0.622877 0.050939 -0.933100 -0.355991 -0.053320 -0.868400 -0.492989 -0.965179 0.216495 -0.146831 
						-0.965178 -0.042798 -0.258071 -0.119811 -0.901272 -0.416358 -0.096109 -0.881845 -0.461641 -0.965175 -0.216509 0.146837 -0.965180 0.042790 0.258062 0.063604 -0.922778 -0.380045 -0.119850 -0.922830 -0.366089 -0.774008 -0.113684 0.622886 -0.774004 -0.372984 0.511664 0.051006 -0.901027 -0.430754 0.063604 -0.911333 -0.406727 -0.429548 -0.221967 0.875340 -0.429546 -0.481261 0.764119 -0.096136 -0.942265 -0.320772 0.000002 -0.260620 0.965441 -0.000002 -0.519957 0.854192 0.974928 0.087724 -0.204500 0.429554 -0.481265 0.764112 -0.000003 0.409512 0.912305 0.293745 0.435969 0.850673 0.529314 0.509957 0.678064 0.660023 0.617002 0.428577 0.660013 0.735773 0.151722 0.529302 0.842782 -0.097758 0.293735 0.916833 -0.270437 0.000001 0.943266 -0.332038 0.000001 0.943266 -0.332038 -0.293755 0.916818 -0.270468 -0.529332 0.842757 -0.097817 -0.660040 0.735756 0.151693 -0.660019 0.616999 0.428588 -0.529306 0.509957 0.678070 -0.293750 0.435965 0.850674 0.000002 -0.943279 0.332000 0.293743 -0.916845 0.270390 0.529293 -0.842788 0.097757 0.660036 -0.735759 -0.151693 0.660016 -0.617012 -0.428573 0.529267 -0.510005 -0.678064 0.293715 -0.435961 -0.850688 -0.000011 -0.409487 -0.912316 -0.000011 -0.409487 -0.912316 -0.293747 -0.435939 -0.850688 -0.529284 -0.510017 -0.678042 -0.660043 -0.616989 -0.428566 -0.660028 -0.735771 -0.151675 -0.529284 -0.842792 0.097777 -0.293721 -0.916849 0.270400 -0.028310 0.940224 0.339378 -0.433897 -0.355178 0.827999 -0.000000 -0.415436 0.909623 0.000000 -0.394222 0.919015 0.433886 0.355181 -0.828004 -0.000002 0.372785 -0.927918 0.000006 0.394222 -0.919015 -0.781833 0.245792 -0.572995 -0.974665 0.066412 -0.213581 -0.974928 0.087722 -0.204498 -0.781836 -0.245790 0.572991 -0.433757 -0.376395 0.818646 0.781835 -0.245792 0.572992 0.433750 -0.376397 0.818649 0.781617 -0.267039 0.563706 0.974927 -0.087725 0.204502 
						0.781624 0.224422 -0.581978 0.433765 0.333773 -0.836925 -0.433759 0.333757 -0.836935 -0.781625 0.224424 -0.581977 -0.974668 -0.109012 0.195292 -0.781619 -0.267032 0.563708 0.781830 0.245792 -0.572999 0.433881 0.355183 -0.828005 0.433883 0.355180 -0.828005 0.781831 0.245792 -0.572997 0.000006 0.394222 -0.919015 -0.433879 0.355183 -0.828006 -0.974928 -0.087723 0.204501 0.098016 -0.975498 -0.196968 -0.000000 -0.928137 0.372240 -0.000002 -0.984311 -0.176442 0.553521 -0.823055 0.127260 0.307187 -0.900492 0.307816 0.176623 -0.950785 -0.254582 0.690241 -0.711135 -0.133620 0.220260 -0.915072 -0.337829 0.690218 -0.586942 -0.423199 0.220224 -0.875446 -0.430227 0.553524 -0.475005 -0.684091 0.176607 -0.839736 -0.513472 0.307169 -0.397597 -0.864618 -0.000003 -0.806201 -0.591642 0.098019 -0.815015 -0.571089 0.000003 -0.369922 -0.929063 -0.000003 -0.806201 -0.591642 -0.307185 -0.397562 -0.864628 0.000003 -0.369922 -0.929063 -0.000002 0.372785 -0.927918 -0.176644 -0.839716 -0.513492 -0.098033 -0.815007 -0.571098 -0.553527 -0.475015 -0.684083 -0.220211 -0.875452 -0.430223 -0.220212 -0.915081 -0.337836 -0.690232 -0.586932 -0.423192 -0.176603 -0.950785 -0.254598 -0.690224 -0.711150 -0.133628 -0.098012 -0.975495 -0.196987 -0.553492 -0.823080 0.127222 -0.307182 -0.900494 0.307815 0.433897 -0.355180 0.827998 -0.000028 -0.919001 -0.394255 0.000000 -0.919027 -0.394195 -0.000036 -0.919009 -0.394236 0.000014 -0.919012 -0.394230 -0.000021 -0.919016 -0.394220 0.000003 -0.919014 -0.394225 0.000004 -0.919012 -0.394228 -0.000005 -0.919011 -0.394233 -0.000000 -0.919005 -0.394246 -0.000003 -0.919018 -0.394216 0.000016 -0.919015 -0.394223 -0.000021 -0.919014 -0.394225 0.000005 -0.919013 -0.394228 0.000004 -0.919015 -0.394223 0.000002 -0.919016 -0.394221 0.000001 -0.919016 -0.394220 -0.000005 -0.919016 -0.394220 -0.781830 -0.245792 0.572999 -0.433881 -0.355184 0.828005 
						-0.433886 -0.355175 0.828006 -0.000000 0.394220 -0.919016 0.000000 0.394223 -0.919015 0.000000 -0.394219 0.919017 0.000001 -0.394225 0.919014 0.000000 -0.394219 0.919017 0.433879 -0.355182 0.828006 0.433885 -0.355177 0.828005 -0.433881 0.355182 -0.828005 -0.433883 0.355180 -0.828005 0.781832 -0.245790 0.572998 0.781833 -0.245792 0.572995 -0.781833 0.245794 -0.572994 -0.781828 0.245793 -0.573001 0.974929 -0.087721 0.204498 0.974929 -0.087721 0.204496 -0.974928 0.087722 -0.204500 -0.974929 0.087722 -0.204496 0.974928 0.087721 -0.204501 0.974929 0.087719 -0.204495 -0.974928 -0.087722 0.204501 -0.974927 -0.087724 0.204503 0.781831 0.245793 -0.572997 -0.781832 -0.245795 0.572995 0.063762 -0.969883 0.235079 -0.192994 -0.978143 0.077393 0.066974 -0.971521 0.227292 -0.194871 0.976049 0.096711 0.062997 0.970568 0.232442 0.063749 0.969886 0.235068 0.877618 0.009954 0.479258 0.901823 -0.011388 0.431957 0.877625 -0.009980 0.479243 -0.879357 -0.010356 -0.476050 -0.903674 0.011899 -0.428056 -0.879357 0.010340 -0.476052 -0.194875 -0.976050 0.096695 0.063007 -0.970565 0.232453 -0.193814 -0.974673 0.111574 0.941668 0.017810 0.336072 0.988103 -0.017862 0.152754 0.941662 -0.017829 0.336086 -0.192988 0.978144 0.077395 0.066977 0.971521 0.227291 0.862315 -0.009142 0.506290 0.862313 0.009148 0.506294 -0.921290 -0.013932 -0.388627 -0.921290 0.013946 -0.388625 -0.919313 0.017587 -0.393133 -0.942276 -0.018931 -0.334302 -0.942279 0.018905 -0.334294 -0.996337 -0.018792 -0.083422 -0.942133 0.018454 0.334732 -0.996338 0.018782 -0.083409 -0.131289 0.991334 -0.004572 0.128577 0.990621 -0.046244 0.112991 0.990163 0.082527 0.068885 -0.975022 0.211159 -0.185775 -0.977228 0.102533 -0.193811 0.974673 0.111576 0.068888 0.975021 0.211159 0.919482 0.013326 0.392905 0.919473 -0.013305 0.392928 0.968239 0.018656 -0.249331 
						0.968246 -0.018634 -0.249304 -0.148212 0.988073 0.041778 0.099363 0.983803 0.149192 0.918007 0.016628 0.396216 0.918010 -0.016632 0.396208 -0.148205 -0.988074 0.041762 0.112998 -0.990162 0.082530 -0.131290 -0.991333 -0.004592 -0.602915 0.019629 0.797564 -0.221209 -0.019291 0.975036 -0.221197 0.019312 0.975038 -0.942144 -0.018475 0.334699 -0.127422 -0.988698 -0.078998 0.134320 -0.979362 -0.151027 -0.135683 -0.987908 -0.075018 -0.127385 0.988703 -0.078991 0.134313 0.979364 -0.151019 -0.108027 0.993433 -0.037701 -0.014682 0.954609 -0.297499 0.074214 0.964062 -0.255100 0.074217 -0.964062 -0.255101 -0.108029 -0.993433 -0.037703 -0.135675 0.987908 -0.075035 0.632705 -0.021568 -0.774092 0.079487 -0.980430 0.180109 0.219461 0.021445 -0.975385 0.219466 -0.021457 -0.975384 -0.035559 0.018835 0.999190 -0.014643 -0.954601 -0.297526 -0.082291 -0.996467 -0.016806 -0.067355 -0.951567 -0.299971 -0.079541 -0.996761 -0.011846 -0.082297 0.996466 -0.016799 -0.067399 0.951555 -0.300002 0.032329 -0.020732 -0.999262 -0.172674 0.982380 0.071511 0.099355 -0.983801 0.149211 -0.172677 -0.982380 0.071504 0.079471 0.980432 0.180105 -0.185773 0.977229 0.102528 0.918758 -0.014831 0.394543 0.918764 0.014843 0.394528 -0.920381 -0.015628 -0.390709 -0.919315 -0.017572 -0.393131 -0.920378 0.015627 -0.390717 0.128567 -0.990622 -0.046236 -0.690139 -0.670330 -0.272703 -0.698890 -0.674241 -0.238644 -0.863884 -0.009459 -0.503602 -0.690144 0.670325 -0.272700 -0.698884 0.674249 -0.238640 -0.863877 0.009460 -0.503614 0.595579 0.649051 0.473306 0.601103 0.653423 0.460124 0.066977 0.971521 0.227291 0.063749 0.969886 0.235068 0.601114 -0.653412 0.460125 0.595581 -0.649047 0.473310 -0.708658 -0.678308 -0.194173 -0.708656 0.678311 -0.194169 0.615213 -0.661373 0.429068 0.901811 0.011391 0.431980 0.615237 0.661347 0.429072 0.062997 0.970568 0.232442 
						0.717286 -0.637038 0.282283 0.768786 -0.634767 0.077709 -0.747545 -0.654185 -0.114973 -0.717561 -0.659003 -0.225435 -0.747583 0.654148 -0.114931 -0.717556 0.659008 -0.225438 0.988104 0.017900 0.152744 0.717269 0.637075 0.282243 0.768790 0.634762 0.077715 0.112991 0.990163 0.082527 0.128577 0.990621 -0.046244 -0.698675 0.700334 0.146236 0.698761 0.669722 -0.251405 0.134313 0.979364 -0.151019 0.698766 -0.669715 -0.251409 -0.698679 -0.700330 0.146235 0.382138 0.722908 -0.575652 0.632708 0.021575 -0.774090 0.382139 -0.722909 -0.575649 -0.442063 -0.790889 0.423173 -0.442068 0.790888 0.423168 0.093336 -0.728499 -0.678658 -0.192700 -0.826927 0.528260 0.093339 0.728495 -0.678662 0.074214 0.964062 -0.255100 -0.014682 0.954609 -0.297499 -0.036683 0.725700 -0.687033 0.032336 0.020686 -0.999263 -0.036689 -0.725703 -0.687030 -0.084812 -0.835660 0.542660 -0.035558 -0.018827 0.999190 -0.084837 0.835662 0.542652 -0.079760 0.996744 -0.011853 -0.192691 0.826927 0.528263 -0.712223 -0.670937 -0.206354 -0.711023 -0.662149 -0.236654 -0.712225 0.670935 -0.206353 -0.711027 0.662146 -0.236651 -0.713404 -0.677713 -0.178213 -0.713401 0.677716 -0.178212 0.653751 0.655665 0.377773 0.680106 0.637304 0.362352 0.079471 0.980432 0.180105 0.099363 0.983803 0.149192 0.635317 0.664036 0.394245 0.068888 0.975021 0.211159 0.680071 -0.637344 0.362348 0.653763 -0.655653 0.377774 0.635308 -0.664043 0.394248 -0.903665 -0.011875 -0.428074 -0.691247 0.023574 -0.722233 -0.916153 -0.029389 -0.399750 -0.916149 0.029376 -0.399759 0.011878 -0.652343 -0.757831 -0.013330 -0.768957 -0.639161 -0.011873 -0.652335 -0.757838 0.000000 0.000000 -1.000000 0.000000 0.000000 -1.000000 0.000000 0.000000 -1.000000 -0.675446 0.035511 0.736554 -0.143756 -0.007189 0.989587 -0.675446 -0.035513 0.736553 -0.022973 0.972793 0.230533 0.017202 0.759996 0.649700 
						-0.017189 0.759997 0.649699 0.000003 0.000000 -1.000000 -0.000004 0.000000 -1.000000 -0.000005 0.000000 -1.000000 -0.221888 0.007247 0.975045 0.143755 0.007184 0.989587 0.143777 -0.007202 0.989584 -0.017198 -0.759991 0.649706 0.003995 -0.181929 0.983303 0.017225 -0.759989 0.649708 -0.985517 -0.055953 -0.160078 -0.775888 0.043213 -0.629389 -0.985514 0.055966 -0.160095 0.985518 0.055954 -0.160075 0.775890 -0.043191 -0.629388 0.985520 -0.055955 -0.160059 -0.023450 -0.981957 -0.187643 0.019164 -0.805142 -0.592772 -0.019170 -0.805156 -0.592753 -0.942063 0.052976 0.331226 -0.011887 0.652342 -0.757832 0.013330 0.768958 -0.639160 0.011873 0.652335 -0.757838 -0.988001 0.030804 -0.151344 -0.004067 -0.244910 0.969537 0.015503 -0.954811 0.296808 0.004076 -0.244911 0.969537 -0.571346 -0.020729 -0.820447 -0.571362 0.020733 -0.820436 -0.016031 0.997284 -0.071888 0.015636 0.949998 -0.311866 -0.015642 0.949999 -0.311862 0.015525 0.954806 0.296825 -0.015535 0.954802 0.296836 0.691257 0.023571 -0.722225 0.916148 -0.029390 -0.399762 0.691252 -0.023580 -0.722229 0.004067 0.244910 0.969537 -0.004076 0.244912 0.969537 0.571343 0.020746 -0.820449 0.571361 -0.020750 -0.820436 0.988001 0.030803 -0.151348 0.916149 0.029374 -0.399760 0.963449 0.030574 0.266141 0.988000 -0.030801 -0.151349 0.221862 -0.007210 0.975051 0.221881 0.007257 0.975047 0.013322 -0.768965 -0.639153 -0.015659 -0.949997 -0.311867 -0.016030 -0.997284 -0.071886 0.015998 -0.997285 -0.071884 0.015658 -0.950001 -0.311854 -0.221878 -0.007252 0.975047 -0.963458 0.030527 0.266114 -0.963455 -0.030523 0.266125 -0.987999 -0.030801 -0.151356 0.022976 -0.972794 0.230532 -0.022957 -0.972794 0.230532 0.023449 0.981957 -0.187644 -0.019164 0.805142 -0.592772 0.019170 0.805156 -0.592753 -0.003993 0.181930 0.983303 -0.000000 0.000000 -1.000000 0.000004 0.000000 -1.000000 
						0.000000 0.000000 -1.000000 -0.003993 -0.181947 0.983300 -0.942055 -0.052979 0.331247 -0.143780 0.007182 0.989584 -0.013322 0.768965 -0.639152 0.004014 0.181942 0.983301 0.000000 0.000000 -1.000000 0.000000 0.000000 -1.000000 0.942061 0.052968 0.331233 0.675447 -0.035530 0.736552 0.675445 0.035533 0.736554 0.022960 0.972793 0.230536 -0.178619 0.507659 -0.842839 -0.216930 0.616548 -0.756842 -0.286344 0.337204 -0.896828 -0.385344 0.453653 -0.803561 -0.539755 0.263217 -0.799613 -0.403197 0.196666 -0.893731 -0.691247 0.023574 -0.722233 -0.178614 -0.507672 -0.842832 -0.216924 -0.616547 -0.756844 -0.286343 -0.337207 -0.896827 -0.539797 -0.263227 -0.799582 -0.403199 -0.196665 -0.893730 -0.691254 -0.023547 -0.722228 -0.299797 0.851453 -0.430290 -0.563884 0.663357 -0.491927 -0.784767 0.382414 -0.487750 -0.916149 0.029376 -0.399759 -0.299791 -0.851457 -0.430287 -0.385341 -0.453652 -0.803562 -0.784769 -0.382409 -0.487750 -0.015501 -0.954811 0.296810 -0.056554 -0.159981 0.985499 -0.306877 -0.868908 0.388363 -0.096957 -0.113584 0.988786 -0.587567 -0.689138 0.424092 -0.827514 -0.402021 0.391918 -0.138054 -0.066997 0.988156 -0.056528 0.159987 0.985499 -0.306878 0.868907 0.388364 -0.096949 0.113592 0.988786 -0.827517 0.402015 0.391917 -0.138052 0.067000 0.988156 -0.963458 0.030527 0.266114 -0.221888 0.007247 0.975045 -0.330469 -0.936958 -0.113576 -0.641360 -0.753215 -0.146029 -0.887519 -0.431795 -0.160820 -0.330465 0.936959 -0.113580 -0.641359 0.753215 -0.146034 -0.587560 0.689146 0.424089 -0.887542 0.431756 -0.160799 -0.988001 0.030804 -0.151344 0.403196 0.196665 -0.893732 0.539756 0.263214 -0.799613 0.286377 0.337167 -0.896831 0.385345 0.453652 -0.803560 0.216924 0.616549 -0.756843 0.178596 0.507684 -0.842829 0.784769 0.382408 -0.487751 0.563875 0.663365 -0.491927 0.299798 0.851453 -0.430290 0.138067 0.066968 0.988156 
						0.827514 0.402022 0.391918 0.096955 0.113587 0.988786 0.306880 0.868905 0.388367 0.056557 0.159980 0.985499 0.887541 0.431757 -0.160800 0.587561 0.689144 0.424090 0.641340 0.753239 -0.145993 0.330466 0.936959 -0.113579 0.178619 -0.507659 -0.842839 0.216928 -0.616547 -0.756843 0.286342 -0.337206 -0.896828 0.385341 -0.453653 -0.803562 0.539797 -0.263226 -0.799582 0.403199 -0.196665 -0.893730 0.299798 -0.851453 -0.430289 0.563882 -0.663359 -0.491927 0.784767 -0.382413 -0.487750 0.051996 0.147813 0.987648 0.056530 -0.159989 0.985499 0.306880 -0.868906 0.388366 0.096947 -0.113593 0.988786 0.827516 -0.402015 0.391919 0.138035 -0.067043 0.988156 0.963455 -0.030524 0.266125 0.330469 -0.936958 -0.113576 0.641340 -0.753240 -0.145990 0.587566 -0.689138 0.424093 0.887518 -0.431796 -0.160821 0.316853 -0.899201 0.301730 0.633655 -0.743798 -0.212711 0.325544 -0.922493 -0.207430 0.606098 -0.712462 0.353615 0.882112 -0.428879 -0.194783 0.942055 -0.052980 0.331247 0.985520 -0.055955 -0.160059 0.325546 0.922493 -0.207428 0.316850 0.899202 0.301730 0.633650 0.743802 -0.212711 0.606097 0.712463 0.353615 0.882105 0.428893 -0.194785 0.837129 0.407602 0.364795 -0.882115 -0.428873 -0.194784 0.247911 -0.701251 -0.668421 0.460269 -0.539272 -0.705222 0.646135 -0.313568 -0.695834 0.775890 -0.043191 -0.629388 0.247869 0.701255 -0.668432 0.646128 0.313572 -0.695838 0.775906 0.043196 -0.629368 0.000000 0.000000 -1.000000 0.000000 0.000000 -1.000000 0.000000 0.000000 -1.000000 0.000001 0.000000 -1.000000 -0.000002 0.000000 -1.000000 -0.000000 0.000000 -1.000000 -0.000000 0.000000 -1.000000 -0.000000 0.000000 -1.000000 0.000002 0.000000 -1.000000 -0.000002 0.000000 -1.000000 -0.000004 0.000000 -1.000000 0.000002 0.000000 -1.000000 0.000001 0.000000 -1.000000 0.000002 0.000000 -1.000000 0.224944 0.639333 0.735292 
						0.405183 0.476986 0.779943 0.561409 0.273772 0.780941 0.224943 -0.639333 0.735292 0.405140 -0.476983 0.779967 0.837139 -0.407618 0.364754 0.675447 -0.035530 0.736552 0.088971 0.104782 0.990507 0.125589 0.061264 0.990189 0.051994 -0.147814 0.987648 0.125594 -0.061256 0.990189 0.561408 -0.273772 0.780941 0.143777 -0.007202 0.989584 0.088971 -0.104782 0.990507 -0.125596 -0.061256 0.990189 -0.606097 -0.712462 0.353616 -0.633679 -0.743777 -0.212713 -0.316846 -0.899204 0.301729 -0.325541 -0.922494 -0.207429 -0.325552 0.922491 -0.207429 -0.316846 0.899204 0.301729 -0.775911 -0.043174 -0.629364 -0.646145 -0.313531 -0.695841 -0.460247 -0.539307 -0.705210 -0.247915 -0.701239 -0.668432 0.000000 0.000000 -1.000000 0.000000 0.000000 -1.000000 0.000000 0.000000 -1.000000 0.000000 0.000000 -1.000000 0.000000 0.000000 -1.000000 0.000002 0.000000 -1.000000 0.000000 0.000000 -1.000000 0.000000 0.000000 -1.000000 -0.837131 -0.407599 0.364794 -0.405182 -0.476986 0.779944 -0.224943 -0.639332 0.735292 -0.561411 -0.273769 0.780940 -0.051990 -0.147815 0.987648 -0.088980 -0.104774 0.990507 -0.051994 0.147813 0.987648 -0.633667 0.743787 -0.212713 -0.606099 0.712461 0.353615 -0.882113 0.428877 -0.194784 -0.837129 0.407601 0.364796 0.942055 -0.052980 0.331247 -0.247911 0.701252 -0.668420 -0.460260 0.539286 -0.705218 -0.646129 0.313569 -0.695839 0.000000 0.000000 -1.000000 0.000000 0.000000 -1.000000 0.000002 0.000000 -1.000000 0.000004 0.000000 -1.000000 0.000000 0.000000 -1.000000 -0.224938 0.639370 0.735261 -0.405183 0.476985 0.779943 -0.125595 0.061256 0.990189 -0.561409 0.273771 0.780941 -0.088978 0.104775 0.990507 -0.563882 -0.663359 -0.491926 0.015998 0.997285 -0.071885 0.331105 0.943594 0.000000 0.605079 0.713310 -0.353651 0.647291 0.762243 -0.000004 -0.331089 0.943600 0.000000 -0.017603 0.945050 -0.326451 
						-0.018598 0.999827 0.000000 0.018643 0.999826 0.000000 0.311781 0.888077 -0.337806 -0.646129 0.313569 -0.695839 -0.606890 0.711705 -0.353780 -0.460260 0.539286 -0.705218 -0.003967 0.212559 -0.977140 -0.004048 -0.213192 -0.977002 0.003959 0.212543 -0.977144 -0.018597 -0.999827 -0.000025 -0.311784 -0.888079 -0.337795 -0.331105 -0.943594 -0.000003 -0.775911 -0.043174 -0.629364 -0.925797 0.049995 -0.374700 -0.775888 0.043213 -0.629389 0.899234 -0.437467 -0.000000 0.605106 -0.713291 -0.353643 0.647270 -0.762260 -0.000000 -0.178614 -0.507672 -0.842832 -0.017995 -0.945081 -0.326342 -0.011873 -0.652335 -0.757838 -0.999285 -0.037819 0.000000 -0.926582 0.035097 -0.374451 -0.999285 0.037818 0.000000 0.649440 0.760413 0.000000 0.314653 0.887413 -0.336884 0.334204 0.942501 0.000000 -0.167813 -0.081551 -0.982440 0.182278 0.009852 -0.983198 0.164785 0.079926 -0.983086 0.003962 -0.212564 -0.977139 0.004047 0.213157 -0.977010 -0.003952 -0.212540 -0.977144 -0.647323 -0.762215 0.000002 -0.834282 -0.406939 -0.371986 -0.899235 -0.437466 -0.000003 -0.649400 0.760447 0.000000 -0.835244 0.406050 -0.370797 -0.899332 0.437266 0.000000 0.069276 -0.195408 -0.978272 -0.125607 0.147090 -0.981115 0.128295 -0.150201 -0.980296 -0.926580 -0.035107 -0.374455 0.128305 0.150200 -0.980295 -0.164813 -0.079954 -0.983079 -0.125607 -0.147090 -0.981115 -0.334205 -0.942501 0.000000 -0.022665 -0.944942 -0.326452 -0.023949 -0.999713 -0.000027 -0.128288 -0.150217 -0.980294 0.125608 0.147093 -0.981115 0.899235 0.437467 0.000000 0.926580 0.035108 -0.374456 0.999285 0.037819 0.000000 -0.649400 -0.760447 -0.000003 -0.314655 -0.887395 -0.336931 0.834282 0.406941 -0.371985 -0.069275 -0.195409 -0.978272 0.067896 0.191899 -0.979063 0.017577 0.945057 -0.326432 0.899332 -0.437267 -0.000000 0.925897 -0.050743 -0.374353 0.998502 -0.054708 0.000002 -0.183417 -0.010054 -0.982984 
						0.182234 -0.009849 -0.983206 0.926582 -0.035098 -0.374451 0.999285 -0.037818 0.000000 0.649479 -0.760379 0.000000 0.835239 -0.406053 -0.370805 -0.005103 -0.213174 -0.977001 -0.004988 0.212385 -0.977173 0.005111 -0.213128 -0.977011 0.019170 0.805156 -0.592753 0.313190 0.887530 -0.337940 0.247869 0.701255 -0.668432 0.999285 -0.037818 0.000000 0.834274 -0.406936 -0.372008 0.334253 -0.942483 -0.000000 0.607731 -0.711591 -0.352563 0.649479 -0.760379 0.000000 0.018598 -0.999827 -0.000000 -0.017620 -0.945052 -0.326445 0.023950 -0.999713 0.000000 0.314654 -0.887403 -0.336912 0.311749 -0.888087 -0.337807 0.331089 -0.943600 0.000000 0.022666 0.944955 -0.326415 0.023949 0.999713 -0.000041 -0.167824 0.081563 -0.982437 0.182234 -0.009849 -0.983206 -0.183452 0.010023 -0.982978 0.925892 0.050753 -0.374364 0.998499 0.054776 0.000000 -0.178619 0.507659 -0.842839 -0.605813 0.713316 -0.352379 -0.647342 0.762199 0.000000 0.011873 0.652335 -0.757838 -0.017986 0.945093 -0.326305 -0.011887 0.652342 -0.757832 -0.898784 0.438391 -0.000000 -0.926676 0.035704 -0.374160 -0.571362 0.020733 -0.820436 0.182764 0.006916 -0.983132 -0.183462 0.007072 -0.983001 0.182780 -0.006931 -0.983129 0.017966 -0.945086 -0.326326 0.011878 -0.652343 -0.757831 -0.898803 -0.438352 0.000002 -0.605826 -0.713319 -0.352350 -0.647354 -0.762189 -0.000003 -0.571346 -0.020729 -0.820447 -0.834745 -0.407065 -0.370809 0.571343 0.020746 -0.820449 0.834748 0.407057 -0.370810 0.898796 0.438368 0.000000 0.605825 0.713297 -0.352398 0.647354 0.762190 0.000000 0.571361 -0.020750 -0.820436 0.926677 0.035689 -0.374159 0.178596 0.507684 -0.842829 0.017956 0.945098 -0.326294 0.312474 -0.888239 -0.336736 0.178619 -0.507659 -0.842839 0.605827 -0.713302 -0.352383 0.647309 -0.762228 -0.000000 0.834743 -0.407068 -0.370809 0.898799 -0.438360 -0.000000 0.926678 -0.035701 -0.374158 
						0.247911 -0.701251 -0.668421 0.022210 -0.944893 -0.326625 0.019164 -0.805142 -0.592772 0.460269 -0.539272 -0.705222 0.313201 -0.887523 -0.337946 -0.005110 0.213191 -0.976997 0.067901 -0.191936 -0.979056 -0.069275 0.195404 -0.978273 0.775890 -0.043191 -0.629388 0.835117 -0.405258 -0.371948 0.646135 -0.313568 -0.695834 0.775906 0.043196 -0.629368 0.925785 -0.049992 -0.374730 0.775890 -0.043191 -0.629388 0.606857 0.711752 -0.353741 0.460225 0.539330 -0.705206 0.835108 0.405291 -0.371933 0.646128 0.313572 -0.695838 0.925783 0.049975 -0.374737 -0.646145 -0.313531 -0.695841 -0.925787 -0.050002 -0.374725 -0.460247 -0.539307 -0.705210 -0.835121 -0.405266 -0.371931 0.167777 0.081540 -0.982447 -0.182290 -0.009847 -0.983195 -0.019170 -0.805156 -0.592753 -0.313200 -0.887526 -0.337941 -0.247915 -0.701239 -0.668432 -0.247911 0.701252 -0.668420 -0.022211 0.944895 -0.326618 -0.019164 0.805142 -0.592772 -0.460260 0.539286 -0.705218 -0.313157 0.887540 -0.337943 -0.067895 0.191899 -0.979063 -0.835097 0.405292 -0.371955 0.017586 -0.945056 -0.326434 0.004986 0.212374 -0.977176 0.022225 0.944894 -0.326620 0.606859 -0.711754 -0.353735 -0.606875 -0.711735 -0.353746 -0.834757 0.407070 -0.370775 -0.571362 0.020733 -0.820436 -0.926671 -0.035716 -0.374173 -0.312473 -0.888229 -0.336764 0.312459 0.888239 -0.336751 0.069274 0.195403 -0.978273 -0.067900 -0.191934 -0.979056 -0.647337 0.762204 0.000000 -0.311747 0.888076 -0.337840 0.128295 -0.150201 -0.980296 -0.164787 0.079928 -0.983085 0.167808 -0.081562 -0.982440 -0.004994 -0.212407 -0.977169 0.005022 -0.212393 -0.977171 -0.605078 -0.713309 -0.353654 -0.899235 0.437466 0.000000 -0.605106 0.713292 -0.353640 0.005103 0.213145 -0.977007 -0.834291 0.406944 -0.371963 -0.182259 0.009849 -0.983201 0.183438 -0.010066 -0.982980 -0.023950 0.999713 0.000000 -0.314654 0.887420 -0.336865 -0.334205 0.942501 0.000000 
						-0.607733 0.711597 -0.352548 0.067413 -0.192105 -0.979056 -0.004051 0.213201 -0.977000 -0.022664 0.944948 -0.326435 0.125211 -0.147435 -0.981114 -0.068807 0.195676 -0.978252 -0.182764 -0.006922 -0.983132 0.167769 0.081794 -0.982427 0.183453 0.007078 -0.983003 -0.925924 0.050700 -0.374291 -0.998499 0.054776 0.000000 -0.067425 0.192107 -0.979055 0.004046 -0.213189 -0.977003 0.164642 -0.080100 -0.983096 -0.127968 0.150639 -0.980271 -0.164642 -0.080100 -0.983096 0.127966 0.150641 -0.980271 0.125624 -0.147074 -0.981116 -0.128295 0.150220 -0.980293 -0.998499 0.054776 0.000000 -0.925912 -0.050749 -0.374315 -0.998501 -0.054726 -0.000000 -0.125163 0.147434 -0.981120 0.068846 -0.195673 -0.978250 0.182780 -0.006931 -0.983129 -0.167777 0.081804 -0.982425 -0.125211 -0.147435 -0.981114 0.068833 0.195670 -0.978251 0.022649 -0.944949 -0.326433 -0.164643 0.080100 -0.983096 0.127984 -0.150667 -0.980265 0.183441 0.010031 -0.982980 0.067398 0.192104 -0.979058 -0.068840 -0.195664 -0.978252 -0.067415 -0.192113 -0.979055 -0.899317 -0.437296 -0.000002 -0.607733 -0.711606 -0.352530 -0.182784 0.006912 -0.983129 0.167742 -0.081777 -0.982433 0.125215 0.147453 -0.981111 -0.127982 -0.150669 -0.980265 -0.022225 -0.944886 -0.326644 -0.835250 -0.406070 -0.370761 0.164633 0.080123 -0.983095 -0.167754 -0.081784 -0.982431 0.835238 0.406048 -0.370813 0.899355 0.437218 0.000000 0.183503 -0.007047 -0.982994 -0.183471 -0.007086 -0.983000 0.164771 -0.079927 -0.983088 0.607736 0.711579 -0.352579 -0.312438 0.888248 -0.336745 -0.183462 0.007072 -0.983001 0.925785 -0.049992 -0.374730 -0.606890 0.711705 -0.353780 -0.125607 0.147090 -0.981115 -0.926676 0.035704 -0.374160 0.926582 -0.035098 -0.374451 0.607731 -0.711591 -0.352563 -0.925924 0.050700 -0.374291 -0.183452 0.010023 -0.982978 0.023467 -0.981960 -0.187626 0.499636 0.037726 -0.865414 0.866026 0.000000 -0.499998 
						0.500000 0.000000 -0.866025 -0.499651 0.037701 -0.865406 -0.000003 0.000000 -1.000000 -0.500001 0.000000 -0.866025 0.999289 0.037710 -0.000006 0.866026 0.000000 0.499999 1.000000 0.000000 0.000001 0.865415 0.037709 0.499635 0.500000 -0.000000 0.866025 0.499648 0.037714 0.865407 -0.000000 0.000000 1.000000 0.000008 0.037703 0.999289 -0.500000 -0.000000 0.866025 -0.499637 0.037711 0.865414 -0.866026 -0.000000 0.499999 -0.865407 0.037718 0.499649 -1.000000 0.000000 0.000001 -0.999289 0.037699 0.000008 -0.866026 0.000000 -0.500000 -0.865413 0.037710 -0.499639 -0.864961 0.049680 -0.499374 -0.500003 0.000000 -0.866024 -0.499372 0.049683 -0.864962 0.865407 0.037708 -0.499649 0.499390 0.049710 0.864950 -0.000004 0.000000 1.000000 -0.000010 0.049670 0.998766 -0.864953 0.049675 0.499389 -1.000000 0.000000 -0.000001 -0.998764 0.049713 -0.000011 -0.126494 0.989275 -0.073032 0.167630 0.985850 0.000001 -0.146016 0.989282 0.000000 -0.866025 0.000000 -0.500000 -0.000003 0.000000 -1.000000 0.000011 0.049671 -0.998766 0.500002 0.000000 -0.866024 0.499393 0.049687 -0.864949 0.866025 0.000000 -0.500001 0.864962 0.049675 -0.499373 1.000000 0.000000 -0.000000 0.998766 0.049673 0.000009 0.866025 0.000000 0.500000 0.864951 0.049671 0.499392 0.500000 -0.000000 0.866025 -0.000009 0.037717 -0.999288 -0.499373 0.049680 0.864961 -0.866026 0.000000 0.499999 0.073006 0.989283 0.126450 -0.145182 0.985848 -0.083821 0.126455 0.989282 0.073009 -0.000000 0.989282 0.146018 0.083814 0.985850 -0.145174 -0.000001 0.985855 -0.167600 0.073006 0.989282 -0.126455 -0.145141 0.985856 0.083798 -0.083799 0.985856 0.145142 -0.073007 0.989282 -0.126453 0.145182 0.985848 0.083822 -0.083819 0.985849 -0.145178 -0.126480 0.989278 0.073023 -0.073026 0.989277 0.126483 0.126497 0.989275 -0.073033 -0.167571 0.985860 0.000001 
						-0.000001 0.989277 -0.146053 0.083799 0.985856 0.145141 0.145142 0.985856 -0.083797 0.146032 0.989280 -0.000001 0.000000 0.985860 0.167572 0.351604 0.710996 -0.608982 -0.000006 0.711006 -0.703186 0.608990 0.710993 -0.351597 0.703205 0.710988 -0.000016 0.608973 0.711001 0.351610 0.351618 0.710984 0.608988 -0.000017 0.710984 0.703208 -0.351603 0.710996 0.608982 -0.608980 0.711009 0.351582 -0.703218 0.710974 -0.000004 -0.608979 0.710999 -0.351604 -0.351587 0.710997 -0.608990 0.000002 0.730229 0.683203 -0.341598 0.730227 0.591675 -0.591657 0.730243 0.341595 -0.683210 0.730222 0.000015 -0.591668 0.730232 -0.341600 -0.341594 0.730241 -0.591659 -0.000003 0.730224 -0.683208 0.341589 0.730234 -0.591672 0.591669 0.730228 -0.341607 0.683187 0.730243 -0.000004 0.591680 0.730224 0.341596 0.341604 0.730245 0.591650 -0.500002 -0.000000 0.866024 0.014414 -0.973624 -0.227702 0.000016 -0.968902 0.247444 -0.000000 -0.969886 -0.243561 0.000000 -0.000965 1.000000 0.077056 -0.145659 0.986329 0.072841 0.000754 0.997343 -0.138549 -0.985009 0.102766 0.297435 -0.954740 -0.002048 -0.255305 -0.966858 0.002255 -0.072833 0.000985 0.997344 -0.506438 -0.166173 0.846113 -0.077063 -0.145642 0.986331 -0.857703 -0.017097 0.513862 -0.990015 -0.140754 0.007700 -0.999743 -0.021290 0.007738 0.079666 0.000750 0.996821 0.498421 -0.188705 0.846148 0.074032 -0.138946 0.987529 0.065848 -0.984181 -0.164473 -0.049705 -0.972121 0.229152 -0.126765 -0.979264 0.158027 0.000000 0.002640 0.999997 -0.000000 -0.126392 0.991980 -0.999703 -0.023919 -0.004682 -0.990146 -0.139958 -0.004737 0.000000 -0.003454 -0.999994 0.076933 -0.140201 -0.987130 0.000000 -0.131811 -0.991275 -0.861281 0.025461 0.507491 -0.508793 0.014986 0.860758 -0.999712 0.022635 -0.007924 -0.852544 -0.156567 -0.498653 -0.995424 -0.095238 -0.007840 -0.995550 -0.093918 0.007731 
						-0.855484 -0.124857 0.502552 -0.999707 0.022871 0.007884 0.138558 -0.985008 0.102765 -0.297419 -0.954745 -0.002058 -0.183526 -0.978997 -0.088790 -0.807051 -0.185352 -0.560636 -0.821676 -0.024579 -0.569425 0.000003 -0.967642 -0.252325 -0.014370 -0.972157 0.233891 -0.049760 -0.971547 -0.231563 -0.000003 -0.999990 0.004379 0.000000 -0.999998 -0.002040 0.861280 0.025428 0.507494 0.506432 -0.166142 0.846123 0.855480 -0.124869 0.502556 0.995546 -0.093952 0.007779 0.999707 0.022874 0.007882 0.999740 0.021354 -0.007943 0.852546 -0.156571 -0.498650 0.861582 0.017254 -0.507326 0.506184 -0.171467 -0.845208 0.509199 0.008949 -0.860602 0.072944 -0.001792 -0.997334 0.255349 -0.966846 0.002242 -0.300514 -0.953776 0.001926 0.516725 -0.015528 -0.856011 0.807046 -0.185345 -0.560646 0.821667 -0.024733 -0.569431 0.082042 -0.001511 -0.996628 0.501883 -0.195841 -0.842472 -0.076929 -0.140200 -0.987130 -0.072964 -0.002738 -0.997331 -0.861580 0.017207 -0.507330 -0.506186 -0.171482 -0.845204 0.857678 -0.017085 0.513903 0.990011 -0.140777 0.007701 0.840701 -0.190065 0.507048 -0.000000 0.000955 -1.000000 -0.000000 -0.137232 -0.990539 0.995424 -0.095229 -0.007853 -0.063622 -0.984584 0.162930 0.049752 -0.971534 -0.231618 0.120783 -0.981587 -0.147982 0.000000 -0.138085 0.990420 0.999703 -0.023924 -0.004690 0.999688 -0.023737 0.007772 -0.509158 0.008864 -0.860628 -0.220740 -0.968539 0.114915 0.145642 -0.982282 -0.117943 0.075920 -0.150393 -0.985707 -0.512087 -0.009473 0.858881 -0.840701 -0.190063 0.507049 0.300516 -0.953775 0.001929 -0.257235 -0.966347 -0.001609 -0.065841 -0.984182 -0.164473 0.049707 -0.972119 0.229158 -0.074034 -0.138948 0.987528 -0.079662 0.000664 0.996822 -0.145641 -0.982280 -0.117956 0.220743 -0.968539 0.114913 0.508842 0.014920 0.860731 0.512090 -0.009422 0.858880 -0.498429 -0.188708 0.846143 0.014371 -0.972158 0.233886 
						-0.000002 -0.968089 0.250607 -0.516699 -0.015193 -0.856032 0.063617 -0.984583 0.162941 0.183526 -0.978997 -0.088786 0.126768 -0.979263 0.158034 -0.120785 -0.981587 -0.147982 0.257286 -0.966334 -0.001591 -0.014411 -0.973624 -0.227701 -0.035075 -0.694390 -0.718743 -0.310577 -0.769297 -0.558322 0.353994 -0.753231 0.554374 0.076425 -0.685862 0.723708 0.000000 -0.638614 0.769527 0.036169 -0.669185 0.742215 -0.076981 -0.665916 -0.742045 0.000002 -0.637569 -0.770394 -0.076425 -0.685854 0.723715 0.000000 -0.660491 0.750834 -0.000002 -0.666340 -0.745648 0.035072 -0.694391 -0.718743 0.076981 -0.665912 -0.742048 -0.786381 -0.617728 -0.004113 -0.784084 -0.620624 0.006224 -0.588871 -0.736727 -0.332362 -0.810574 -0.585603 -0.006222 0.784092 -0.620614 0.006241 0.553177 -0.757728 0.346184 -0.352776 -0.755006 -0.552735 0.310994 -0.764147 0.565122 0.310562 -0.769322 -0.558297 0.551172 -0.737593 -0.390084 -0.636681 -0.678093 0.367188 -0.813471 -0.581575 0.005961 0.786404 -0.617700 -0.004078 0.990144 -0.139974 -0.004741 -0.553176 -0.757729 0.346183 -0.310994 -0.764149 0.565118 -0.551169 -0.737596 -0.390084 -0.036182 -0.669183 0.742216 -0.353993 -0.753220 0.554391 0.588859 -0.736737 -0.332361 0.810565 -0.585615 -0.006225 0.813461 -0.581588 0.005959 0.352777 -0.755001 -0.552740 0.636673 -0.678099 0.367191 -0.074916 0.996868 -0.025339 0.694020 -0.071039 0.716443 0.694020 -0.071039 0.716443 -0.923712 -0.026262 -0.382187 -0.125081 -0.003218 -0.992141 -0.999718 -0.023080 -0.005507 -0.717885 -0.567444 -0.403298 -0.784439 0.620206 0.000686 0.784439 0.620205 0.000698 -0.782241 -0.622938 -0.006857 -0.782318 0.622829 0.007936 0.782315 0.622832 0.007936 0.782313 -0.622834 0.007938 0.410688 -0.911751 0.006708 -0.999718 -0.023080 -0.005507 -0.054345 -0.998521 -0.001333 -0.001646 -0.999999 0.000248 -0.031495 -0.999501 -0.002273 -0.027464 -0.999621 -0.001967 
						0.027460 -0.999620 0.002244 0.004620 -0.999989 -0.000379 0.021418 -0.999621 0.017271 -0.004702 -0.999989 -0.000382 -0.036072 -0.999343 0.003499 -0.021561 -0.999617 0.017339 0.001646 -0.999999 0.000245 0.031382 -0.999506 0.001970 0.999991 -0.001182 -0.004170 0.506531 -0.369164 0.779195 -0.044184 -0.972295 0.229545 -0.002566 -0.961661 -0.274229 -0.583200 -0.018995 0.812106 -0.029145 -0.016817 0.999434 0.048118 0.809518 0.585120 0.496699 0.859393 -0.121381 -0.992356 -0.017355 0.122186 -0.000008 -0.360811 -0.932639 0.000005 0.260632 -0.965438 -0.000000 -0.942789 -0.333391 0.000001 0.394222 -0.919015 -0.000000 -0.812854 -0.582468 -0.000000 0.960504 0.278265 -0.000005 -0.919011 -0.394233 -0.000014 -0.919013 -0.394227 -0.000029 -0.919002 -0.394253 -0.000000 -0.919014 -0.394226 0.000029 -0.919004 -0.394247 0.000006 -0.919015 -0.394223 0.000020 -0.919016 -0.394220 -0.000010 -0.919009 -0.394235 0.000004 -0.919018 -0.394216 -0.000014 -0.919015 -0.394222 -0.000020 -0.919023 -0.394203 -0.000020 -0.919009 -0.394237 0.000001 -0.394225 0.919014 -0.602907 -0.019627 0.797570 -0.067399 0.951555 -0.300002 0.000006 0.000000 -1.000000 -0.023453 0.981959 -0.187632 -0.571362 0.020733 -0.820436 0.460225 0.539330 -0.705206 -0.000002 0.000000 -1.000000 
					</float_array>
					<technique_common>
						<accessor count="2859" offset="0" source="#meshId0-normals-array" stride="3">
							<param name="X" type="float" />
							<param name="Y" type="float" />
							<param name="Z" type="float" />
						</accessor>
					</technique_common>
				</source>
				<source id="meshId0-tangents" name="meshId0-tangents">
					<float_array id="meshId0-tangents-array" count="8577"> 
						-0.255903 0.858482 0.444436 -0.472570 0.732739 0.489664 -0.255455 0.865699 0.430475 -0.023523 0.936090 0.350973 -0.056033 0.922520 0.381860 -0.023288 0.936146 0.350839 -0.276352 0.850341 0.447828 -0.492260 0.736957 0.463222 -0.282680 0.856822 0.431217 -0.463573 0.760245 0.455113 -0.477753 0.723445 0.498377 -0.263720 0.865142 0.426592 -0.469651 0.745378 0.473116 -0.258791 0.861497 0.436864 -0.460586 0.752304 0.471062 -0.247952 0.864046 0.438115 -0.257829 0.860929 0.438548 -0.454995 0.747214 0.484407 -0.260425 0.863484 0.431942 -0.025024 0.935842 0.351532 -0.105044 0.926348 0.361726 -0.024286 0.935883 0.351473 -0.025024 0.935879 0.351431 -0.070606 0.933657 0.351140 -0.091918 0.914237 0.394617 -0.024359 0.936061 0.350994 -0.096428 0.927142 0.362090 -0.023692 0.936108 0.350914 -0.066276 0.933172 0.353268 -0.023153 0.936116 0.350928 -0.023256 0.936110 0.350937 -0.865156 -0.494136 0.085642 -0.947981 -0.201483 0.246449 -0.937144 -0.199339 0.286399 -0.909112 0.147078 0.389721 -0.695937 0.505472 0.510069 -0.729352 0.465464 0.501388 -0.946768 -0.229392 0.225854 -0.852729 -0.515798 0.082500 -0.929830 -0.242768 0.276550 -0.952757 -0.183905 0.241729 -0.858265 -0.510394 0.053659 -0.938868 -0.215856 0.268203 -0.870806 -0.488132 0.058522 -0.934473 -0.239162 0.263744 -0.861400 -0.500793 0.084836 -0.937716 -0.191334 0.289967 -0.847918 -0.528687 0.039050 -0.942110 -0.233909 0.240240 -0.739529 0.469068 0.482775 -0.742617 0.462075 0.484775 -0.903427 0.148069 0.402363 -0.746953 0.464769 0.475448 -0.900951 0.163237 0.402045 -0.740821 0.470884 0.479012 -0.893969 0.159128 0.418925 -0.890526 0.150800 0.429211 -0.755173 0.467601 0.459416 -0.903451 0.094073 0.418242 -0.729951 0.492626 0.473804 -0.716456 0.521412 0.463487 -0.920770 0.103175 0.376215 -0.747289 -0.656334 -0.103850 -0.867569 -0.494845 0.049521 
						-0.748460 -0.656012 -0.097243 -0.745267 -0.659735 -0.096576 -0.744965 -0.659247 -0.102084 -0.862499 -0.498416 0.087616 -0.748373 -0.655328 -0.102385 -0.842152 -0.533858 0.076002 -0.747953 -0.656590 -0.097238 -0.742707 -0.661475 -0.104100 -0.665890 -0.707897 -0.235526 -0.666879 -0.707685 -0.233354 -0.665607 -0.709129 -0.232601 -0.664808 -0.709181 -0.234718 -0.748302 -0.656268 -0.096731 -0.666234 -0.707584 -0.235493 -0.743354 -0.661770 -0.097392 -0.666941 -0.707604 -0.233420 -0.664281 -0.709608 -0.234919 -0.602252 -0.707338 -0.370088 -0.602570 -0.707219 -0.369798 -0.602494 -0.707347 -0.369678 -0.602023 -0.707444 -0.370259 -0.667022 -0.707559 -0.233328 -0.602307 -0.706969 -0.370703 -0.602397 -0.707461 -0.369618 -0.665271 -0.709432 -0.232640 -0.602001 -0.707651 -0.369898 -0.544484 -0.669411 -0.505397 -0.528320 -0.671860 -0.519117 -0.535476 -0.656105 -0.531781 -0.550771 -0.653048 -0.519788 -0.602707 -0.706904 -0.370176 -0.543496 -0.667780 -0.508608 -0.535729 -0.655957 -0.531710 -0.602756 -0.706887 -0.370130 -0.551794 -0.653687 -0.517896 -0.309408 -0.347368 -0.885213 -0.426948 -0.484407 -0.763587 -0.423021 -0.508617 -0.749908 -0.459994 -0.566358 -0.683844 -0.239918 -0.218309 -0.945928 -0.128618 -0.050905 -0.990387 -0.226088 -0.218959 -0.949179 -0.238791 -0.228744 -0.943745 -0.109500 -0.052067 -0.992622 -0.226084 -0.229763 -0.946623 -0.109686 -0.036355 -0.993301 -0.126559 -0.051951 -0.990598 -0.230891 -0.230026 -0.945398 -0.228064 -0.217746 -0.948986 -0.102462 -0.053437 -0.993301 -0.246905 -0.216970 -0.944437 -0.469302 -0.565216 -0.678444 -0.127731 -0.024512 -0.991506 -0.247813 -0.239532 -0.938729 -0.225278 -0.239638 -0.944364 -0.466697 -0.572933 -0.673752 -0.459737 -0.573017 -0.678450 -0.468719 -0.566153 -0.678065 -0.528228 -0.670467 -0.521008 -0.466416 -0.573011 -0.673880 -0.528308 -0.670451 -0.520947 -0.458015 -0.575030 -0.677910 0.003259 0.148480 -0.988910 0.099942 0.227523 -0.968631 
						0.004221 0.158283 -0.987385 -0.398154 -0.510123 -0.762396 -0.043744 0.073503 -0.996335 -0.041042 0.071942 -0.996564 -0.043765 0.075535 -0.996182 -0.040822 0.075115 -0.996339 -0.122542 -0.034421 -0.991866 -0.043647 0.072992 -0.996377 -0.044815 0.075453 -0.996142 -0.402456 -0.486719 -0.775328 -0.330353 -0.346459 -0.877971 -0.042690 0.077242 -0.996098 -0.422837 -0.484665 -0.765708 -0.328390 -0.364733 -0.871281 -0.418855 -0.502910 -0.756070 -0.314841 -0.364864 -0.876213 -0.328973 -0.352886 -0.875927 -0.398227 -0.504941 -0.765800 -0.326914 -0.365329 -0.871586 -0.401381 -0.504845 -0.764215 -0.403407 -0.485902 -0.775346 -0.309299 -0.367643 -0.877025 0.117524 0.105335 -0.987468 0.111611 -0.005709 -0.993736 0.116750 0.104081 -0.987692 0.095041 0.241234 -0.965802 0.122906 0.203255 -0.971381 0.059924 -0.523220 -0.850088 0.089735 -0.378717 -0.921152 0.099528 -0.367405 -0.924720 0.078465 -0.537330 -0.839714 0.087171 -0.357481 -0.929843 0.077193 -0.370208 -0.925736 0.078508 -0.537329 -0.839711 0.087133 -0.357482 -0.929846 0.088378 -0.378667 -0.921304 0.094906 -0.520114 -0.848808 0.115562 0.207356 -0.971416 0.080901 0.236013 -0.968376 0.085390 0.222097 -0.971278 0.094867 -0.371117 -0.923728 0.077342 -0.507797 -0.857998 0.122831 0.203180 -0.971406 0.097715 0.225935 -0.969229 0.127165 0.210241 -0.969344 0.092733 0.238143 -0.966793 0.080147 0.234294 -0.968856 0.085845 0.222297 -0.971192 0.120949 0.214797 -0.969141 0.080533 0.234314 -0.968819 0.116554 0.208561 -0.971039 0.116508 0.105868 -0.987531 0.114580 -0.002408 -0.993411 0.076330 -0.507693 -0.858150 0.081275 -0.372714 -0.924380 0.107516 -0.003456 -0.994197 0.115681 0.104971 -0.987724 0.111101 -0.005486 -0.993794 0.117244 0.103885 -0.987655 0.112464 -0.002829 -0.993652 0.119181 0.106557 -0.987138 0.110699 -0.001611 -0.993853 0.116304 0.108807 -0.987236 0.114367 0.105774 -0.987791 
						0.110744 -0.001609 -0.993848 0.116260 0.108805 -0.987241 0.109270 -0.003368 -0.994006 0.069392 -0.621780 -0.780112 0.035424 -0.809276 -0.586359 0.075976 -0.625717 -0.776342 0.091051 -0.518710 -0.850088 0.087544 -0.366361 -0.926345 0.074788 -0.807704 -0.584826 0.063205 -0.626722 -0.776675 0.055102 -0.797575 -0.600698 0.070624 -0.631742 -0.771955 0.033886 -0.810652 -0.584547 0.080018 -0.623377 -0.777817 0.054547 -0.822379 -0.566319 0.069134 -0.615478 -0.785116 0.059409 -0.625042 -0.778327 0.054586 -0.822378 -0.566317 0.069097 -0.615479 -0.785118 0.069465 -0.631701 -0.772093 0.075302 -0.808811 -0.583228 0.094157 -0.248601 -0.964019 0.104130 -0.126486 -0.986488 0.105165 -0.124696 -0.986606 0.054831 -0.797557 -0.600747 0.096029 -0.249348 -0.963641 0.104336 -0.124096 -0.986769 0.095626 -0.248932 -0.963789 0.105086 -0.123244 -0.986797 0.096312 -0.249774 -0.963502 0.103768 -0.121904 -0.987103 0.102929 -0.123615 -0.986978 0.096353 -0.249772 -0.963499 0.103722 -0.121906 -0.987107 0.103500 -0.124010 -0.986868 0.096719 -0.248827 -0.963707 0.041221 -0.952428 -0.301963 0.055092 -0.819657 -0.570199 0.043700 -0.951824 -0.303516 0.041669 -0.951308 -0.305412 0.041480 -0.952423 -0.301943 0.043794 -0.951484 -0.304566 0.041287 -0.950694 -0.307371 0.038659 -0.951599 -0.304902 0.031155 -0.998139 0.052423 0.054600 -0.997886 0.035250 0.039503 -0.951978 -0.303607 0.035729 -0.999270 0.013515 0.031406 -0.998124 0.052564 0.056287 -0.997925 0.031264 0.035612 -0.999357 0.004204 0.009987 -0.999603 0.026359 0.041295 -0.950693 -0.307371 0.039804 -0.708178 0.704911 0.032616 -0.868041 0.495419 0.033471 -0.866930 0.497304 0.033400 -0.945087 0.325109 0.035160 -0.867789 0.495687 0.034236 -0.867743 0.495833 0.035484 -0.706136 0.707187 0.037875 -0.868582 0.494097 0.038137 -0.703017 0.710150 0.039476 -0.707125 0.705986 0.034218 -0.871745 0.488763 
						0.035575 -0.705479 0.707838 0.034133 -0.871751 0.488759 0.028675 -0.869552 0.493009 0.038589 -0.702923 0.710219 0.032482 -0.867639 0.496133 0.012701 -0.999426 0.031411 0.032043 -0.944352 0.327371 0.042793 -0.705059 0.707856 0.031497 -0.945060 0.325375 0.024757 -0.943789 0.329619 0.030416 -0.940523 0.338366 0.038981 -0.942659 0.331474 0.035602 -0.999357 0.004204 0.053896 -0.132767 0.989681 0.054351 -0.367759 0.928332 0.051686 -0.371286 0.927079 0.037551 -0.495546 0.867770 0.047916 -0.369375 0.928044 0.050195 -0.364504 0.929848 0.079609 -0.146558 0.985993 0.056910 -0.367221 0.928391 0.064691 -0.170661 0.983204 0.052501 -0.374577 0.925708 0.037880 -0.154155 0.987320 0.080844 -0.141672 0.986607 0.052380 -0.374591 0.925709 0.044597 -0.370083 0.927928 0.065372 -0.169815 0.983305 0.049523 -0.364100 0.930042 0.044418 -0.486889 0.872334 0.039313 -0.157290 0.986770 0.054795 -0.491805 0.868980 0.041983 -0.704427 0.708534 0.048048 -0.501469 0.863840 0.033806 -0.493769 0.868935 0.058988 -0.487994 0.870851 0.039443 -0.707127 0.705985 0.049394 -0.501450 0.863776 0.092422 -0.041400 0.994859 0.091502 -0.040922 0.994964 0.092287 -0.040066 0.994926 0.093221 -0.040650 0.994815 0.053348 -0.125832 0.990616 0.092580 -0.041542 0.994838 0.092243 -0.039086 0.994969 0.053337 -0.125833 0.990616 0.093191 -0.040048 0.994843 0.164521 -0.104371 0.980836 0.163453 -0.104942 0.980954 0.162961 -0.103983 0.981138 0.164075 -0.103487 0.981005 0.091384 -0.040370 0.994997 0.164729 -0.104720 0.980764 0.162819 -0.104068 0.981152 0.091372 -0.040371 0.994998 0.163995 -0.103347 0.981033 0.237637 -0.216319 0.946961 0.237908 -0.217032 0.946730 0.236951 -0.216588 0.947071 0.237489 -0.216207 0.947024 0.237645 -0.216654 0.946882 0.237118 -0.216873 0.946964 0.163451 -0.105407 0.980904 0.237135 -0.216871 0.946961 
						0.163451 -0.105407 0.980904 0.236988 -0.216432 0.947098 0.292255 -0.284380 0.913080 0.237236 -0.217306 0.946835 0.292276 -0.284518 0.913030 0.292134 -0.284368 0.913123 0.292109 -0.284324 0.913144 0.292177 -0.284346 0.913116 0.292114 -0.284359 0.913132 0.292123 -0.284358 0.913129 0.292135 -0.284342 0.913130 0.335688 -0.317209 0.886957 0.292156 -0.284557 0.913056 0.335702 -0.317014 0.887021 0.335903 -0.317129 0.886904 0.335667 -0.317151 0.886985 0.335675 -0.316931 0.887061 0.335889 -0.316949 0.886974 0.335892 -0.316948 0.886973 0.335869 -0.317190 0.886895 0.373505 -0.318504 0.871234 0.335899 -0.317025 0.886943 0.373877 -0.318176 0.871195 0.373820 -0.318698 0.871028 0.373617 -0.318408 0.871221 0.373871 -0.318134 0.871212 0.374128 -0.318470 0.870979 0.374129 -0.318470 0.870979 0.373802 -0.318784 0.871005 0.409908 -0.284085 0.866759 0.374131 -0.318433 0.870992 0.410994 -0.283745 0.866356 0.410090 -0.284909 0.866402 0.409993 -0.283925 0.866771 0.411092 -0.283855 0.866274 0.411090 -0.285142 0.865852 0.411087 -0.285143 0.865853 0.409957 -0.285281 0.866343 0.444574 -0.197781 0.873634 0.411106 -0.284816 0.865951 0.451686 -0.198139 0.869897 0.443416 -0.204482 0.872679 0.444922 -0.197229 0.873582 0.451865 -0.198755 0.869663 0.450156 -0.207174 0.868584 0.450145 -0.207177 0.868589 0.442863 -0.206158 0.872566 0.489980 0.051019 0.870240 0.489350 0.220412 0.843774 0.489391 0.046785 0.870809 0.470784 -0.077718 0.878819 0.494329 0.224217 0.839860 0.492883 0.049922 0.868662 0.494865 0.217257 0.841373 0.492333 0.045931 0.869194 0.485482 0.217206 0.846834 0.492249 0.043974 0.869343 0.486261 0.231185 0.842676 0.492243 0.040321 0.869523 0.489552 0.041151 0.871003 0.487110 0.231399 0.842127 0.491761 0.040201 0.869802 0.490087 0.044498 0.870537 0.501042 0.226344 0.835299 
						0.481301 0.396043 0.781984 0.390872 0.645484 0.656177 0.484188 0.414105 0.770765 0.465930 -0.091720 0.880055 0.450250 -0.205427 0.868950 0.417983 0.658694 0.625630 0.461607 0.401308 0.791120 0.420815 0.636268 0.646590 0.462262 0.421176 0.780336 0.378900 0.647622 0.661076 0.494502 0.408396 0.767255 0.371893 0.689851 0.621129 0.494594 0.365980 0.788312 0.453427 0.379701 0.806369 0.373041 0.690084 0.620180 0.493596 0.365745 0.789046 0.457130 0.419727 0.784131 0.427547 0.673542 0.602947 0.197700 0.935522 0.292767 0.306158 0.820214 0.483235 0.331692 0.814021 0.476814 0.470478 -0.076256 0.879110 0.114991 0.985340 0.126023 0.058898 0.997236 0.045281 0.113295 0.987538 0.109239 0.098766 0.987077 0.126191 0.058108 0.997327 0.044307 0.096762 0.988928 0.112508 0.057888 0.997391 0.043138 0.057682 0.997405 0.043088 0.096397 0.988924 0.112862 0.108718 0.987942 0.110235 0.058135 0.997363 0.043447 0.113259 0.985679 0.124935 0.483593 -0.081768 0.871465 0.059150 0.997218 0.045353 0.097850 0.986495 0.131354 0.093918 0.989100 0.113405 0.479440 -0.096651 0.872236 0.479837 -0.096554 0.872028 0.467471 -0.093293 0.879072 0.196783 0.939913 0.278999 0.332086 0.804181 0.492962 0.315342 0.807504 0.498493 0.311228 0.819252 0.481626 0.211431 0.937930 0.274927 0.341713 0.813136 0.471212 0.214100 0.932928 0.289494 0.350384 0.788895 0.504852 0.188046 0.937493 0.292823 0.212322 0.943161 0.255669 0.349394 0.788759 0.505750 0.308189 0.798785 0.516684 0.217323 0.933288 0.285910 0.013825 0.147717 -0.988933 -0.040133 0.074238 -0.996433 -0.099521 -0.025321 -0.994713 -0.039912 0.077284 -0.996210 0.013033 0.156173 -0.987644 0.004682 0.154630 -0.987961 0.004443 0.147774 -0.989011 0.012306 0.147576 -0.988974 0.012648 0.155593 -0.987740 0.009158 0.147362 -0.989040 
						-0.089115 0.915388 0.392587 -0.057826 0.920805 0.385713 -0.102270 0.926637 0.361779 -0.446106 0.745659 0.494956 -0.496971 0.731887 0.466219 -0.899105 0.142952 0.413732 -0.905182 0.120043 0.407721 -0.461367 -0.567179 -0.682237 -0.466081 -0.566392 -0.679683 -0.316193 -0.354144 -0.880116 -0.324493 -0.352793 -0.877634 0.127778 0.209446 -0.969436 0.120436 0.214432 -0.969285 0.120871 0.214793 -0.969151 0.102553 -0.125096 -0.986830 0.110404 0.000808 -0.993886 0.064762 -0.520951 -0.851126 0.391991 0.665426 0.635257 0.426890 0.635281 0.643571 0.180427 0.948070 0.261934 0.180913 0.948105 0.261473 0.059008 0.997263 0.044545 0.497109 0.214750 0.840693 0.490856 0.225262 0.841616 0.484674 -0.079701 0.871056 0.480717 -0.095839 0.871623 0.043163 -0.479234 0.876625 0.043290 -0.479221 0.876626 0.031033 -0.944383 0.327381 0.032704 -0.944249 0.327603 0.030466 -0.940520 0.338369 0.078535 -0.530421 -0.844089 0.098710 -0.248061 -0.963702 0.096784 -0.249557 -0.963511 0.096092 -0.245811 -0.964543 0.187128 -0.396640 -0.898699 0.060471 -0.003903 -0.998162 0.047516 -0.383877 -0.922161 0.006802 -0.999924 0.010293 0.018258 -0.997235 -0.072038 -0.019702 -0.997025 0.074514 -0.996453 -0.083303 -0.011903 -0.999770 -0.021471 -0.000011 -0.999807 -0.019627 0.001042 -0.022068 -0.999755 0.001507 -0.025248 -0.996145 -0.084006 -0.002868 -0.999870 -0.015851 -0.109032 -0.004050 0.994030 0.001289 -0.000033 0.999999 -0.056293 -0.009440 0.998370 0.095486 -0.786638 0.609986 0.048438 -0.383879 0.922112 0.037344 -0.778455 0.626589 0.012346 -0.073118 0.997247 -0.000021 -0.000755 1.000000 0.012392 0.071999 0.997328 -0.012281 -0.074767 0.997125 -0.374437 0.148936 0.915213 -0.012350 0.072884 0.997264 -0.109029 0.004046 0.994030 -0.116468 0.287169 0.950773 -0.056293 0.009431 0.998370 0.109027 0.004050 0.994030 -0.001289 0.000033 0.999999 
						0.056291 0.009434 0.998370 0.000245 -0.999996 0.002641 -0.174629 -0.984455 0.018788 -0.168608 -0.985597 0.013044 0.374432 -0.148937 0.915215 0.109027 -0.004044 0.994031 0.116464 -0.287138 0.950783 0.056292 -0.009437 0.998370 0.992463 0.122305 -0.007643 0.999730 0.023244 0.000248 0.999769 0.021472 -0.000007 -0.132211 0.990291 -0.042951 0.168612 0.985596 0.013040 0.132225 0.990289 0.042943 -0.992463 -0.122306 -0.007643 -0.999730 -0.023243 0.000248 0.060460 -0.998168 -0.002259 0.036316 -0.778474 -0.626626 0.011322 -0.999928 -0.003870 -0.168607 0.985597 -0.013054 0.174629 0.984455 0.018799 0.996453 0.083303 -0.011903 0.999807 0.019614 0.001018 0.004167 -0.999941 0.010084 -0.132217 -0.990290 0.042938 -0.993146 -0.111280 -0.035748 -0.999638 -0.026912 -0.000208 -0.999669 -0.025718 0.000116 0.991666 0.128398 -0.010634 0.999669 0.025716 0.000114 -0.991666 -0.128398 -0.010634 -0.034983 -0.999380 0.003866 0.008580 -0.999963 -0.000046 0.092629 -0.786754 -0.610277 -0.006520 -0.000165 -0.999979 0.000001 -0.000014 -1.000000 0.000009 -0.000014 -1.000000 0.006255 -0.999923 0.010736 -0.145731 -0.986797 0.070667 -0.067941 -0.994723 0.076872 0.017890 -0.999787 0.010300 -0.023119 -0.999732 0.001030 0.190852 -0.396564 0.897949 0.061303 -0.006316 0.998099 -0.027532 -0.999621 0.000010 0.020487 -0.999790 0.000010 0.000117 0.004637 -0.999989 -0.000007 -0.000001 -1.000000 -0.000007 0.000000 -1.000000 -0.145719 0.986798 -0.070686 0.067947 0.994723 0.076870 0.145723 0.986797 0.070682 -0.174624 0.984455 -0.018828 0.043158 -0.980429 0.192082 -0.996466 -0.078574 -0.029704 -0.999623 -0.027471 -0.000003 -0.995275 -0.045786 -0.085618 -0.946697 -0.012511 -0.321882 -0.995717 -0.056215 -0.073397 0.996466 0.078569 -0.029708 0.999623 0.027449 -0.000001 0.999638 0.026912 -0.000208 -0.023109 0.999732 -0.001031 0.023113 0.999732 0.001030 
						0.993146 0.111280 -0.035749 0.064833 -0.997894 0.002263 0.015045 -0.999879 0.003868 -0.021583 -0.983370 0.180325 0.021322 -0.978499 -0.205146 -0.231376 0.273837 0.933530 -0.087370 -0.025092 0.995860 -0.304250 0.245115 0.920516 -0.032301 -0.016926 0.999335 -0.353593 0.201810 0.913370 -0.231380 -0.273848 0.933526 -0.087373 0.025087 0.995860 -0.304247 -0.245117 0.920517 -0.032298 0.016925 0.999335 -0.373966 -0.154608 0.914465 -0.012438 -0.069422 0.997510 -0.926703 -0.375478 0.015407 -0.909202 -0.416353 -0.000839 -0.611172 -0.791487 -0.004129 -0.596905 -0.802308 -0.002374 0.992463 -0.122304 0.007651 0.926703 -0.375479 -0.015405 0.996453 -0.083303 0.011903 0.909202 -0.416353 0.000847 0.611158 -0.791498 0.004082 0.346587 -0.937548 -0.029703 0.304522 -0.945575 -0.114690 0.374282 0.150769 0.914976 0.032305 -0.016927 0.999335 0.353597 0.201808 0.913369 0.304255 0.245110 0.920516 0.087373 -0.025093 0.995860 0.231370 0.273835 0.933532 -0.611158 0.791498 0.004082 -0.596905 0.802308 0.002377 -0.909202 0.416354 0.000840 -0.926703 0.375478 -0.015406 -0.992463 0.122306 0.007644 0.231374 -0.273849 0.933527 0.087374 0.025087 0.995860 0.304253 -0.245114 0.920516 0.032305 0.016926 0.999335 0.353600 -0.201812 0.913367 0.926704 0.375476 0.015408 0.909204 0.416351 -0.000839 0.611173 0.791486 -0.004128 0.596909 0.802305 -0.002374 0.001671 0.000096 0.999999 0.000688 0.000363 1.000000 0.000278 0.000774 1.000000 0.000018 0.000857 1.000000 0.001664 0.000046 0.999999 0.000682 -0.000343 1.000000 0.000257 -0.000760 1.000000 -0.000244 0.001220 0.999999 -0.000286 0.000779 1.000000 -0.000683 0.000350 1.000000 -0.001664 -0.000033 0.999999 -0.000689 -0.000362 1.000000 -0.001672 -0.000095 0.999999 -0.907073 -0.420972 -0.001457 -0.905529 -0.424199 -0.008553 -0.599808 -0.800139 -0.002770 -0.603567 -0.797236 -0.011040 
						0.993146 -0.111282 0.035746 0.907072 -0.420972 0.001459 0.991666 -0.128399 0.010632 0.905529 -0.424198 0.008555 0.599808 -0.800139 0.002768 0.271731 -0.951445 -0.144623 0.345043 -0.937715 -0.040459 -0.908388 -0.417914 -0.013395 -0.614378 -0.788876 -0.014638 0.996466 -0.078573 0.029705 0.908388 -0.417914 0.013397 0.603563 -0.797239 0.011032 0.109147 -0.982810 -0.148898 -0.997815 -0.066069 -0.000357 -0.911703 -0.410850 -0.000215 -0.622991 -0.782229 -0.000222 0.998522 -0.054345 0.000131 0.911709 -0.410836 0.000217 0.614376 -0.788877 0.014639 0.023091 -0.999731 -0.001934 0.057334 -0.998355 -0.000558 0.116970 -0.895121 -0.430206 0.039491 -0.999220 -0.000345 0.090266 -0.963745 -0.251091 -0.115907 -0.785432 0.607999 -0.082642 -0.996579 0.000537 -0.084486 -0.996422 0.002250 -0.141545 -0.894426 0.424225 -0.065990 -0.997820 0.000328 -0.038417 -0.999262 -0.000050 0.283131 -0.613310 -0.737351 0.236409 -0.844387 -0.480751 -0.211281 -0.396041 0.893595 -0.306175 -0.616038 0.725779 -0.113637 -0.963511 0.242350 0.012559 -0.997980 0.062278 0.263080 -0.015737 -0.964646 0.509371 -0.235529 -0.827688 0.503406 -0.639700 -0.580833 -0.288840 -0.023682 0.957084 -0.528691 -0.244123 0.812951 -0.255210 -0.848491 0.463606 -0.599808 0.800139 0.002769 -0.603565 0.797238 0.011035 -0.905530 0.424197 0.008558 -0.907073 0.420972 0.001461 -0.993146 0.111284 0.035744 -0.067948 0.994723 -0.076870 -0.614378 0.788876 0.014639 -0.908388 0.417915 0.013395 -0.996466 0.078573 0.029707 -0.622969 0.782247 0.000223 -0.911698 0.410860 0.000215 -0.997813 0.066095 0.000357 0.046524 -0.998917 0.000331 0.122015 -0.895025 0.429002 0.062997 -0.998014 0.000549 0.097044 -0.963739 0.248577 0.288534 -0.613984 0.734691 0.242511 -0.845781 0.475230 0.514278 -0.237703 0.824024 0.268978 -0.022395 0.962886 0.907074 0.420970 -0.001456 0.905530 0.424197 -0.008550 
						0.599811 0.800137 -0.002769 0.603569 0.797234 -0.011038 0.908389 0.417911 -0.013394 0.614379 0.788876 -0.014635 0.998522 0.054346 -0.000131 0.911703 0.410851 -0.000213 0.622981 0.782237 -0.000221 -0.113424 -0.785598 -0.608253 -0.077424 -0.996998 -0.000539 -0.080563 -0.996747 -0.002251 -0.136893 -0.894602 -0.425379 -0.059451 -0.998231 -0.000331 -0.012593 -0.999897 -0.006954 -0.207962 -0.396140 -0.894329 -0.301156 -0.615476 -0.728350 -0.107206 -0.963635 -0.244772 -0.283409 -0.016845 -0.958851 -0.524138 -0.242099 -0.816497 -0.249353 -0.847272 -0.468992 -0.043197 -0.980905 -0.189630 0.013037 -0.000597 -0.999915 -0.000005 0.000006 -1.000000 -0.000008 0.000002 -1.000000 0.006215 -0.004939 -0.999968 -0.000005 0.000010 -1.000000 0.000085 -0.001486 -0.999999 -0.000028 0.000945 -1.000000 -0.000002 0.000041 -1.000000 0.005377 0.004255 -0.999976 -0.000030 0.000025 -1.000000 0.002430 0.005321 -0.999983 -0.000032 0.000011 -1.000000 -0.000053 -0.000899 -1.000000 -0.000006 0.000000 -1.000000 0.002397 -0.005332 -0.999983 -0.000004 -0.000007 -1.000000 -0.000003 -0.000012 -1.000000 0.005322 -0.004253 -0.999977 -0.000014 -0.000013 -1.000000 0.000002 -0.000012 -1.000000 -0.005358 -0.004286 -0.999976 -0.000014 -0.000019 -1.000000 -0.002395 -0.005330 -0.999983 0.000000 -0.000004 -1.000000 0.000001 0.000005 -1.000000 0.596905 -0.802308 0.002362 -0.991666 0.128398 0.010634 -0.000002 0.001572 0.999999 -0.000112 -0.002050 -0.999998 -0.000104 0.001965 -0.999998 -0.000032 -0.000605 -1.000000 -0.000044 -0.000380 1.000000 -0.000134 0.000276 1.000000 -0.000042 -0.000386 1.000000 -0.000049 0.001687 -0.999999 -0.000002 0.002696 -0.999996 -0.000027 0.002185 -0.999998 0.999638 -0.026912 0.000208 0.999669 -0.025718 -0.000116 1.000000 -0.000001 -0.000000 1.000000 0.000000 0.000001 0.999623 -0.027464 0.000001 1.000000 0.000001 0.000000 -0.068335 -0.383891 -0.920847 
						-0.057489 -0.777915 -0.625734 -0.010317 -0.386428 -0.922262 -0.010464 -0.781443 -0.623889 0.999730 -0.023244 -0.000248 1.000000 0.000000 0.000001 0.999769 -0.021472 0.000007 0.999807 -0.019627 -0.001042 1.000000 0.000001 0.000004 1.000000 0.000000 0.000000 -0.031916 -0.999483 -0.003866 -0.010323 -0.999939 -0.003852 -0.116468 -0.287143 0.950781 0.000000 -0.293794 0.955869 -0.000001 -0.010749 0.999942 -0.001289 -0.000033 0.999999 -0.000001 -0.000005 1.000000 -0.081090 -0.004465 -0.996697 -0.010263 -0.004379 -0.999938 -0.058210 -0.777858 0.625738 -0.010393 -0.781445 0.623888 -0.010185 -0.999941 0.003859 -0.999623 0.027473 0.000004 -0.999638 0.026913 0.000208 -1.000000 0.000001 -0.000000 -1.000000 -0.000001 0.000001 -0.000008 -0.000007 -1.000000 -0.000139 0.004636 -0.999989 -0.000008 -0.000000 -1.000000 -0.000010 0.004660 -0.999989 -0.000008 0.000000 -1.000000 -0.081674 -0.006896 0.996635 -0.068933 -0.383886 0.920804 -0.010148 -0.004659 0.999938 -0.010209 -0.386380 0.922283 -0.999669 0.025719 -0.000117 -0.999730 0.023245 -0.000248 -1.000000 0.000001 -0.000000 -1.000000 0.000000 0.000000 -0.999770 0.021470 0.000021 -1.000000 -0.000002 0.000019 0.001289 0.000033 0.999999 0.000000 0.000005 1.000000 -0.000000 0.010749 0.999942 0.116464 0.287132 0.950784 0.000000 0.293747 0.955883 -0.996453 0.083305 0.011903 -0.999806 0.019660 -0.001099 -1.000000 0.000000 -0.000000 -0.000003 0.000000 -1.000000 -0.000111 -0.004027 -0.999992 -0.000001 -0.004044 -0.999992 -0.000001 0.000000 -1.000000 0.000108 -0.004027 -0.999992 -0.000005 -0.000000 -1.000000 0.000269 -0.004121 -0.999991 0.000124 -0.001031 -0.999999 0.000056 -0.002180 -0.999998 0.000020 -0.000271 1.000000 0.000020 0.000093 1.000000 0.000020 -0.000268 1.000000 -0.000066 0.002790 -0.999996 0.000001 0.001121 -0.999999 -0.000085 0.002486 -0.999997 0.004646 0.003725 0.999982 
						0.000768 0.001798 0.999998 0.005327 0.003745 0.999979 -0.000008 -0.000001 -1.000000 0.000304 0.004743 -0.999989 0.002749 0.006124 -0.999977 0.006205 0.004948 -0.999969 -0.000004 0.000001 -1.000000 0.013052 0.000614 -0.999915 -0.000005 0.000001 -1.000000 0.000007 -0.000020 -1.000000 -0.006473 0.000135 -0.999979 -0.006216 0.004933 -0.999969 -0.000005 -0.000009 -1.000000 -0.002765 0.006113 -0.999977 -0.000323 0.004740 -0.999989 -0.000086 0.000044 -1.000000 -0.000178 -0.001463 -0.999999 -0.002844 -0.006074 -0.999978 -0.000063 0.000980 -1.000000 -0.006272 -0.004867 -0.999968 -0.000059 0.000079 -1.000000 -0.006523 -0.000050 -0.999979 0.000006 0.000099 -1.000000 -0.002451 0.005310 -0.999983 -0.000135 0.001326 -0.999999 -0.000028 -0.000007 -1.000000 -0.000017 -0.000018 -1.000000 -0.005391 0.004249 -0.999976 0.000001 -0.000019 -1.000000 -0.005477 0.000101 -0.999985 0.000096 -0.001577 -0.999999 0.000014 -0.002293 -0.999997 0.000082 -0.002021 -0.999998 -0.000141 -0.002241 -0.999997 -0.005492 -0.000144 -0.999985 -0.000269 -0.004103 -0.999992 -0.000001 -0.000014 -1.000000 0.005481 -0.000139 -0.999985 0.005506 0.000114 -0.999985 -0.000068 0.001960 -0.999998 -0.000080 0.002794 -0.999996 -0.000073 0.002784 -0.999996 -0.000090 0.003136 -0.999995 0.000024 -0.000263 1.000000 0.000010 0.000093 1.000000 0.000016 -0.000341 1.000000 -0.000005 -0.000888 1.000000 0.000044 -0.001468 0.999999 0.000037 -0.001031 0.999999 -0.000028 -0.001469 0.999999 0.000027 -0.000385 1.000000 0.000045 0.000082 -1.000000 0.000005 0.001997 -0.999998 0.000104 0.000005 -1.000000 -0.000053 0.002510 -0.999997 -0.000536 -0.000070 -1.000000 -0.000245 -0.002397 -0.999997 -0.000418 -0.001281 -0.999999 -0.000467 -0.001997 -0.999998 -0.000333 -0.002153 -0.999998 0.001721 0.017326 0.999848 0.002574 0.000272 0.999997 -0.000369 0.000249 1.000000 0.003483 0.013420 0.999904 
						0.004220 0.017365 0.999840 0.001731 0.017327 0.999848 0.004978 0.013475 0.999897 0.004822 0.013749 0.999894 -0.000338 -0.001691 -0.999999 -0.000427 -0.002399 -0.999997 -0.000483 -0.001691 -0.999999 -0.000233 -0.002422 -0.999997 -0.000306 -0.002584 -0.999997 -0.000075 0.000043 -1.000000 0.000001 0.002792 -0.999996 -0.000045 0.001176 -0.999999 -0.000007 0.002559 -0.999997 0.000059 -0.000385 1.000000 0.000189 0.000276 1.000000 0.000195 0.000245 1.000000 0.000024 -0.000949 1.000000 -0.000021 -0.001464 0.999999 0.000013 -0.001473 0.999999 -0.000009 -0.001033 0.999999 0.000008 0.001961 -0.999998 -0.000006 0.001961 -0.999998 0.000011 0.002812 -0.999996 0.000006 0.002488 -0.999997 0.000016 0.003138 -0.999995 0.000199 -0.001688 -0.999999 0.000121 -0.002377 -0.999997 0.000015 -0.002575 -0.999997 -0.002645 0.003613 0.999990 0.000899 0.001898 0.999998 -0.004767 0.013602 0.999896 -0.005032 0.017430 0.999835 -0.004954 0.013754 0.999893 -0.004995 0.017451 0.999835 -0.004818 0.000268 0.999988 -0.004620 0.017421 0.999838 0.000124 -0.000138 -1.000000 0.000042 -0.001983 -0.999998 0.000144 -0.000012 -1.000000 0.000047 -0.002391 -0.999997 0.000021 -0.002142 -0.999998 -0.000140 0.002513 -0.999997 -0.000113 0.001962 -0.999998 -0.000128 0.001947 -0.999998 0.031407 -0.875825 -0.481605 -0.780372 -0.563692 -0.270685 -0.664053 -0.595994 -0.451469 0.000018 0.001762 -0.999998 -0.000029 0.002516 -0.999997 0.000047 0.001763 -0.999998 0.000045 -0.000035 -1.000000 -0.000349 -0.000085 -1.000000 -0.000707 -0.000025 -1.000000 -0.000611 -0.001652 -0.999998 -0.000459 -0.001985 -0.999998 -0.000447 -0.001685 -0.999999 0.000000 -0.001763 -0.999998 -0.000010 0.003851 -0.999993 -0.000092 0.000082 -1.000000 0.000002 0.002274 -0.999997 0.000001 0.001953 -0.999998 0.000015 0.001953 -0.999998 0.000343 -0.001683 -0.999999 0.000053 -0.001576 -0.999999 
						0.000051 0.000066 -1.000000 -0.171582 -0.985046 0.015600 -0.339037 -0.851535 0.399928 -0.140729 -0.977055 0.159872 -0.000013 -0.000264 1.000000 0.000010 -0.000270 1.000000 -0.000538 -0.001649 -0.999999 -0.000101 -0.000014 -1.000000 -0.000053 -0.002017 -0.999998 0.000103 -0.001684 -0.999999 0.000059 -0.001475 0.999999 -0.000004 -0.000382 1.000000 0.000033 -0.000385 1.000000 -0.004996 0.003682 0.999981 -0.004593 0.003683 0.999983 -0.996823 0.036235 -0.070931 -0.998692 0.002197 -0.051079 -0.998432 -0.002196 -0.055933 -0.951571 -0.225435 -0.209025 -0.999141 -0.031607 -0.026791 -0.998784 -0.043348 -0.023475 -0.999216 0.031805 -0.023586 -0.994741 -0.095166 -0.037860 -0.997139 -0.075585 -0.000550 -0.970179 -0.241472 0.021060 -0.971150 -0.232151 -0.054534 -0.993796 0.042221 0.102890 -0.997294 0.070023 0.022406 -0.990967 0.079941 0.107676 -0.766213 0.579034 0.278635 -0.675573 0.699601 0.232723 -0.844758 0.510917 0.159208 -0.958839 -0.035571 0.281713 -0.996826 0.044519 -0.065993 -0.992705 0.044377 0.112110 -0.999638 0.026026 -0.006872 -0.994219 0.080091 -0.071508 -0.997631 -0.055983 -0.039974 -0.998228 -0.038991 -0.044949 -0.996391 -0.067296 -0.051742 -0.640916 0.632005 0.435656 -0.957898 0.255909 0.130163 -0.765730 0.595160 0.243807 -0.998586 -0.050180 -0.017537 -0.996648 -0.080083 0.016729 -0.938073 0.279221 -0.205072 -0.999288 0.022081 -0.030591 -0.940095 0.271901 0.205649 -0.996463 0.083831 0.005822 -0.999455 -0.027861 -0.017723 -0.995086 -0.044451 -0.088477 -0.995140 0.050198 0.084713 -0.998210 0.038969 -0.045360 0.031594 0.878579 -0.476551 -0.755979 0.613906 -0.227189 -0.626761 0.652668 -0.425670 -0.991732 -0.015773 -0.127352 -0.997947 -0.044491 -0.046072 -0.976655 -0.079307 -0.199639 -0.998994 0.022509 0.038784 -0.980597 0.195920 0.006669 -0.995112 0.094128 -0.029869 -0.995802 0.091083 -0.009076 0.034836 -0.921942 0.385758 
						-0.319534 -0.865144 -0.386554 -0.777982 0.582219 -0.236146 -0.296416 0.827979 -0.476014 -0.001299 0.906738 -0.421692 -0.944909 -0.297956 -0.135537 -0.999854 0.011855 -0.012344 -0.963057 -0.261705 -0.063493 -0.965701 -0.211469 -0.150673 -0.998974 -0.043398 -0.012944 -0.998960 -0.043453 -0.013779 -0.999492 -0.026916 -0.017092 -0.251340 -0.699985 0.668468 -0.721946 -0.675673 0.149198 -0.001361 -0.793935 0.608002 -0.956345 0.263411 -0.126568 -0.999577 0.008286 -0.027866 -0.918988 -0.382322 0.096386 -0.969747 -0.232991 0.072836 -0.984405 -0.175410 0.013317 -0.726479 -0.620351 0.295621 -0.881897 -0.425527 0.202939 -0.917908 0.396514 0.014915 -0.890888 0.440544 0.110629 -0.995352 0.061008 -0.074521 -0.987215 0.110610 -0.114772 -0.775294 -0.562936 -0.286396 -0.711904 -0.648950 -0.268434 -0.526322 -0.774550 -0.350795 -0.999145 -0.029893 -0.028547 -0.999310 -0.032207 -0.018519 -0.470825 0.823957 0.315308 -0.310959 0.869587 0.383566 -0.997747 -0.065955 -0.012264 -0.547557 -0.749837 0.371384 -0.899796 -0.434383 0.040969 -0.703793 -0.694653 0.148769 0.031607 0.878588 0.476534 -0.320029 0.863393 -0.390044 -0.996468 0.044385 -0.071281 -0.997484 0.069594 -0.013473 -0.996256 0.050752 -0.069993 -0.330756 -0.900104 0.283573 -0.995348 0.093571 0.022938 -0.999409 0.031933 -0.012697 -0.723004 0.681880 0.110927 -0.773857 0.570075 0.275972 -0.749240 0.617009 0.240705 -0.319387 0.861402 0.394941 -0.968726 -0.041078 -0.244707 -0.977931 -0.048560 -0.203207 -0.972166 -0.028786 -0.232519 -0.853694 -0.492110 -0.170395 -0.998512 0.042335 -0.034359 -0.993049 0.037029 0.111729 -0.955702 0.231987 -0.181153 -0.758372 0.544190 -0.358788 -0.991690 -0.005535 -0.128529 -0.992148 0.004895 -0.124976 -0.998799 -0.040287 -0.027893 -0.999692 0.024822 -0.000181 -0.981284 -0.036247 -0.189125 -0.976796 -0.074586 -0.200765 -0.999123 0.039719 -0.013271 -0.247309 -0.688770 -0.681495 
						-0.002215 0.963060 0.269279 -0.922097 0.279214 -0.267912 -0.979803 0.089653 -0.178739 -0.980874 0.187858 -0.050951 -0.966509 0.169083 -0.193060 -0.968449 0.209841 -0.134439 -0.998451 0.010814 -0.054583 -0.994165 0.081743 -0.070384 -0.998952 -0.040377 -0.021551 -0.993599 -0.089608 0.068791 -0.980646 -0.178462 0.080524 -0.999478 0.031394 -0.007638 -0.997912 -0.014342 -0.062979 -0.996190 -0.074534 -0.045285 -0.988106 -0.149435 -0.036282 -0.993679 0.060898 -0.094303 -0.998703 -0.027628 -0.042758 -0.735318 0.479973 0.478471 -0.966104 0.258045 -0.007471 -0.969604 0.036018 -0.242013 -0.972401 0.185199 -0.141904 -0.713571 0.465712 -0.523382 -0.605012 -0.393932 -0.691938 -0.973447 -0.201941 -0.107797 -0.975055 -0.036248 -0.218985 -0.598170 -0.389470 0.700361 -0.973265 -0.189791 0.129362 -0.976580 -0.151892 -0.152381 -0.955722 -0.266256 -0.125312 -0.906885 -0.409690 -0.098559 -0.938340 -0.337577 -0.074560 -0.823747 -0.527614 -0.207518 -0.986291 -0.140479 -0.086582 -0.998694 -0.026630 -0.043603 -0.930368 0.366546 -0.007762 -0.818669 0.522499 -0.238277 -0.984390 0.172619 -0.034334 -0.998486 0.022286 -0.050293 -0.997951 0.062775 -0.012394 -0.984870 0.168198 0.041725 -0.934018 0.355631 0.033724 -0.992079 -0.068269 -0.105448 -0.837943 -0.537732 0.093245 -0.999035 0.023890 -0.036856 -0.816300 0.520910 0.249615 -0.858969 -0.477840 0.183959 -0.230121 0.968810 -0.091931 -0.258047 0.959562 -0.112482 -0.283322 0.953175 -0.105768 -0.215417 0.954800 -0.204825 -0.205724 0.965473 -0.159813 -0.231600 0.961721 -0.146474 -0.623825 0.780498 -0.040808 -0.769530 0.622468 0.142675 -0.767527 0.527285 0.364517 -0.758129 0.563643 0.327945 -0.757427 0.542951 0.362641 -0.761934 0.545690 0.348825 -0.758493 0.523605 0.387976 -0.764775 0.533849 0.360729 -0.760919 0.562498 0.323417 -0.001589 0.994096 0.108492 -0.236236 0.968680 0.076500 -0.033125 0.985028 -0.169182 
						-0.742115 0.482481 0.465272 -0.745533 0.461226 0.481094 -0.169952 0.953048 -0.250631 -0.210387 0.952112 -0.221856 -0.232833 0.964955 -0.121039 -0.237368 0.965807 -0.104272 -0.000432 0.930096 -0.367315 0.026175 0.673138 -0.739054 0.025713 0.794064 -0.607290 -0.235348 0.967121 -0.096372 0.001355 0.730746 -0.682648 0.851853 0.465780 -0.239573 -0.001271 0.937468 -0.348070 -0.696388 0.717602 -0.009560 -0.757641 0.571712 0.314841 -0.175569 0.945417 -0.274521 -0.034154 0.974284 -0.222719 -0.664441 0.408807 0.625616 -0.678560 0.386971 0.624347 -0.208944 0.977790 -0.016374 -0.296040 0.952685 -0.068931 -0.285674 0.958324 0.002365 -0.162902 0.986215 0.029045 0.205881 0.232082 0.950658 0.039673 -0.386984 0.921232 0.036043 0.226740 0.973288 -0.334034 0.359887 -0.871150 0.032865 0.230518 0.972513 -0.141208 -0.421931 0.895564 -0.497140 0.399554 -0.770200 -0.004506 0.230279 0.973114 0.099100 0.571541 0.814567 -0.062811 0.226570 0.971967 -0.805997 0.360385 0.469565 -0.835219 0.417334 0.358108 -0.029590 0.560452 0.827658 0.027175 0.618347 0.785435 -0.770409 0.332011 0.544278 -0.207587 0.233330 0.949981 0.139233 -0.428020 0.892980 0.217749 -0.314523 0.923938 -0.022057 0.437814 -0.898795 0.230219 0.429687 -0.873137 -0.118377 0.231946 0.965499 -0.038935 -0.389825 0.920065 -0.201285 0.386302 -0.900142 0.010815 0.230127 0.973101 0.027128 0.558893 0.828796 0.023676 0.232251 0.972368 -0.767675 0.384094 0.512978 -0.094068 0.569787 0.816391 -0.027693 0.616149 0.787143 -0.746888 0.414914 0.519621 -0.000419 -0.377784 0.925894 0.002112 0.226262 0.974064 -0.269404 0.363849 -0.891648 -0.764854 0.353191 0.538753 -0.001199 0.548344 0.836252 -0.023594 0.232089 0.972409 0.000813 0.232357 0.972630 -0.027921 0.226341 0.973648 0.658948 0.214947 -0.720822 0.626975 0.178853 -0.758231 -0.869833 0.493244 -0.010067 
						-0.847850 0.406387 -0.340588 0.023682 0.230132 0.972871 -0.195941 -0.336400 0.921109 -0.620752 0.456490 -0.637405 0.007784 0.229768 0.973214 0.028393 0.209620 0.977371 0.003224 0.231767 0.972766 0.020245 0.228792 0.973265 -0.008217 0.220326 0.975392 -0.007388 0.229885 0.973190 -0.717780 0.313254 0.621823 -0.548714 -0.116986 0.827784 0.001789 0.235102 0.971969 -0.222658 0.972608 -0.066770 0.026636 -0.861812 0.506528 0.051227 -0.873094 0.484853 0.033937 -0.862587 0.504769 0.043659 -0.870063 0.491003 0.048824 -0.880118 0.472239 0.045491 -0.876242 0.479719 0.045008 -0.881578 0.469888 0.045750 -0.877630 0.477151 0.044196 -0.885083 0.463330 0.049023 -0.881405 0.469811 0.027651 -0.893592 0.448029 0.037626 -0.890734 0.452964 0.006575 -0.897170 0.441636 -0.037723 -0.890751 0.452924 -0.032656 -0.892455 0.449953 -0.049150 -0.881446 0.469720 -0.044437 -0.885065 0.463342 -0.045942 -0.877647 0.477101 -0.045685 -0.876213 0.479754 -0.045228 -0.881604 0.469818 -0.043817 -0.870000 0.491101 -0.049020 -0.880090 0.472270 -0.051330 -0.873034 0.484950 -0.026743 -0.861756 0.506618 -0.038551 -0.863484 0.502900 0.006866 0.230377 0.973077 0.010726 0.231732 0.972721 -0.000041 -0.858550 0.512730 0.013594 -0.857939 0.513572 -0.000041 -0.858550 0.512730 -0.006831 0.231783 0.972743 -0.003187 0.230386 0.973094 0.897804 0.092042 0.430670 0.861145 -0.300451 0.410072 0.901198 -0.127228 0.414313 0.015552 -0.293505 0.955831 0.898961 0.088845 0.428923 0.796115 -0.407271 0.447583 0.297333 -0.307462 0.903914 0.896752 0.089567 0.433376 0.746237 -0.413914 0.521349 0.556425 -0.348130 0.754451 0.892780 0.091316 0.441141 0.754139 -0.305877 0.581132 0.751109 -0.417602 0.511315 0.889785 0.093760 0.446645 0.823427 -0.113803 0.555892 0.835298 -0.516923 0.187265 0.890632 0.095386 0.444609 0.898267 0.109092 0.425695 
						0.749803 -0.637541 -0.177023 0.894824 0.095920 0.435992 0.910321 0.327918 0.252557 0.452647 -0.747091 -0.486791 -0.000062 -0.896770 0.442497 0.900457 0.097721 0.423825 0.899520 0.096203 0.426156 -0.452670 -0.747077 -0.486792 -0.000006 -0.792246 -0.610202 0.897754 0.099949 0.429009 0.840832 0.521105 0.146465 -0.749811 -0.637536 -0.177009 0.893160 0.101821 0.438061 0.751296 0.636501 0.174419 -0.835298 -0.516922 0.187265 0.890490 0.101811 0.443465 0.723457 0.625247 0.292705 -0.751108 -0.417602 0.511317 0.891661 0.099348 0.441668 0.771291 0.496559 0.398169 -0.556412 -0.348167 0.754444 0.894973 0.096851 0.435480 0.845479 0.300798 0.441231 -0.297333 -0.307466 0.903912 0.896692 0.082518 0.434896 -0.015548 -0.293505 0.955831 0.002734 0.226886 0.973918 0.006605 -0.274240 0.961639 -0.040057 -0.232209 0.971841 0.275384 -0.279425 0.919829 -0.000529 0.227583 0.973759 -0.067392 -0.096890 0.993011 0.553314 -0.311174 0.772667 0.000340 0.228821 0.973468 -0.035003 0.110870 0.993218 0.765683 -0.376164 0.521757 0.043344 0.348698 0.936232 0.858893 -0.478874 0.181610 0.107504 0.573945 0.811807 0.766459 -0.611130 -0.197638 0.008415 0.232513 0.972557 0.086602 0.734807 0.672725 0.450358 -0.735759 -0.505803 0.002621 0.231010 0.972948 0.004602 0.788520 0.614992 0.014276 -0.788482 -0.614892 -0.082203 0.733939 0.674222 -0.003703 0.232486 0.972593 -0.460164 -0.730720 -0.504279 -0.104479 0.573404 0.812584 -0.767645 -0.609590 -0.197793 -0.040913 0.350480 0.935676 -0.858957 -0.478871 0.181314 0.038656 0.112991 0.992844 0.003128 0.228783 0.973472 -0.765828 -0.375925 0.521716 0.071159 -0.093525 0.993071 0.005039 0.227457 0.973775 -0.554459 -0.309624 0.772469 0.047844 -0.229255 0.972190 0.005302 0.226605 0.973972 -0.283030 -0.277855 0.917982 0.006150 0.228025 0.973636 -0.003152 -0.858012 0.513620 
						0.011366 -0.274240 0.961594 -0.999980 -0.005836 0.002461 -0.998976 0.034104 -0.029734 -0.998285 0.058518 0.001585 0.000000 0.000004 -1.000000 0.000000 0.000010 -1.000000 -0.999502 0.031490 -0.001962 -0.998510 -0.027779 -0.046971 -0.998395 -0.056612 -0.001538 -0.941868 -0.015130 -0.335642 -0.807959 0.028890 -0.588530 -0.998333 0.057712 -0.000079 -0.995717 0.056212 -0.073398 -0.995275 0.045786 -0.085618 0.000000 -0.000003 -1.000000 -0.000000 0.000008 -1.000000 -0.944784 -0.016198 -0.327294 -0.812240 -0.028385 -0.582633 -0.944826 0.013696 -0.327287 -0.998185 0.037903 -0.046792 -0.935571 -0.010239 -0.352990 -0.998675 -0.041932 -0.029828 -0.946697 0.012494 -0.321884 -0.941869 0.015123 -0.335641 -0.468892 0.095614 -0.878065 -0.163081 0.129670 -0.978054 -0.479607 0.120270 -0.869202 -0.807959 -0.028891 -0.588530 -0.792521 -0.024913 -0.609336 -0.792523 0.024953 -0.609331 -0.935557 0.012751 -0.352946 -0.776169 0.028230 -0.629893 -0.396124 0.066067 -0.915817 -0.190498 -0.096282 -0.976955 -0.189197 0.129194 -0.973403 -0.776399 -0.021984 -0.629858 -0.392374 0.101519 -0.914186 -0.392674 -0.086636 -0.915588 -0.479602 -0.120302 -0.869201 -0.468892 -0.095612 -0.878065 -0.098440 0.101151 -0.989989 -0.170020 0.120540 -0.978041 -0.191668 0.065932 -0.979243 -0.191634 -0.133320 -0.972369 -0.163081 -0.129668 -0.978055 -0.163024 -0.136925 -0.977075 0.000641 -0.999999 0.000981 0.001158 -0.999983 0.005764 0.008155 -0.999965 0.001643 -0.170022 -0.120537 -0.978041 -0.123351 -0.107648 -0.986507 -0.098443 -0.101144 -0.989989 -0.168849 0.145647 -0.974821 -0.047129 0.103133 -0.993550 -0.070692 0.099347 -0.992539 -0.123400 0.125479 -0.984392 -0.191629 0.134007 -0.972276 0.000000 0.000066 -1.000000 -0.000000 -0.000059 -1.000000 0.000000 0.000009 -1.000000 -0.000000 0.000021 -1.000000 -0.000000 0.000047 -1.000000 0.000000 0.000003 -1.000000 0.000000 0.000045 -1.000000 
						0.000000 -0.000014 -1.000000 0.000000 0.000000 -1.000000 0.000000 -0.000016 -1.000000 0.000000 -0.000009 -1.000000 0.000000 -0.000026 -1.000000 -0.998403 0.056487 -0.001032 -0.996302 0.025195 -0.082148 -0.998377 -0.056929 -0.001341 -0.996302 -0.025196 -0.082147 -0.998322 -0.057884 0.001328 -0.996127 -0.068431 -0.055207 -0.998318 -0.057956 0.001161 -0.998291 -0.058419 0.001586 -0.998327 0.057797 0.001317 -0.996127 0.068438 -0.055203 -0.948884 0.004260 -0.315595 -0.938100 0.017173 -0.345938 -0.938099 -0.017180 -0.345940 -0.944782 -0.016254 -0.327295 -0.948881 -0.004243 -0.315606 -0.779635 -0.027103 -0.625648 -0.779638 0.027110 -0.625644 -0.813214 0.034619 -0.580934 -0.812177 0.032918 -0.582481 -0.813216 -0.034613 -0.580932 -0.475589 -0.159526 -0.865082 -0.449857 -0.076690 -0.889802 -0.394589 -0.096236 -0.913804 -0.449861 0.076701 -0.889799 -0.392254 0.106825 -0.913633 -0.475581 0.159536 -0.865084 -0.163024 0.136927 -0.977074 -0.081448 -0.101456 -0.991500 -0.168848 -0.145646 -0.974822 -0.087618 0.102479 -0.990869 -0.087618 -0.102480 -0.990869 -0.046665 -0.121823 -0.991454 -0.998348 -0.057458 -0.000050 0.034430 -0.999399 0.003913 0.157121 -0.434737 0.886745 0.066101 -0.997803 0.004356 0.301932 -0.644152 0.702783 0.220944 0.080082 0.971993 -0.074788 -0.992394 0.097784 0.627501 -0.258962 0.734290 -0.043770 -0.999035 -0.003657 -0.163069 -0.435050 -0.885517 -0.307632 -0.645278 -0.699271 -0.223740 0.079649 -0.971389 -0.629214 -0.260217 -0.732377 -0.005455 -0.999985 -0.000432 0.072035 -0.992888 -0.094789 -0.031880 -0.946744 -0.320405 0.007879 -0.999957 -0.004923 0.054517 -0.443063 -0.894831 -0.004672 -0.999973 -0.005714 0.230779 -0.662447 -0.712674 0.208321 0.057620 -0.976362 -0.011407 -0.999933 -0.001884 -0.078445 -0.993412 -0.083546 0.559524 -0.286310 -0.777791 -0.016655 -0.999848 0.005093 -0.059700 -0.443495 0.894286 -0.231102 -0.662490 0.712529 
						-0.209287 0.057457 0.976165 -0.554893 -0.283434 0.782151 0.080504 -0.993091 0.085378 0.018983 -0.956829 0.290031 -0.070239 -0.997521 -0.004268 0.031997 -0.945687 0.323501 -0.018704 -0.957476 -0.287906 -0.081450 0.101476 -0.991498 -0.000000 -0.951006 0.309172 -0.011860 -0.954021 0.299504 -0.007993 -0.950410 0.310897 -0.014402 -0.948741 0.315727 -0.027924 -0.946329 0.321995 -0.017960 -0.946328 0.322708 -0.018709 -0.944718 0.327349 -0.025681 -0.938528 0.344246 -0.014401 -0.941237 0.337439 0.001791 -0.931387 0.364026 -0.007993 -0.939567 0.342271 -0.006744 -0.938950 0.343987 0.006744 -0.938950 0.343987 -0.001794 -0.931386 0.364028 0.007993 -0.939567 0.342272 0.014402 -0.941237 0.337440 0.025679 -0.938528 0.344246 0.018710 -0.944718 0.327349 0.027924 -0.946329 0.321995 0.017960 -0.946328 0.322708 0.014403 -0.948741 0.315727 -0.088212 -0.981175 0.171797 -0.021017 -0.951436 0.307127 0.011860 -0.954021 0.299504 0.007992 -0.950410 0.310896 0.000000 -0.990979 0.134018 -0.069362 -0.995888 -0.058282 -0.047383 -0.988434 0.144061 -0.008146 -0.862710 0.505633 -0.000003 -0.932639 0.360811 0.021098 -0.951455 0.307065 0.123616 -0.967397 0.221050 0.088213 -0.981175 0.171797 -0.134516 -0.912023 0.387453 -0.012575 -0.932885 0.359956 0.134518 -0.912022 0.387454 0.144230 -0.944581 0.294898 -0.123614 -0.967397 0.221047 0.008141 -0.862710 0.505633 0.081312 -0.877896 0.471897 -0.000000 -0.954992 0.296631 0.047364 -0.988429 0.144100 -0.081313 -0.877896 0.471897 -0.144227 -0.944581 0.294897 0.012576 -0.932884 0.359956 0.213128 -0.964070 0.158572 0.148384 -0.986587 0.068039 0.172039 -0.984864 -0.021119 0.121251 -0.910306 0.395780 0.197553 -0.938208 0.284145 -0.132181 -0.991076 -0.017192 -0.184521 -0.981312 0.054587 0.184520 -0.981312 0.054587 -0.213130 -0.964070 0.158571 0.132180 -0.991077 -0.017193 -0.197554 -0.938208 0.284144 
						0.069348 -0.995890 -0.058253 -0.121251 -0.910306 0.395780 -0.000000 -0.997377 -0.072379 -0.019755 -0.897341 0.440896 0.019756 -0.897341 0.440896 -0.157466 -0.981920 -0.105058 -0.137287 -0.976375 -0.166868 -0.172091 -0.984855 -0.021105 0.157504 -0.981913 -0.105069 0.115733 -0.978974 -0.167973 -0.148385 -0.986586 0.068040 0.059472 -0.976983 -0.204861 -0.087019 -0.986759 0.136872 0.000001 -0.976326 -0.216307 -0.026909 -0.986192 0.163405 0.026910 -0.986192 0.163405 0.087020 -0.986759 0.136873 -0.059450 -0.976993 -0.204816 -0.115637 -0.978998 -0.167899 0.059459 -0.944313 -0.323631 0.062782 -0.917646 -0.392409 0.021401 -0.916793 -0.398788 0.134322 -0.963482 -0.231646 0.105980 -0.952114 -0.286786 -0.111904 -0.988143 -0.105121 -0.061496 -0.996253 -0.060812 -0.000000 -0.941368 -0.337380 -0.019259 -0.998779 -0.045489 0.019261 -0.998779 -0.045489 0.061497 -0.996253 -0.060812 -0.059458 -0.944313 -0.323631 0.111905 -0.988143 -0.105121 -0.105980 -0.952114 -0.286787 0.137288 -0.976375 -0.166868 -0.134242 -0.963497 -0.231632 0.093626 -0.981727 -0.165670 0.000000 -0.919018 -0.394216 -0.000002 -0.919019 -0.394213 -0.093636 -0.981729 -0.165653 -0.000000 -0.918442 -0.395555 -0.026719 -0.990450 -0.135261 0.026721 -0.990450 -0.135261 -0.021401 -0.916794 -0.398787 0.140795 -0.962318 -0.232638 -0.062783 -0.917646 -0.392409 0.142526 -0.940795 -0.307557 -0.109139 -0.924905 -0.364198 0.109142 -0.924904 -0.364198 -0.142525 -0.940795 -0.307556 -0.140795 -0.962318 -0.232638 -0.051370 -0.853075 -0.519253 0.060290 -0.960113 -0.273034 -0.066873 -0.860769 -0.504584 -0.000000 -0.919011 -0.394231 0.000000 -0.919013 -0.394228 0.000002 -0.919016 -0.394220 -0.000002 -0.919018 -0.394216 0.000003 -0.919016 -0.394220 0.000003 -0.919012 -0.394230 0.000001 -0.919011 -0.394231 -0.000000 -0.919017 -0.394218 0.000001 -0.919018 -0.394215 -0.000002 -0.919017 -0.394219 -0.000001 -0.919013 -0.394227 
						0.000003 -0.919019 -0.394214 0.000000 -0.919018 -0.394216 0.000000 0.919016 0.394219 0.034269 0.910847 0.411319 0.000002 0.919016 0.394221 -0.440135 -0.293101 0.848748 -0.246494 -0.488609 0.836960 -0.443200 -0.462987 0.767605 0.054501 -0.852933 -0.519167 -0.065471 -0.959117 -0.275335 -0.047788 -0.964335 -0.260334 -0.779114 -0.185884 0.598689 -0.774839 -0.357406 0.521426 0.108516 -0.874255 -0.473183 0.062080 -0.859884 -0.506701 -0.965520 -0.203411 0.162468 -0.973023 -0.027284 0.229090 0.137164 -0.896811 -0.420614 -0.110394 -0.944470 -0.309497 -0.967642 -0.026114 -0.250972 -0.972910 0.147391 -0.178106 -0.137469 -0.897309 -0.419451 -0.137388 -0.922504 -0.360708 0.003221 0.453336 -0.891334 0.425929 0.240385 -0.872238 0.438535 0.413316 -0.798033 0.110618 -0.944352 -0.309779 0.137465 -0.922366 -0.361032 -0.435497 0.413906 -0.799390 -0.771550 0.133068 -0.622096 -0.423568 0.240834 -0.873264 0.061206 -0.959939 -0.273443 -0.109427 -0.874718 -0.472117 -0.782338 0.304155 -0.543541 -0.000000 0.919015 0.394222 0.026085 0.929823 0.367081 0.010828 0.933143 0.359341 -0.000000 0.933557 0.358429 -0.000000 0.919015 0.394222 -0.000000 0.919016 0.394220 -0.039092 0.917447 0.395932 -0.034270 0.910847 0.411319 0.039086 0.917448 0.395930 -0.000000 0.919017 0.394219 0.000000 0.919015 0.394222 0.036170 0.924230 0.380120 0.000000 0.919015 0.394222 -0.000000 0.933557 0.358429 -0.010829 0.933143 0.359342 -0.026084 0.929821 0.367087 0.000000 0.919015 0.394222 -0.036184 0.924228 0.380123 -0.000000 0.919015 0.394223 0.000000 0.919017 0.394219 0.000000 0.903107 0.429415 0.000000 0.919017 0.394217 -0.043750 -0.825515 -0.562682 0.017315 -0.833807 -0.551784 -0.075613 -0.800913 -0.593987 0.000001 0.919017 0.394219 -0.016760 0.904612 0.425907 0.016762 0.904612 0.425907 -0.000000 0.172284 0.985047 0.335822 0.199719 0.920508 
						0.000000 -0.187557 0.982254 0.470496 -0.140259 0.871184 0.631184 0.284994 0.721378 0.795272 -0.026344 0.605681 0.807575 0.414452 0.419587 0.962536 0.131812 0.236959 0.817811 0.573293 0.050198 0.952162 0.283122 -0.115019 0.639672 0.715329 -0.281290 0.795268 0.420702 -0.436529 0.341796 0.803675 -0.487115 0.470499 0.534606 -0.702016 0.013121 0.832447 -0.553949 0.105861 0.579195 -0.808286 -0.074323 0.830219 -0.552461 -0.396349 0.792968 -0.462719 -0.375838 0.552566 -0.743920 -0.658741 0.706186 -0.259539 -0.763571 0.437510 -0.474915 -0.817822 0.573276 0.050212 -0.952160 0.283129 -0.115022 -0.807582 0.414452 0.419572 -0.962535 0.131819 0.236962 -0.631169 0.284990 0.721392 -0.795269 -0.026347 0.605684 -0.335816 0.199721 0.920510 -0.470495 -0.140259 0.871184 -0.781078 0.304769 -0.545007 -0.967204 -0.025312 -0.252738 -0.972485 0.148188 -0.179756 -0.431976 -0.294668 0.852389 -0.006434 -0.504175 0.863578 -0.010683 -0.333332 0.942749 -0.973164 -0.027141 0.228504 -0.966600 -0.201627 0.158209 0.973746 -0.026125 0.226133 0.967127 -0.025188 -0.253042 0.972452 0.148248 -0.179889 -0.779265 -0.185751 0.598533 -0.777624 -0.356050 0.518198 0.780929 0.304852 -0.545174 0.770124 0.133810 -0.623702 -0.438577 -0.463928 0.769689 0.445922 0.411841 -0.794695 0.435661 0.238522 -0.867933 0.002308 0.278242 -0.960508 0.251040 0.438824 -0.862793 0.239739 0.270150 -0.932494 0.780053 -0.185370 0.597625 0.964965 -0.204358 0.164561 -0.254186 0.438452 -0.862061 -0.435355 0.238588 -0.868068 -0.446895 0.411660 -0.794242 -0.770173 0.133776 -0.623649 0.432956 -0.464995 0.772223 0.772853 -0.358412 0.523679 0.444266 -0.292266 0.846882 0.252260 -0.487863 0.835676 0.239488 -0.323689 0.915353 -0.111192 -0.875586 -0.470091 0.107778 -0.945733 -0.306550 0.781936 -0.184480 0.595435 0.446605 -0.462302 0.766042 -0.137829 -0.897944 -0.417971 
						0.136773 -0.923504 -0.358376 0.965918 -0.202745 0.160923 0.775609 -0.357030 0.520538 0.137720 -0.897737 -0.418451 -0.136964 -0.923161 -0.359187 0.974208 -0.025204 0.224240 0.967180 -0.025313 -0.252828 -0.109570 -0.944860 -0.308601 0.110246 -0.875128 -0.471165 0.780769 0.304921 -0.545364 0.972467 0.148153 -0.179886 -0.059616 -0.960236 -0.272749 0.061851 -0.859851 -0.506785 0.770483 0.133580 -0.623307 0.001064 -0.965441 -0.260620 0.001721 -0.854191 -0.519957 -0.000001 0.919015 0.394223 -0.059313 -0.859363 -0.507914 0.005718 -0.912290 0.409505 0.317190 -0.883966 0.343503 0.572421 -0.804547 0.158236 0.719269 -0.683677 -0.123440 0.716932 -0.556536 -0.419852 0.581323 -0.444173 -0.681743 0.334695 -0.363655 -0.869330 0.179687 -0.326633 -0.927913 -0.182617 -0.326454 -0.927404 -0.334175 -0.363597 -0.869554 -0.581602 -0.444387 -0.681366 -0.717154 -0.556994 -0.418866 -0.718947 -0.684256 -0.122106 -0.571614 -0.804937 0.159164 -0.311269 -0.885057 0.346101 -0.007114 -0.331991 -0.943256 -0.329072 -0.362572 -0.871925 -0.583080 -0.445028 -0.679682 -0.717600 -0.557756 -0.417083 -0.719907 -0.682529 -0.126049 -0.574127 -0.803698 0.156361 -0.322344 -0.882986 0.341218 -0.179572 -0.897485 0.402833 0.179688 -0.897467 0.402821 0.319267 -0.883587 0.342553 0.573454 -0.804026 0.157138 0.719675 -0.682931 -0.125197 0.717166 -0.556996 -0.418843 0.582498 -0.444749 -0.680364 0.323752 -0.361576 -0.874327 0.422024 -0.296529 0.856719 -0.022077 -0.914548 -0.403874 0.005292 -0.909610 -0.415430 0.004054 -0.919008 -0.394219 -0.251256 -0.834856 -0.489782 -0.436432 -0.834882 -0.335408 -0.306032 -0.874921 -0.375310 0.149770 -0.818070 -0.555275 0.076953 -0.797036 -0.599009 0.038188 -0.839421 -0.542139 -0.058488 -0.886050 -0.459885 -0.050204 -0.897060 -0.439049 0.063576 -0.882796 -0.465434 0.056787 -0.895341 -0.441746 0.055050 -0.870667 -0.488783 0.032295 -0.853504 -0.520085 
						-0.203227 -0.790492 -0.577773 -0.343037 -0.797732 -0.495933 0.346828 -0.795448 -0.496964 0.206686 -0.787129 -0.581127 -0.016185 -0.836509 -0.547714 -0.051539 -0.872992 -0.485004 -0.060284 0.944511 0.322901 -0.055978 0.927867 0.368687 -0.048741 0.926924 0.372071 -0.146786 -0.820623 -0.552297 0.293012 -0.878679 -0.376918 0.249467 -0.835724 -0.489215 -0.030846 -0.856866 -0.514616 -0.387003 0.144981 -0.910609 0.002464 -0.372239 -0.928134 -0.009139 0.176435 -0.984270 -0.458022 -0.428458 -0.778871 -0.246713 -0.387753 -0.888133 -0.694965 0.062697 -0.716305 -0.625558 -0.493664 -0.604130 -0.901746 -0.058958 -0.428227 -0.723305 -0.576372 -0.380296 -0.975359 -0.203631 -0.084909 -0.736295 -0.662971 -0.135424 -0.908464 -0.339841 0.243315 -0.666085 -0.738721 0.103066 -0.684224 -0.431467 0.587941 -0.746673 -0.439609 0.499223 -0.641518 -0.712692 0.283769 0.682530 -0.432408 0.589216 0.672567 -0.733477 0.098309 0.659445 -0.698425 0.278091 0.474988 -0.816560 -0.328049 0.910452 -0.337627 0.238923 0.757934 -0.433033 0.487871 0.735031 -0.664842 -0.133097 0.975444 -0.199424 -0.093480 0.893902 -0.050683 -0.445388 0.723227 -0.578075 -0.377852 0.681878 0.068357 -0.728265 0.627009 -0.495626 -0.601011 0.358705 0.150007 -0.921319 0.458666 -0.428743 -0.778335 0.249397 -0.388324 -0.887133 0.030313 -0.912740 -0.407416 -0.383924 0.364051 -0.848569 -0.019743 0.394118 -0.918848 -0.713005 0.276446 -0.644361 -0.999971 0.003009 -0.007048 -0.930484 0.144434 -0.336658 -0.931411 -0.143488 0.334491 -0.762171 -0.255217 0.594946 0.665086 -0.294403 0.686285 0.778873 -0.247264 0.576383 0.933772 -0.141079 0.328886 0.928101 0.146794 -0.342169 0.999884 -0.006026 0.013995 0.716442 0.275035 -0.641145 0.361695 0.367534 -0.856793 1.000000 -0.000168 0.000396 1.000000 -0.000174 0.000408 1.000000 -0.000188 0.000425 -0.192529 0.969277 0.153081 -0.322414 0.919365 0.225427 
						-0.320344 0.919781 0.226678 0.002142 0.919014 0.394219 0.003537 0.919009 0.394221 -0.375205 0.851875 0.365418 -0.389075 0.846601 0.363163 0.380719 0.849806 0.364531 0.327226 0.918382 0.222481 0.327001 0.918430 0.222613 0.057287 0.928031 0.368071 0.051529 0.927294 0.370770 0.198700 0.969323 0.144677 0.191296 0.969256 0.154754 0.072332 0.948566 0.308205 0.080182 0.951021 0.298545 0.057568 0.987160 0.148998 0.053257 0.984291 0.168327 0.040874 0.973976 0.222936 0.037049 0.970179 0.239543 -0.040313 0.973437 0.225376 -0.044108 0.976965 0.208789 -0.051661 0.983134 0.175439 -0.056346 0.986384 0.154506 -0.096167 0.955557 0.278680 -0.184155 0.969048 0.164415 0.997510 0.069054 0.014341 0.981101 -0.193496 0.001038 0.996695 0.075642 0.029630 -0.980517 -0.196348 0.005903 -0.997880 0.057444 0.030587 -0.997836 0.058150 0.030682 -0.057889 0.994668 0.085347 0.049429 0.995809 -0.076944 0.057909 0.994668 -0.085334 0.055685 -0.995140 -0.081213 -0.047737 -0.996183 0.073087 -0.055671 -0.995140 0.081221 0.980516 -0.196351 -0.005903 0.997566 0.068217 0.014436 0.980610 -0.195833 -0.007321 -0.036183 0.998168 0.048488 0.021522 0.999519 -0.022339 0.036203 0.998168 -0.048481 -0.981102 -0.193490 -0.001038 -0.997658 0.062045 0.028783 0.064390 0.993700 -0.091727 -0.064398 0.993700 0.091726 0.042737 -0.996932 -0.065574 -0.042750 -0.996932 0.065568 -0.045906 -0.996973 0.062749 0.038043 -0.997988 -0.050716 -0.038018 -0.997989 0.050723 0.020262 -0.999653 -0.016810 0.007162 -0.997148 0.075131 -0.020251 -0.999654 0.016808 -0.991344 -0.131293 -0.000432 -0.991700 0.128437 -0.005983 -0.993596 0.112589 0.009525 0.997106 0.074111 0.016926 0.982289 -0.187294 -0.005310 -0.980611 -0.195830 0.007320 -0.997556 0.064850 0.025996 -0.043618 0.996713 0.068270 0.043602 0.996713 -0.068282 0.001139 0.996873 0.079013 
						-0.001159 0.996873 -0.079012 -0.988894 -0.148543 0.004939 -0.995030 0.097268 0.021292 -0.045142 0.997008 0.062750 0.045145 0.997008 -0.062749 0.988895 -0.148537 -0.004938 0.993439 0.114061 0.008264 0.991343 -0.131294 0.000433 0.047323 -0.997057 0.060313 -0.044044 -0.998587 -0.029749 0.044037 -0.998586 0.029769 -0.007142 -0.997147 -0.075146 0.991848 -0.127105 -0.009056 0.777230 0.198666 -0.597031 0.787157 -0.061510 -0.613678 -0.991853 -0.127068 0.009052 -0.797352 0.197300 0.570353 -0.363348 -0.004155 0.931644 -0.048473 0.296502 0.953801 -0.370943 0.264137 0.890299 0.353573 0.264626 -0.897195 0.363349 -0.004153 -0.931644 -0.787158 -0.061494 0.613678 -0.041386 0.997242 -0.061612 0.996409 0.083435 0.014441 0.036845 0.998863 0.030252 -0.036844 0.998863 -0.030263 -0.000239 -0.999822 0.018838 0.039605 0.296771 -0.954127 0.041888 0.013390 -0.999033 0.032612 0.298394 -0.953886 0.035720 0.009026 -0.999321 -0.041888 0.013383 0.999033 -0.043840 0.297571 0.953693 0.001109 0.999785 -0.020707 -0.984824 -0.173479 0.005153 0.994708 0.102141 0.011107 0.984824 -0.173481 -0.005153 -0.996797 0.076538 0.023187 -0.982290 -0.187293 0.005310 0.044308 0.996855 -0.065706 -0.044316 0.996855 0.065698 0.044147 -0.996965 -0.064118 0.045893 -0.996973 -0.062755 -0.044147 -0.996965 0.064119 0.991511 0.129314 -0.013528 0.702275 -0.711324 -0.028772 0.694002 -0.719971 0.001689 0.068657 -0.992703 -0.099131 -0.702271 -0.711328 0.028774 -0.694009 -0.719964 -0.001690 -0.068661 -0.992703 0.099131 -0.722871 0.690012 -0.036608 -0.736906 0.675990 0.002716 -0.994808 0.082518 -0.059567 -0.994911 0.080183 -0.061019 0.736895 0.676001 -0.002718 0.722868 0.690016 0.036607 0.691145 -0.722712 0.002244 -0.691148 -0.722710 -0.002244 0.733118 0.680095 -0.002860 -0.049437 0.995809 0.076947 -0.733099 0.680116 0.002884 -0.994949 0.079314 -0.061525 
						0.665004 0.746826 -0.004397 0.637129 0.770720 -0.007565 0.659169 -0.751959 -0.007296 0.675981 -0.736915 0.002538 -0.659130 -0.751994 0.007301 -0.675986 -0.736911 -0.002539 -0.021559 0.999518 0.022333 -0.665032 0.746802 0.004387 -0.637124 0.770724 0.007566 -0.992894 0.115642 -0.028069 -0.990859 0.130248 0.035135 -0.583899 -0.676292 0.449099 -0.537823 0.723562 0.432672 -0.747589 0.200178 0.633277 0.537817 0.723569 -0.432668 0.583897 -0.676295 -0.449098 -0.263428 0.682299 0.681963 0.041383 0.997241 0.061620 0.263428 0.682297 -0.681965 0.312336 -0.577971 -0.753920 -0.312337 -0.577970 0.753921 0.031278 0.683443 -0.729333 0.044152 -0.545111 -0.837200 -0.031277 0.683447 0.729330 -0.326443 0.265197 0.907252 -0.028695 0.297006 0.954444 -0.023716 0.686670 0.726583 -0.001106 0.999786 0.020661 0.023716 0.686666 -0.726586 0.031183 -0.546582 -0.836825 0.000239 -0.999823 -0.018831 -0.031184 -0.546576 0.836829 -0.035725 0.009025 0.999321 -0.044151 -0.545113 0.837199 0.685657 -0.727925 0.000243 0.681839 -0.731500 -0.001864 -0.685656 -0.727926 -0.000244 -0.681835 -0.731503 0.001865 0.688532 -0.725205 0.001567 -0.688535 -0.725202 -0.001568 -0.708679 0.705529 0.001877 -0.686027 0.727532 0.008037 -0.994576 0.090149 -0.051886 -0.993324 0.106899 -0.043352 -0.722360 0.691516 -0.000668 -0.994743 0.083209 -0.059691 0.686062 0.727498 -0.008016 0.708666 0.705541 -0.001879 0.722369 0.691508 0.000670 0.047719 -0.996182 -0.073100 0.634199 -0.459272 -0.621981 0.373296 0.300693 -0.877630 0.375093 -0.288820 -0.880845 -0.722344 0.518464 -0.457617 0.650053 0.479039 -0.589875 0.731540 0.511021 -0.451339 1.000000 -0.000000 0.000000 1.000000 0.000001 0.000000 1.000000 -0.000000 0.000000 0.657954 -0.421996 0.623712 0.812104 0.570591 0.122118 0.655708 0.428052 0.621947 0.296837 -0.213558 0.930742 -0.548870 -0.535958 0.641476 
						0.561950 -0.530112 0.634975 1.000000 0.000004 0.000003 1.000000 0.000001 -0.000004 1.000000 -0.000000 -0.000005 -0.765593 0.617974 -0.178817 -0.812103 -0.570593 0.122115 -0.768061 0.629750 0.116175 0.554333 0.533544 0.638784 -0.722831 0.678962 0.128557 -0.556586 0.532526 0.637674 -0.145757 -0.202941 0.968282 -0.559977 0.412311 0.718628 -0.144955 0.212064 0.966445 0.146244 0.197378 0.969358 0.575494 -0.360270 0.734174 0.141392 -0.249812 0.957916 -0.195401 -0.179573 0.964143 0.469444 -0.516218 0.716338 -0.481072 -0.512295 0.711424 0.315337 -0.196802 0.928349 0.722347 -0.518459 -0.457619 -0.650052 -0.479039 -0.589877 -0.731538 -0.511022 -0.451341 0.149404 -0.057758 -0.987088 -0.732476 -0.659323 -0.169622 0.303308 -0.278366 -0.911327 0.745914 -0.645007 -0.166069 0.655712 0.589666 -0.471525 0.642576 -0.610568 -0.462928 0.152596 -0.068615 -0.985904 -0.404328 -0.279257 -0.870939 0.411808 -0.278097 -0.867800 0.309356 0.277708 -0.909493 -0.302590 0.278462 -0.911536 -0.607421 -0.522424 -0.598426 -0.373306 0.300695 -0.877625 -0.609818 0.517170 -0.600548 0.732478 0.659321 -0.169621 -0.745912 0.645009 -0.166070 -0.655708 -0.589665 -0.471532 -0.642568 0.610572 -0.462934 -0.149122 -0.064912 -0.986686 -0.371549 -0.311991 -0.874421 0.240556 0.338464 -0.909711 -0.148996 0.068078 -0.986492 0.750259 -0.637445 -0.175426 0.723475 0.669190 -0.169614 -0.651873 0.478020 -0.588692 0.406023 0.278990 -0.870236 0.152596 0.068613 -0.985904 -0.155256 0.068544 -0.985493 -0.410128 0.278345 -0.868515 -0.728322 -0.663641 -0.170670 -0.251118 0.242784 -0.937014 -0.239254 -0.348727 -0.906172 0.149002 0.068079 -0.986491 -0.303952 0.212880 0.928599 0.300886 0.213178 0.929528 0.195401 0.179574 0.964143 -0.469445 0.516218 0.716338 0.481072 0.512294 0.711424 0.722831 -0.678962 0.128557 1.000000 -0.000007 -0.000000 1.000000 0.000003 0.000004 
						1.000000 0.000002 0.000000 0.738980 0.661938 0.125484 0.313099 0.215601 0.924925 0.780361 -0.614127 0.117839 0.651877 -0.478017 -0.588691 -0.738982 -0.661934 0.125495 1.000000 -0.000001 -0.000000 1.000000 -0.000000 0.000000 -0.315345 -0.196803 0.928346 -0.665680 0.400331 0.629766 -0.651361 -0.439498 0.618523 -0.307973 -0.212500 0.927360 0.710740 -0.525795 -0.467321 0.642106 -0.493853 -0.586352 0.696323 -0.569711 -0.436535 0.630202 -0.506723 -0.588283 0.619971 -0.518267 -0.589096 0.675405 -0.595020 -0.435636 0.593437 -0.551772 -0.585987 0.710740 0.525790 -0.467326 0.642107 0.493857 -0.586348 0.696326 0.569708 -0.436536 0.619944 0.518255 -0.589136 0.675406 0.595019 -0.435637 0.604088 0.529639 -0.595449 0.395471 -0.299540 -0.868262 0.389434 -0.311693 -0.866712 0.386882 -0.312568 -0.867539 0.368384 -0.331405 -0.868599 0.395470 0.299538 -0.868263 0.630203 0.506725 -0.588280 0.386881 0.312570 -0.867539 -0.308643 -0.277780 -0.909713 -0.744788 -0.650601 -0.148356 -0.278902 -0.308038 -0.909575 -0.735118 -0.661569 -0.148079 -0.269882 -0.327196 -0.905598 -0.265747 -0.334440 -0.904173 -0.725409 -0.672452 -0.146938 -0.744786 0.650607 -0.148341 -0.278909 0.308036 -0.909573 -0.735119 0.661568 -0.148078 -0.265749 0.334438 -0.904173 -0.725410 0.672450 -0.146939 -0.232134 0.400547 -0.886384 -0.725325 0.667081 -0.170019 0.148312 0.067289 -0.986649 0.145805 0.067207 -0.987028 0.146199 0.067095 -0.986977 0.148307 -0.067296 -0.986649 0.145805 -0.067213 -0.987027 -0.269881 0.327192 -0.905599 0.146180 -0.067087 -0.986981 0.148865 -0.071142 -0.986295 -0.675406 -0.595020 -0.435635 -0.619972 -0.518267 -0.589096 -0.696323 -0.569712 -0.436536 -0.630201 -0.506724 -0.588284 -0.642106 -0.493856 -0.586350 -0.710741 -0.525793 -0.467321 -0.386883 -0.312569 -0.867538 -0.389434 -0.311694 -0.866711 -0.395472 -0.299538 -0.868262 0.725415 0.672447 -0.146928 
						0.265747 0.334440 -0.904173 0.735121 0.661566 -0.148080 0.278906 0.308040 -0.909573 0.744787 0.650602 -0.148358 -0.146180 -0.067089 -0.986980 0.269882 0.327193 -0.905598 -0.145783 -0.067182 -0.987033 -0.148311 -0.067293 -0.986649 -0.710737 0.525797 -0.467322 -0.642102 0.493859 -0.586352 -0.696321 0.569714 -0.436535 -0.630199 0.506729 -0.588282 -0.619941 0.518259 -0.589135 -0.675403 0.595022 -0.435637 -0.395470 0.299538 -0.868263 -0.389435 0.311691 -0.866711 -0.386879 0.312572 -0.867539 -0.751888 -0.645084 0.136129 0.744786 -0.650606 -0.148344 0.278908 -0.308038 -0.909573 0.735121 -0.661567 -0.148077 0.265752 -0.334437 -0.904173 0.725401 -0.672457 -0.146955 0.239254 -0.348725 -0.906172 -0.148312 0.067290 -0.986649 -0.145783 0.067177 -0.987033 0.269887 -0.327193 -0.905597 -0.146200 0.067096 -0.986977 -0.309529 0.202674 0.929040 0.153979 -0.148196 0.976897 0.185630 -0.152755 0.970674 -0.305613 0.201853 0.930514 0.128522 -0.178687 0.975476 -0.314883 0.200835 0.927639 0.148495 -0.170840 0.974045 0.185632 0.152753 0.970674 -0.309530 -0.202673 0.929040 0.153979 0.148195 0.976897 -0.305613 -0.201852 0.930514 0.128523 0.178686 0.975476 -0.303489 -0.208746 0.929688 -0.128523 -0.178689 0.975475 0.505899 -0.494704 0.706636 0.523287 -0.476906 0.706210 0.537690 -0.460023 0.706589 0.550211 -0.441763 0.708599 0.505913 0.494719 0.706615 0.537693 0.460025 0.706586 0.551182 0.438878 0.709637 1.000000 -0.000002 0.000000 1.000000 -0.000004 0.000000 1.000000 0.000001 -0.000000 1.000000 0.000004 0.000001 1.000000 0.000004 -0.000002 1.000000 0.000003 -0.000000 1.000000 0.000000 -0.000000 1.000000 0.000000 -0.000000 1.000000 -0.000002 0.000002 1.000000 -0.000000 -0.000002 1.000000 -0.000000 -0.000004 1.000000 -0.000006 0.000002 1.000000 -0.000003 0.000001 1.000000 -0.000002 0.000002 -0.589907 -0.511256 0.625002 
						-0.615312 -0.488692 0.618524 -0.634172 -0.463935 0.618539 -0.589907 0.511256 0.625001 -0.615329 0.488713 0.618490 -0.303452 0.208728 0.929704 -0.658313 0.420999 0.624007 -0.759029 -0.636791 0.135543 -0.765513 -0.628882 0.136003 -0.751888 0.645084 0.136128 -0.765515 0.628881 0.136001 -0.634173 0.463934 0.618538 -0.793422 0.596802 0.119619 -0.759029 0.636791 0.135543 0.765515 0.628880 0.136003 0.305614 0.201853 0.930514 -0.153977 -0.148199 0.976897 0.309529 0.202674 0.929040 -0.185631 -0.152755 0.970674 -0.185632 0.152753 0.970674 0.309530 -0.202674 0.929039 -0.551184 -0.438879 0.709634 -0.537700 -0.460029 0.706577 -0.523285 -0.476893 0.706219 -0.505902 -0.494713 0.706628 1.000000 0.000002 0.000000 1.000000 0.000002 0.000000 1.000000 0.000002 0.000000 1.000000 -0.000000 0.000000 1.000000 -0.000001 0.000000 1.000000 -0.000003 0.000002 1.000000 -0.000001 0.000000 1.000000 0.000001 -0.000000 0.303489 0.208746 0.929688 0.615312 0.488693 0.618523 0.589909 0.511256 0.625000 0.634172 0.463935 0.618539 0.751889 0.645084 0.136125 0.759030 0.636790 0.135544 0.751889 -0.645083 0.136127 -0.153979 0.148197 0.976897 0.305614 -0.201852 0.930514 -0.128523 0.178689 0.975475 0.303490 -0.208746 0.929687 -0.311512 0.228217 0.922430 -0.505906 0.494699 0.706634 -0.523288 0.476900 0.706213 -0.537694 0.460024 0.706585 1.000000 -0.000003 0.000000 1.000000 -0.000002 0.000000 1.000000 0.000000 0.000002 1.000000 0.000002 0.000004 1.000000 0.000002 0.000000 0.589901 -0.511232 0.625026 0.615312 -0.488692 0.618523 0.765515 -0.628880 0.136002 0.634172 -0.463936 0.618539 0.759030 -0.636790 0.135544 0.389434 0.311691 -0.866712 -0.155256 -0.068544 -0.985493 0.000000 0.000000 -1.000000 -0.279016 -0.226041 -0.933304 -0.000003 -0.000003 -1.000000 0.000000 0.000000 -1.000000 0.044165 -0.325448 -0.944528 
						-0.000000 -0.000000 -1.000000 -0.000168 0.000003 -1.000000 -0.154640 -0.303359 -0.940244 0.433952 0.900931 0.003040 0.742461 0.666512 0.067182 0.688041 0.718675 0.100528 0.107649 -0.971379 -0.211743 -0.108538 -0.971144 0.212364 -0.107676 -0.971380 -0.211725 0.000168 0.000022 -1.000000 0.154576 0.303372 -0.940251 0.000001 0.000002 -1.000000 -0.080013 0.996333 0.030295 0.062357 0.997834 -0.020934 0.080043 0.996332 -0.030269 0.000000 0.000000 -1.000000 -0.279000 0.226042 -0.933308 0.000000 0.000000 -1.000000 -0.279727 -0.795059 0.538177 -0.043598 -0.325342 0.944591 -0.014046 -0.757708 0.652443 -0.000000 0.000000 -1.000000 0.373287 -0.035552 -0.927035 -0.000000 0.000000 -1.000000 -0.760413 0.649440 0.000000 -0.942211 0.335010 0.002443 -0.942501 0.334204 0.000000 0.430908 -0.902395 0.001302 0.112043 -0.993645 0.010815 0.432794 -0.901492 -0.000747 -0.107582 0.971385 -0.211749 0.108530 0.971153 0.212329 0.107741 0.971373 -0.211721 -0.000002 -0.000002 -1.000000 0.355347 0.118985 -0.927130 0.000002 0.000001 -1.000000 -0.760447 -0.649400 -0.000001 -0.435596 -0.900131 -0.004503 -0.437266 -0.899332 -0.000000 0.941309 0.337544 -0.000765 0.864560 0.501273 -0.035534 0.864385 0.501519 0.036283 0.373295 0.035459 -0.927035 -0.755777 0.654827 0.001413 -0.432802 0.901489 -0.000759 -0.757668 0.652639 -0.000844 0.942501 -0.334204 -0.000000 0.999344 -0.030635 0.019291 0.999713 -0.023950 0.000002 0.755777 -0.654827 0.001437 0.757667 -0.652641 -0.000846 -0.000000 0.000000 -1.000000 -0.373296 -0.035452 -0.927035 -0.000000 0.000000 -1.000000 0.760447 -0.649400 -0.000000 0.942209 -0.335018 0.002440 -0.355346 -0.118984 -0.927131 0.941309 -0.337546 0.000767 0.941995 -0.335627 -0.000459 -0.044183 -0.325429 -0.944534 0.437267 0.899332 0.000000 0.063290 0.997768 0.021290 0.054708 0.998502 0.000000 0.112334 -0.993612 -0.010798 
						-0.001795 -0.999951 0.009685 -0.373326 0.034686 -0.927051 0.000000 0.000000 -1.000000 0.760379 0.649479 0.000000 0.435599 0.900129 -0.004506 0.996573 -0.081745 0.012631 0.996644 0.080903 0.012497 0.996573 0.081750 -0.012620 0.998507 -0.045745 -0.029845 0.943037 -0.332688 0.000235 0.942240 -0.334932 -0.001975 0.000000 0.000000 -1.000000 -0.355367 0.118994 -0.927122 0.942483 0.334253 0.000000 0.774056 0.630002 0.062724 0.760379 0.649479 0.000000 0.000000 0.000000 -1.000000 0.044125 0.325443 -0.944532 0.999713 0.023950 0.000000 0.942210 0.335015 -0.002442 -0.154640 0.303362 -0.940244 0.000000 0.000000 -1.000000 -0.999345 0.030633 0.019288 -0.999713 0.023949 0.000002 -0.430906 -0.902396 -0.001309 -0.221169 -0.974735 -0.031228 -0.221111 -0.974746 0.031327 -0.063299 0.997768 -0.021285 -0.054776 0.998499 0.000000 -0.279740 0.795062 0.538166 -0.275352 0.227555 0.934023 -0.000000 -0.000000 1.000000 0.014047 0.757708 0.652443 -0.043571 0.325307 0.944604 -0.013807 0.757706 0.652450 -0.000000 -0.000000 1.000000 -0.373079 0.033503 0.927195 -0.819896 0.029751 0.571739 -0.979571 -0.084046 -0.182693 -0.979721 0.080618 0.183430 -0.979779 0.081506 -0.182731 0.043566 -0.325329 0.944597 0.013797 -0.757705 0.652451 0.000002 0.000001 1.000000 -0.275318 -0.227546 0.934036 -0.000002 -0.000002 1.000000 -0.819908 -0.029748 0.571722 -0.352924 -0.121393 0.927744 0.819909 0.029772 0.571720 0.352923 0.121396 0.927744 0.000000 -0.000000 1.000000 0.275361 0.227570 0.934017 -0.000000 -0.000000 1.000000 0.819896 -0.029776 0.571738 0.373078 0.033512 0.927195 0.279695 0.795067 0.538181 0.043595 0.325296 0.944607 0.152619 -0.302938 0.940710 0.279741 -0.795061 0.538166 0.275337 -0.227572 0.934024 -0.000000 -0.000000 1.000000 0.352924 -0.121392 0.927744 -0.000000 -0.000000 1.000000 0.373070 -0.033642 0.927193 
						-0.942231 -0.334958 0.001945 -0.999389 -0.029804 0.018261 -0.998507 -0.045742 0.029848 -0.758411 -0.651767 0.003413 -0.943033 -0.332699 -0.000239 -0.996573 -0.081747 -0.012626 -0.941995 -0.335627 0.000466 -0.941309 -0.337545 -0.000765 -0.124038 -0.988624 -0.085066 -0.436704 -0.899605 -0.000342 -0.433950 -0.900932 0.003037 0.080028 -0.996333 0.030279 -0.046340 -0.998750 0.018757 -0.033543 -0.999067 0.027209 0.761048 -0.648695 0.000389 0.758441 -0.651732 -0.003467 0.436733 -0.899591 0.000330 0.433953 -0.900930 -0.003042 0.062342 -0.997835 0.020943 -0.433928 0.900942 -0.003007 -0.062365 0.997834 0.020932 -0.758428 0.651748 -0.003444 -0.436709 0.899603 0.000340 -0.430905 0.902396 0.001308 -0.112041 0.993645 0.010821 -0.998507 0.045745 -0.029845 -0.943034 0.332697 0.000240 -0.942229 0.334963 -0.001940 0.942231 0.334958 0.001946 0.999389 0.029805 0.018261 0.998507 0.045743 0.029849 0.814748 0.572103 -0.094253 0.943048 0.332657 -0.000224 0.941994 0.335628 0.000459 0.436737 0.899589 -0.000328 -0.044220 0.325430 -0.944532 0.996644 -0.080904 -0.012498 0.999389 -0.029818 -0.018256 -0.761048 -0.648695 -0.000389 -0.761033 0.648713 0.000396 -0.352893 0.121379 0.927757 -0.819896 0.029751 0.571739 -0.373085 -0.033639 0.927187 -0.152681 -0.302944 0.940698 0.152622 0.302953 0.940705 -0.941309 0.337544 0.000766 -0.941994 0.335629 -0.000467 0.000000 0.000000 -1.000000 0.154595 -0.303413 -0.940234 0.621716 0.782296 -0.038497 0.432795 0.901492 0.000748 0.430909 0.902395 -0.001314 -0.996644 0.080904 -0.012493 -0.996643 -0.080911 0.012464 0.279009 0.226051 -0.933303 0.000000 0.000000 -1.000000 0.279005 -0.226033 -0.933309 -0.996573 0.081748 0.012629 0.355327 -0.118974 -0.927140 0.112042 0.993645 -0.010816 0.112335 0.993612 0.010789 -0.999713 -0.023950 0.000000 -0.942212 -0.335009 -0.002443 -0.942501 -0.334205 -0.000000 
						-0.759269 -0.650760 -0.004669 -0.419473 0.884891 -0.202511 -0.108694 0.971125 0.212370 -0.999345 -0.030633 -0.019290 -0.738889 0.646076 -0.191385 -0.421158 0.883216 0.206289 0.979570 0.084057 -0.182694 0.924282 0.333543 0.185610 0.979611 0.081989 0.183410 -0.079110 -0.995002 0.060925 -0.054776 -0.998499 0.000001 0.419442 -0.884903 -0.202519 0.108685 -0.971129 0.212358 -0.924144 0.335835 -0.182132 -0.739586 0.644038 0.195518 0.924143 0.335837 -0.182132 0.739583 0.644042 0.195518 -0.757664 -0.652645 0.000822 -0.755778 -0.654827 -0.001434 -0.054776 -0.998499 -0.000000 0.063293 -0.997768 -0.021286 0.054726 -0.998501 -0.000000 0.738895 -0.646080 -0.191349 0.421120 -0.883231 0.206304 -0.979305 0.087117 -0.182683 -0.924281 0.333541 0.185621 0.738887 0.646079 -0.191385 0.421114 0.883236 0.206296 0.999345 0.030618 -0.019295 0.924143 -0.335837 -0.182133 0.739560 -0.644058 0.195550 -0.112334 0.993612 -0.010824 -0.419475 -0.884892 -0.202503 -0.421170 -0.883210 0.206293 0.419438 0.884905 -0.202520 0.437296 -0.899317 -0.000000 0.759273 -0.650755 0.004670 0.979546 -0.084297 -0.182710 0.924290 -0.333540 0.185578 -0.738893 -0.646067 -0.191401 -0.739563 -0.644056 0.195549 -0.999389 0.029818 -0.018257 0.435608 -0.900125 0.004510 -0.924143 -0.335839 -0.182131 -0.924288 -0.333538 0.185591 -0.435596 0.900131 0.004503 -0.437218 0.899355 0.000000 0.979637 -0.081564 0.183461 -0.979613 -0.081923 0.183430 -0.432800 -0.901489 0.000754 -0.759260 0.650770 0.004664 -0.152676 0.302928 0.940704 -0.979555 0.082654 0.183413 -0.078525 -0.995029 -0.061253 0.774581 0.629364 -0.062649 0.621491 0.782511 0.037749 -0.373078 0.033522 0.927194 -0.373246 0.036443 -0.927017 0.742158 0.666895 -0.066725 -0.047005 -0.998714 -0.019001 -0.001839 -0.999950 -0.009853 0.198091 -0.179389 0.963628 -0.642978 0.685620 -0.341327 -0.172843 0.938350 -0.299375 
						-0.606330 0.714016 -0.350065 -0.857286 -0.164691 0.487788 -0.949784 0.312908 0.000002 -0.826517 -0.298592 0.477191 -0.034418 0.912132 0.408449 -0.296029 0.805894 0.512739 -0.000000 0.994153 0.107984 -0.429495 0.569388 0.700951 -0.829082 0.288960 0.478671 -0.857098 0.166199 0.487608 -0.951107 -0.308862 -0.000000 -0.968237 -0.249857 0.009435 -0.610936 -0.708761 -0.352724 -0.656873 -0.667772 -0.350140 -0.176983 -0.935258 -0.306544 -0.144208 -0.973721 -0.176268 0.000000 -0.995419 0.095612 -0.034613 -0.917566 0.396074 -0.288964 -0.816088 0.500500 -0.423416 -0.588225 0.688993 -0.396776 -0.676970 0.619903 -0.846080 -0.213370 0.488488 -0.845258 -0.247078 0.473805 -0.127764 0.980810 -0.147271 -0.846671 0.239725 0.475059 -0.991624 -0.129160 -0.000004 -0.955980 -0.293069 0.014565 -0.121671 -0.986158 -0.112642 -0.000000 -0.975385 0.220510 -0.046775 -0.939658 0.338903 -0.946940 -0.098494 0.305948 -0.937793 0.159458 0.308411 -0.943100 -0.139199 0.301970 -0.390032 -0.625702 0.675554 -0.989407 0.145169 0.000003 -0.951130 0.308409 0.015328 -0.744493 0.510855 -0.429835 -0.566268 0.774309 -0.282464 -0.250372 0.865596 -0.433656 -0.117955 0.987335 -0.106094 0.000000 0.975443 0.220253 -0.046510 0.935107 0.351300 -0.391138 0.622932 0.677471 -0.399977 0.669251 0.626196 -0.845206 0.217953 0.487980 -0.967577 0.252398 0.009535 -0.571390 -0.769345 -0.285695 -0.244021 -0.872820 -0.422657 -0.955099 0.032846 0.294460 -0.943673 -0.112515 0.311163 -0.948535 0.099049 0.300784 -0.958176 -0.041787 0.283111 -0.956374 0.120499 0.266137 -0.960301 0.046754 0.275021 -0.956507 0.105358 0.272019 -0.948859 -0.162691 0.270553 -0.958679 -0.119499 0.258177 -0.953688 -0.032152 0.299073 -0.941553 0.111635 0.317830 -0.953592 -0.037073 0.298811 -0.947776 -0.142245 0.285458 -0.954307 -0.106159 0.279334 -0.950129 0.141989 0.277656 -0.941486 -0.160029 0.296641 
						-0.958106 0.041831 0.283342 -0.952653 0.036536 0.301858 -0.946195 0.163062 0.279510 -0.945960 0.139637 0.292678 -0.960400 -0.046689 0.274685 -0.874056 0.482298 0.058442 -0.967080 0.178939 0.180937 -0.722092 0.680384 0.125144 -0.672628 0.665272 0.324014 -0.774599 0.437662 0.456561 -0.920480 0.144075 0.363261 -0.965708 -0.182585 0.184581 -0.875141 -0.480631 0.055871 -0.726970 -0.677614 0.111152 -0.674866 -0.667501 0.314640 -0.777436 -0.447138 0.442337 -0.919148 -0.138738 0.368672 -0.962552 -0.185212 0.197963 -0.867535 -0.487147 0.100359 -0.729291 -0.665402 0.159296 -0.689814 -0.645410 0.328027 -0.791390 -0.445298 0.418821 -0.923886 -0.145375 0.353980 -0.961207 0.188445 0.201417 -0.874213 0.478003 0.085237 -0.740682 0.659687 0.127291 -0.697143 0.652222 0.297655 -0.793049 0.451068 0.409402 -0.923534 0.144046 0.355437 -0.746902 -0.506143 -0.431226 -0.058487 -0.228156 0.971866 0.000819 0.247444 0.968902 0.000818 -0.243561 0.969885 0.000817 0.999999 0.000965 -0.204046 0.966028 0.158602 -0.235943 0.971627 0.016497 -0.011257 0.105326 0.994374 -0.012068 -0.005905 0.999910 -0.013725 0.005956 0.999888 0.235716 0.971686 0.016254 0.397114 0.826052 0.399924 0.203826 0.966079 0.158577 0.427294 0.532148 0.730916 -0.008932 0.117155 0.993074 0.004485 0.148801 0.988857 -0.171669 0.985069 0.012979 -0.340012 0.855273 0.391023 -0.141325 0.978791 0.148311 0.017041 -0.163698 0.986363 0.068448 0.225580 0.971817 0.027073 0.155837 0.987412 -0.000374 0.999996 -0.002640 -0.000365 0.991980 0.126392 -0.000500 -0.171915 0.985112 0.016233 -0.148308 0.988808 -0.000370 -0.999994 0.003454 0.204741 -0.966743 0.153263 -0.000360 -0.991275 0.131811 0.445199 0.519237 0.729514 0.465963 0.845523 0.260709 -0.011669 -0.170451 0.985297 -0.366589 -0.500907 0.784031 0.007410 -0.158730 0.987294 -0.007514 0.160900 0.986942 
						0.378039 0.512651 0.770893 0.011899 0.181114 0.983390 0.012260 0.105464 0.994348 0.013209 -0.006270 0.999893 0.007460 -0.091708 0.995758 -0.401673 -0.523606 0.751329 -0.473925 -0.525524 0.706554 -0.000435 -0.252325 0.967642 -0.060715 0.234331 0.970259 -0.070901 -0.227829 0.971116 -0.000046 -0.004379 -0.999990 -0.000049 0.002040 -0.999998 -0.444911 0.520198 0.729005 -0.397855 0.825547 0.400230 -0.377767 0.513300 0.770595 0.007637 0.162611 0.986661 -0.011939 0.183040 0.983033 0.011440 -0.168995 0.985551 0.366678 -0.500695 0.784125 0.441696 -0.518017 0.732505 0.397835 -0.823108 0.405241 0.466092 -0.843485 0.267005 0.236008 -0.971565 0.019008 0.015263 0.006350 0.999863 -0.025603 0.010086 0.999621 0.420567 -0.866283 0.269587 0.402149 -0.522712 0.751697 0.474275 -0.524420 0.707140 0.171389 -0.985080 0.015602 0.338890 -0.851627 0.399855 -0.205871 -0.966495 0.153314 -0.237036 -0.971295 0.020008 -0.441651 -0.518107 0.732468 -0.398545 -0.822597 0.405581 -0.427033 0.533042 0.730417 0.009102 0.118323 0.992933 -0.352357 0.519007 0.778766 0.000862 -0.999999 -0.000955 0.000892 -0.990539 0.137232 -0.007210 -0.156803 0.987603 0.018029 0.162100 0.986610 0.069877 -0.227951 0.971162 0.026334 -0.145852 0.988956 0.000795 0.990420 0.138085 0.000595 -0.168386 0.985721 -0.004118 0.150259 0.988638 -0.466787 -0.842952 0.267474 -0.008613 0.119753 0.992766 -0.016893 -0.121666 0.992427 0.140490 -0.977085 0.159898 0.423218 0.867349 0.261900 0.352808 0.518096 0.779168 0.027273 0.010615 0.999572 0.028345 -0.009209 0.999556 -0.017461 -0.163669 0.986361 -0.068895 0.225558 0.971791 0.140374 0.978935 0.148263 0.170737 0.985231 0.012989 0.016751 -0.121659 0.992431 0.008687 0.119767 0.992764 -0.466706 0.844944 0.261258 -0.423832 0.866955 0.262212 0.339371 0.855657 0.390740 0.059776 0.234327 0.970318 
						-0.000403 0.250606 0.968089 -0.421089 -0.866044 0.269539 -0.018817 0.162059 0.986602 -0.006552 -0.091537 0.995780 -0.027644 0.155770 0.987407 -0.027159 -0.145750 0.988949 -0.025649 -0.008475 0.999635 0.058095 -0.228155 0.971890 -0.094213 -0.713686 0.694102 -0.124359 -0.549436 0.826230 -0.160138 0.535187 0.829416 -0.130231 0.712746 0.689226 -0.000402 0.769527 0.638614 -0.098440 0.736704 0.669012 -0.133919 -0.730603 0.669541 -0.000433 -0.770394 0.637569 0.129879 0.712806 0.689231 0.000828 0.750834 0.660491 0.000892 -0.745648 0.666340 0.093914 -0.713713 0.694114 0.132717 -0.730790 0.669576 0.041753 -0.059793 0.997337 -0.025207 0.041863 0.998805 -0.125491 -0.322893 0.938079 0.032048 -0.054964 0.997974 0.025803 0.042644 0.998757 -0.112619 0.343721 0.932294 -0.159873 -0.533393 0.830622 -0.126434 0.556059 0.821470 0.124110 -0.549493 0.826229 0.135780 -0.381988 0.914138 0.149896 0.358258 0.921511 -0.038642 0.064271 0.997184 -0.039820 -0.057280 0.997564 -0.015731 -0.144784 0.989338 0.113441 0.343167 0.932399 0.125689 0.556313 0.821412 -0.135786 -0.381984 0.914139 0.097515 0.736794 0.669049 0.159450 0.535489 0.829353 0.125877 -0.322602 0.938127 -0.030677 -0.053071 0.998119 0.039376 0.065291 0.997089 0.159054 -0.533737 0.830558 -0.149599 0.358511 0.921461 -0.127514 -0.034778 -0.991227 0.057780 0.997406 0.042926 0.057780 0.997406 0.042926 -0.374633 -0.146517 0.915523 0.000402 -0.999995 0.003192 0.023080 -0.999734 0.000127 -0.353596 -0.201814 0.913368 0.000271 -0.000764 1.000000 -0.000279 -0.000773 1.000000 0.622951 -0.782261 0.000224 -0.514223 -0.652985 0.556045 0.506885 -0.643980 0.573024 -0.510954 -0.648971 -0.563705 0.002759 -0.006114 -0.999978 0.005506 0.000108 -0.999985 0.000105 0.001329 -0.999999 -0.000138 0.000248 1.000000 -0.000029 0.002275 -0.999997 0.000077 0.001966 -0.999998 
						0.000047 -0.002244 -0.999997 -0.000020 -0.000379 1.000000 0.003053 0.017340 0.999845 0.000056 -0.000383 1.000000 -0.004371 0.003659 0.999984 -0.004556 0.017441 0.999837 -0.004934 0.000237 0.999988 -0.000575 -0.001989 -0.999998 -0.003613 -0.758715 -0.651412 0.803348 0.530273 -0.271002 0.090012 0.224961 0.970201 0.011366 -0.274240 0.961594 -0.812112 0.036714 -0.582346 -0.998459 -0.046745 -0.029903 -0.998297 0.058313 0.001419 -0.070686 -0.099332 -0.992540 -0.123401 0.125966 -0.984330 -0.000003 -0.932639 0.360811 0.053183 -0.964072 -0.260263 -0.239941 -0.323651 0.915248 -0.000000 0.919015 0.394222 0.000000 0.582468 -0.812854 -0.245355 0.269759 -0.931145 -0.658973 -0.296526 0.691250 1.000000 -0.000194 0.000418 1.000000 -0.000188 0.000363 1.000000 -0.000176 0.000411 1.000000 -0.000180 0.000493 1.000000 -0.000172 0.000416 1.000000 -0.000156 0.000414 1.000000 -0.000113 0.000239 1.000000 -0.000184 0.000439 1.000000 -0.000166 0.000351 1.000000 -0.000237 0.000503 1.000000 -0.000248 0.000528 0.388808 0.846705 0.363207 -0.047325 -0.997057 -0.060310 -0.021056 0.299262 0.953938 1.000000 0.000005 0.000006 -0.198091 0.179398 0.963627 0.642576 -0.610568 -0.462928 0.523282 0.476895 0.706221 1.000000 -0.000001 -0.000002 
					</float_array>
					<technique_common>
						<accessor count="2859" offset="0" source="#meshId0-tangents-array" stride="3">
							<param name="X" type="float" />
							<param name="Y" type="float" />
							<param name="Z" type="float" />
						</accessor>
					</technique_common>
				</source>
				<source id="meshId0-bitangents" name="meshId0-bitangents">
					<float_array id="meshId0-bitangents-array" count="8577"> 
						-0.966458 -0.216850 -0.137608 -0.603448 -0.673973 0.426159 -0.691132 -0.474864 0.544831 -0.722327 -0.258625 0.641371 -0.017828 -0.383325 0.923442 -0.018744 -0.351282 0.936082 -0.670977 0.162895 -0.723364 -0.870362 -0.424238 -0.249986 -0.008888 0.447193 -0.894393 -0.634132 0.074080 -0.769668 0.578633 0.686004 -0.441116 0.670999 0.482248 -0.563202 0.881956 0.420250 0.213408 0.965928 0.232321 0.114061 0.648665 -0.076975 0.757172 0.968767 0.222654 0.109159 0.679782 -0.160911 0.715545 0.028912 -0.531293 0.846695 -0.002726 -0.448035 0.894012 -0.689453 0.238477 -0.683947 -0.994154 -0.088690 -0.061572 -0.999314 -0.012890 -0.034728 0.014501 0.351844 -0.935946 -0.688749 0.209004 -0.694220 0.712119 0.337353 -0.615695 0.715769 0.261439 -0.647553 0.995177 0.083230 0.051911 0.999538 0.015496 0.026146 0.690809 -0.212560 0.691087 0.999551 0.014991 0.025957 0.691798 -0.238345 0.681621 0.273750 -0.608402 -0.744921 0.206837 -0.978366 -0.004248 -0.053460 -0.729055 -0.682364 -0.119075 -0.988310 0.095213 0.114376 -0.623208 0.773647 -0.395033 -0.884883 0.246841 -0.321636 0.644762 -0.693421 -0.098933 0.004400 -0.995084 -0.271006 -0.056638 -0.960910 -0.196348 0.980128 -0.028219 -0.407488 0.614167 -0.675835 0.019734 0.744010 0.667877 -0.487074 0.872770 0.032115 0.254266 0.070237 0.964581 -0.289618 0.621479 0.727932 0.050521 0.750690 0.658720 0.414154 -0.614642 0.671336 0.335279 -0.648458 0.683440 -0.665625 -0.616369 -0.420754 -0.546554 0.000176 -0.837424 -0.376557 -0.722754 -0.579511 -0.125421 0.603757 -0.787240 -0.414438 -0.049204 -0.908746 0.367869 0.881099 -0.297215 -0.229516 0.640332 -0.733006 0.381832 0.760665 0.524970 0.643606 0.661928 0.384217 0.425674 0.081308 0.901216 0.672076 0.643521 0.366327 0.557055 0.027625 0.830016 0.219823 -0.659476 0.718866 0.662790 -0.747410 -0.045693 0.492332 -0.868668 -0.054999 
						0.496966 -0.457717 -0.737238 0.041094 0.099119 -0.994227 -0.436180 0.597136 -0.673183 -0.286327 0.623387 0.727603 -0.661280 0.749149 0.038531 0.086725 0.005018 0.996220 -0.501869 0.463558 0.730234 0.436961 -0.596564 0.673184 0.732698 -0.679988 -0.027748 0.615261 -0.346257 -0.708209 0.137314 0.189984 -0.972137 -0.419609 0.614474 -0.668094 -0.501349 0.464014 0.730301 -0.731947 0.680909 0.024833 -0.046397 -0.094238 0.994468 -0.617876 0.350134 0.704014 0.418698 -0.613587 0.669480 0.764402 -0.644631 -0.011864 0.702273 -0.249769 -0.666654 0.227978 0.291362 -0.929050 -0.378646 0.661188 -0.647655 -0.617789 0.350227 0.704044 -0.763911 0.645233 0.010653 -0.232843 -0.287175 0.929147 -0.141539 -0.186106 0.972282 0.376405 -0.660039 0.650129 0.776468 -0.630154 -0.001866 0.783556 -0.150352 -0.602855 0.329847 0.417182 -0.846853 -0.315017 0.739342 -0.595095 -0.704399 0.253361 0.663046 -0.776184 0.630504 0.001602 -0.338124 -0.410355 0.846924 -0.704357 0.253410 0.663072 0.310082 -0.737283 0.600219 0.767586 -0.640725 -0.016866 0.197704 -0.873993 0.443903 0.773022 -0.634352 -0.005817 0.776696 -0.629875 -0.000791 -0.119314 0.973631 -0.194440 0.633238 0.764357 -0.121524 0.598226 0.737800 -0.312691 -0.763011 0.645345 0.036643 -0.089983 0.995046 -0.042268 -0.968238 -0.053516 0.244236 -0.758319 0.649118 0.059979 -0.647188 -0.752481 0.122148 -0.967103 -0.052374 0.248935 -0.613392 -0.724797 0.313718 0.075513 -0.996092 0.045798 0.103321 -0.974950 0.196969 0.847868 -0.073754 -0.525053 0.988140 0.082767 -0.129343 0.761465 -0.647213 -0.035870 0.966691 0.065885 -0.247322 0.421013 0.526031 -0.738945 -0.251239 0.816685 -0.519523 -0.849256 0.077625 0.522244 -0.786660 0.155473 0.597490 -0.426695 -0.521582 0.738840 -0.786607 0.155541 0.597542 0.247972 -0.814977 0.523758 0.755859 -0.647838 -0.094778 0.075099 -0.972453 -0.220672 
						0.067977 -0.985155 -0.157635 0.891619 -0.019860 -0.452351 0.652132 0.757615 0.027260 -0.070949 0.994677 0.074727 -0.996203 -0.078418 0.037820 -0.755670 0.650053 0.079969 -0.989632 -0.071202 0.124737 -0.652144 -0.757616 -0.026933 -0.996156 -0.078498 0.038870 0.484136 0.605650 -0.631506 0.931682 0.029227 -0.362096 0.996265 0.078198 -0.036633 -0.206045 0.874248 -0.439585 0.544764 0.680422 -0.490161 -0.773489 0.633772 0.006943 -0.158899 0.930394 -0.330329 -0.933501 -0.018608 0.358093 -0.893848 0.026089 0.447611 -0.558283 -0.669481 0.490016 -0.892436 0.027872 0.450312 -0.493575 -0.597953 0.631535 0.147220 -0.929640 0.337779 0.746973 -0.664611 0.018006 0.054563 -0.998440 0.011865 0.066251 -0.993094 -0.096819 0.757803 -0.646665 -0.086948 0.074524 -0.977929 -0.195196 -0.701237 0.584018 -0.408888 -0.002830 0.924782 -0.380486 -0.708769 0.626095 -0.325042 -0.996913 -0.040017 -0.067548 -0.996092 -0.044609 -0.076232 -0.691687 -0.688604 0.217700 -0.996910 -0.040040 -0.067584 -0.996095 -0.044595 -0.076196 0.020457 -0.924038 0.381753 -0.701300 -0.640083 0.313803 0.648300 0.725203 0.231924 0.993544 0.058433 0.097244 0.647029 0.728952 0.223569 0.717034 -0.618202 0.322008 0.006681 -0.860292 0.509758 -0.072550 0.978038 0.195393 -0.078253 0.972619 0.218836 -0.751063 0.658740 0.044344 -0.756539 0.648125 0.087082 -0.994073 -0.052833 -0.095009 -0.651974 -0.724561 -0.223474 -0.989888 -0.046799 -0.133911 -0.994042 -0.052742 -0.095385 -0.647501 -0.725403 -0.233522 0.991265 0.049484 0.122253 0.739438 -0.667592 0.086905 0.007551 0.860930 -0.508667 0.701255 0.680441 -0.212700 0.669930 0.739128 0.069879 0.659757 0.735234 0.155408 -0.045371 0.998914 -0.010586 -0.058287 0.993519 0.097583 -0.735664 0.671970 -0.085178 -0.743582 0.668413 -0.017624 -0.992566 -0.051077 -0.110473 -0.991213 -0.050339 -0.122321 -0.655111 -0.739456 -0.155031 
						-0.992561 -0.051078 -0.110518 -0.991218 -0.050344 -0.122277 -0.664396 -0.744046 -0.070516 0.997527 0.034505 0.061230 0.693298 -0.402679 0.597651 0.701072 -0.520125 0.487820 0.709076 0.633144 -0.310387 0.996087 0.043536 0.076917 0.731306 0.443129 -0.518486 0.717827 0.569213 -0.400899 0.040862 0.602910 -0.796762 0.018599 0.774587 -0.632194 -0.679498 0.410217 -0.608280 -0.694319 0.525027 -0.492208 -0.998094 -0.028508 -0.054737 -0.997557 -0.034749 -0.060600 -0.710826 -0.573915 0.406630 -0.998092 -0.028540 -0.054759 -0.997560 -0.034726 -0.060571 -0.005015 -0.774174 0.632953 -0.717739 -0.449992 0.531373 0.690522 0.713845 -0.116642 0.993910 0.049183 0.098607 0.680695 0.732294 -0.019997 -0.013410 -0.602186 0.798243 -0.018397 0.967505 -0.252181 -0.031262 0.991285 -0.127970 -0.718702 0.652632 -0.239874 -0.727083 0.667455 -0.160789 -0.995048 -0.048069 -0.087004 -0.993890 -0.050249 -0.098276 -0.674081 -0.738324 0.022174 -0.995044 -0.048079 -0.087044 -0.993895 -0.050243 -0.098231 0.043035 -0.990709 0.129007 -0.683618 -0.720339 0.117381 -0.031430 -0.303306 0.952375 0.998052 0.028471 0.055504 0.681099 -0.193876 0.706057 0.998197 0.026421 0.053892 0.055602 0.303936 -0.951069 -0.668323 0.198698 -0.716843 -0.998205 -0.025894 -0.053993 -0.730487 -0.235117 0.641178 -0.040708 0.051137 0.997862 0.673373 0.062865 0.736625 0.741964 0.231460 -0.629218 0.997847 0.036415 0.054538 0.072740 -0.050168 -0.996088 -0.655712 -0.060562 -0.752578 -0.997787 -0.035792 -0.056030 -0.737818 0.010426 0.674920 -0.998205 -0.025902 -0.053995 0.995954 0.085004 0.029161 0.659875 0.390993 0.641630 0.996877 0.064568 0.045465 -0.056436 0.322988 0.944719 0.760906 -0.298312 -0.576222 0.082076 -0.492007 -0.866714 0.769496 -0.432212 -0.470180 -0.648985 -0.397363 -0.648784 0.100845 -0.704331 -0.702672 -0.995632 -0.087664 -0.032134 -0.996750 -0.065452 -0.046957 
						-0.754183 0.445766 0.482184 -0.996753 -0.065378 -0.046999 -0.753224 0.305445 0.582543 -0.063752 0.707568 0.703763 -0.063905 0.493577 0.867351 0.752375 -0.011139 -0.658641 0.997348 0.051628 0.051308 0.656045 0.554184 0.512334 0.076018 -0.322329 -0.943570 -0.653788 -0.264720 -0.708861 -0.997272 -0.051332 -0.053037 -0.748465 0.192234 0.634701 -0.997788 -0.035782 -0.056030 0.992028 0.120182 -0.037902 0.634611 0.730510 0.252237 0.993671 0.111828 -0.010613 0.642033 0.677403 0.359053 0.776041 -0.571186 -0.267408 0.105923 -0.923828 -0.367862 0.781952 -0.604281 -0.152955 -0.628428 -0.735747 -0.252499 0.117394 -0.977125 -0.177330 -0.993508 -0.113275 0.010511 -0.617258 -0.780608 -0.098198 -0.778440 0.609220 0.151268 -0.993515 -0.113229 0.010398 -0.772415 0.576287 0.266962 -0.106903 0.978550 0.176101 -0.096264 0.925110 0.367295 0.994650 0.103075 0.006885 0.624533 0.774748 0.098612 0.772660 -0.530357 -0.348881 -0.633743 -0.567016 -0.526178 0.100135 -0.858064 -0.503686 -0.633983 -0.682709 -0.363282 -0.767355 0.535817 0.352231 -0.995633 -0.087641 -0.032157 -0.087025 0.859381 0.503875 0.614986 0.788163 -0.024334 0.988504 0.124499 -0.085788 0.785220 -0.611499 -0.097460 0.121717 -0.991207 -0.051909 -0.991741 -0.122550 0.037842 -0.613267 -0.789508 0.024103 -0.785749 0.610917 0.096845 -0.991741 -0.122549 0.037831 -0.120755 0.991360 0.051219 0.613226 0.789683 -0.018829 0.980378 0.128340 -0.149627 0.770778 -0.607360 -0.192391 0.110799 -0.986255 -0.122572 -0.988255 -0.126566 0.085630 -0.613903 -0.789156 0.018850 -0.773169 0.604311 0.192402 -0.988257 -0.126565 0.085617 -0.114066 0.985839 0.122921 -0.088966 0.965943 0.242981 0.622045 0.782641 0.023099 0.744840 -0.585379 -0.320226 0.085795 -0.966437 -0.242154 -0.622802 -0.782052 -0.022631 -0.967465 -0.141255 0.209901 -0.980148 -0.130449 0.149307 -0.967461 -0.141259 0.209918 
						-0.980148 -0.130449 0.149307 -0.747156 0.582504 0.320073 -0.067409 0.946264 0.316292 0.967616 0.139386 -0.210453 0.627460 0.777545 0.041438 0.720896 -0.561934 -0.405634 0.065534 -0.946592 -0.315703 -0.627711 -0.777354 -0.041217 -0.954015 -0.153793 0.257300 -0.954012 -0.153796 0.257308 -0.722453 0.560016 0.405518 -0.053627 0.933632 0.354198 0.954109 0.152348 -0.257812 0.627389 0.777653 0.040485 0.702141 -0.543332 -0.460205 0.052755 -0.933810 -0.353858 -0.627216 -0.777789 -0.040544 -0.940357 -0.166752 0.296518 -0.940356 -0.166753 0.296521 -0.703114 0.542116 0.460154 -0.049989 0.930931 0.361758 0.940425 0.165518 -0.296991 0.619801 0.784491 0.020520 0.690007 -0.531999 -0.490783 0.050354 -0.930891 -0.361810 -0.618982 -0.785122 -0.021067 -0.925992 -0.179595 0.332091 -0.925992 -0.179596 0.332092 -0.690525 0.531307 0.490803 -0.060452 0.939711 0.336584 0.926060 0.178297 -0.332600 0.600760 0.799090 -0.023283 0.686703 -0.528715 -0.498898 0.062321 -0.939373 -0.337185 -0.598941 -0.800493 0.021928 -0.909520 -0.192338 0.368482 -0.909522 -0.192337 0.368479 -0.686484 0.528895 0.499009 -0.093832 0.959670 0.265008 0.909608 0.190731 -0.369100 0.561989 0.820463 -0.104929 0.697128 -0.533295 -0.479176 0.099214 -0.958589 -0.266951 -0.557977 -0.823602 0.101689 -0.888138 -0.204722 0.411460 -0.888144 -0.204719 0.411449 -0.695632 0.534989 0.479461 0.847516 0.205792 -0.489250 0.383690 0.814444 -0.435273 0.462216 0.832845 -0.304509 -0.146825 0.975320 0.164906 0.786163 -0.527584 -0.321874 0.747292 -0.535652 -0.393233 0.293775 -0.953059 0.073308 0.214784 -0.974137 -0.070182 -0.373975 -0.823951 0.425733 -0.448977 -0.842791 0.296856 -0.821932 -0.206338 0.530898 -0.846260 -0.211727 0.488892 -0.742252 0.543872 0.391491 -0.821429 -0.206099 0.531769 -0.846541 -0.211750 0.488397 -0.197688 0.978347 0.061284 -0.780271 0.535651 0.322887 
						0.794538 0.179672 -0.580024 0.200031 0.636285 -0.745070 0.298587 0.749828 -0.590427 0.719694 -0.539317 -0.437238 0.888254 0.202223 -0.412445 0.892596 -0.425895 -0.147940 0.837851 -0.490211 -0.240206 0.506521 -0.756118 0.414393 0.400863 -0.884205 0.239771 -0.175690 -0.651009 0.738458 -0.274541 -0.764155 0.583690 -0.762040 -0.155216 0.628651 -0.790887 -0.186573 0.582828 -0.832378 0.503866 0.230793 -0.761479 -0.154176 0.629587 -0.791510 -0.187034 0.581833 -0.375487 0.890294 -0.257654 -0.887359 0.440056 0.137642 0.063390 0.285836 -0.956180 -0.582852 0.562850 -0.586075 0.114289 0.467031 -0.876824 0.153266 -0.974054 -0.166516 0.690401 -0.170490 0.703050 0.998247 -0.059098 0.003073 0.993423 -0.114427 0.004133 -0.019768 -0.124840 0.991980 0.702452 -0.072383 0.708041 -0.718459 -0.008829 0.695514 -0.014152 -0.042387 0.999001 -0.998220 0.058277 -0.012695 -0.718508 -0.009332 0.695456 -0.993820 0.110520 -0.010360 -0.690082 0.071597 -0.720181 -0.683069 0.168561 -0.710636 -0.505177 -0.839139 0.201598 0.720141 -0.011165 -0.693738 0.029251 0.129079 -0.991203 0.720209 0.011146 -0.693668 -0.866333 -0.210707 0.452847 -0.866113 -0.210751 0.453247 -0.717155 0.541406 0.438825 0.728636 0.050206 -0.683058 0.742047 0.099905 -0.662861 0.943032 -0.325363 -0.069500 0.602549 -0.562018 0.566631 0.976704 -0.213312 -0.023400 -0.089154 -0.471086 0.877570 0.665488 -0.356255 0.655902 -0.736381 -0.101051 0.668978 -0.040459 -0.290495 0.956021 -0.976073 0.217249 0.009158 -0.736852 -0.102111 0.668299 -0.942702 0.329387 0.053071 -0.646475 0.357080 -0.674213 0.996985 0.073481 0.024913 0.071005 -0.994503 -0.076954 0.756868 -0.650886 -0.059156 0.755716 -0.649909 -0.080696 0.650038 0.749206 0.127047 -0.074990 0.985245 0.153849 -0.756181 0.647666 0.093374 -0.997469 -0.067452 -0.022477 -0.657082 -0.743298 -0.125502 -0.997503 -0.067917 -0.019356 
						-0.717525 -0.332374 0.612116 0.014300 0.387084 -0.921933 0.994594 0.088673 0.054036 -0.044615 0.533820 -0.844420 0.866856 0.443328 0.228083 0.088309 0.984974 -0.148418 0.345657 0.766121 0.541830 -0.776473 0.630150 0.001219 -0.850707 0.075867 0.520136 -0.768111 0.640052 0.018408 -0.935068 -0.020300 0.353888 0.752231 -0.657501 -0.042903 0.989887 0.047790 0.133569 -0.989897 -0.046816 -0.133834 0.732347 -0.661865 0.160009 0.992635 0.050080 0.110306 0.707875 -0.577189 0.407143 0.765851 0.146558 -0.626093 -0.481659 0.762058 -0.432749 -0.724289 -0.052112 0.687525 -0.724167 -0.051475 0.687701 0.029007 0.042891 -0.998659 -0.278317 0.957158 -0.079928 0.821934 0.200630 -0.533077 0.508664 0.835821 -0.206554 0.865944 0.208355 -0.454675 -0.994516 -0.104276 -0.008037 -0.994511 -0.104337 -0.007926 0.664915 0.264056 0.698686 0.757259 -0.190512 -0.624711 -0.997271 -0.051379 -0.053020 0.996907 0.039195 0.068123 0.723912 -0.646585 0.240582 0.030388 -0.966864 0.253477 0.995086 0.046974 0.087164 0.980474 0.019122 0.195716 0.997792 -0.027281 0.060556 0.998563 -0.004651 0.053389 0.866656 0.000760 -0.498906 0.503371 0.071421 -0.861114 0.503296 -0.074287 -0.860915 -0.078635 0.871427 0.484181 -0.021296 0.991577 0.127757 -0.016586 0.870958 0.491078 0.866395 -0.018372 0.499021 0.503051 -0.085278 0.860039 0.866676 -0.010392 0.498763 -0.992182 0.061536 -0.108579 -0.999780 0.020930 0.001289 -0.998195 0.021492 -0.056080 0.994618 0.050638 -0.090393 0.998519 -0.004296 -0.054240 0.999171 0.018901 -0.036067 -0.029273 -0.996922 -0.072732 0.028254 -0.999601 -0.000754 0.029252 -0.997003 0.071612 -0.029321 0.996799 0.074381 0.080959 0.988498 -0.127740 0.029307 0.996938 -0.072497 0.992181 0.061545 0.108575 0.992988 0.053202 0.105570 0.998195 0.021492 0.056080 0.992182 -0.061535 -0.108574 0.999780 -0.020930 0.001289 
						0.998195 -0.021492 -0.056078 -0.995712 0.000000 0.092509 -0.976653 0.175607 0.123742 -0.981331 0.169092 0.091636 -0.080960 -0.988498 -0.127741 -0.992181 -0.061547 0.108574 -0.992988 -0.053186 0.105572 -0.998195 -0.021492 0.056079 0.122299 -0.984619 0.124774 0.022869 -0.985409 0.168659 0.021297 -0.991577 0.127758 0.914690 0.138584 0.379654 0.981331 -0.169095 0.091635 0.914690 -0.138594 0.379651 -0.122300 0.984619 0.124773 -0.022869 0.985409 0.168660 0.998171 0.060459 0.000294 0.999208 0.018097 0.035426 0.999936 0.011321 0.000135 0.981332 0.169091 0.091626 0.976654 -0.175608 0.123730 0.078635 -0.871425 0.484184 0.016586 -0.870976 0.491045 -0.924183 0.000000 0.381949 -0.914689 0.138585 0.379656 -0.109828 0.783854 0.611155 -0.010608 0.386896 0.922062 -0.020042 0.781885 0.623101 0.128401 -0.978148 0.163520 0.020042 -0.781854 0.623140 -0.128401 0.978148 0.163521 0.999388 -0.034982 0.000208 0.999957 0.008580 0.003507 0.994889 0.048394 0.088618 0.023152 -0.999732 0.000014 -0.023141 -0.999732 0.000014 0.023145 -0.999732 0.000014 -0.864060 -0.000000 0.503389 -0.851712 0.161480 0.498509 -0.494644 0.100498 0.863265 -0.498972 -0.000000 0.866618 -0.005457 0.001156 0.999984 0.979756 0.020629 -0.199129 0.997741 -0.027128 -0.061453 0.999615 -0.027532 -0.003507 0.999784 0.020487 -0.003549 -0.999623 0.027465 0.000010 -0.997815 0.066062 0.000007 -0.999623 0.027473 0.000007 0.851710 0.161480 0.498512 0.494646 -0.100499 0.863264 0.851708 -0.161481 0.498515 0.976659 0.175607 0.123693 0.021748 -0.191293 -0.981292 -0.058354 0.393135 0.917627 -0.000113 0.004027 0.999992 0.079718 0.118035 -0.989804 0.321006 -0.119836 -0.939465 0.079715 -0.119919 -0.989578 0.058356 -0.393145 0.917623 0.000055 -0.001966 0.999998 0.010608 -0.386896 0.922062 0.005468 0.001158 0.999984 0.005453 -0.001156 0.999984 
						0.109828 -0.783853 0.611156 0.997896 0.064833 -0.000270 0.999887 0.015044 -0.000148 0.010537 0.180133 0.983586 0.011131 -0.204947 0.978710 0.971112 0.122583 0.204733 0.908959 0.407055 0.090002 0.872873 0.458712 0.166358 0.619495 0.784293 0.033308 0.599676 0.798297 0.055768 -0.971111 0.122586 -0.204735 -0.908962 0.407047 -0.090003 -0.872874 0.458712 -0.166354 -0.619479 0.784307 -0.033304 -0.083105 0.987627 0.132992 -0.029255 0.997185 0.069035 -0.339095 0.853172 0.396374 -0.414542 0.905055 0.095036 -0.743098 0.571994 0.347316 -0.799761 0.594769 0.081436 -0.122299 -0.984619 0.124776 -0.339097 -0.853173 0.396371 -0.078635 -0.871426 0.484184 -0.414542 -0.905054 0.095036 -0.743099 -0.571995 0.347311 -0.933445 -0.347847 0.087650 -0.872582 -0.325220 0.364463 0.081649 -0.988220 0.129438 0.619494 -0.784294 -0.033310 0.599672 -0.798300 -0.055770 0.872872 -0.458714 -0.166363 0.908958 -0.407056 -0.090005 0.971113 -0.122580 -0.204727 0.743099 0.571995 0.347312 0.799761 0.594769 0.081437 0.414542 0.905054 0.095036 0.339096 0.853173 0.396372 0.122301 0.984619 0.124773 -0.971112 -0.122584 0.204729 -0.908958 -0.407056 0.090004 -0.872872 -0.458714 0.166359 -0.619495 -0.784294 0.033310 -0.599673 -0.798300 0.055770 0.339094 -0.853173 0.396373 0.414539 -0.905056 0.095035 0.743096 -0.571996 0.347316 0.799758 -0.594773 0.081436 -0.998150 0.060772 0.001662 -0.913140 0.407645 0.000480 -0.620206 0.784439 -0.000435 -0.028260 0.999600 -0.000856 0.998153 0.060723 -0.001664 0.913141 0.407644 -0.000483 0.028253 0.999601 0.000753 -0.028261 -0.999600 0.001212 -0.620205 -0.784440 0.000434 -0.913140 -0.407645 -0.000482 -0.998150 -0.060772 -0.001663 0.913140 -0.407645 0.000482 0.998153 -0.060723 0.001663 -0.418141 0.900562 0.118936 -0.374613 0.789888 0.485533 -0.796159 0.596472 0.101745 -0.723369 0.541716 0.428114 
						-0.109828 -0.783852 0.611158 -0.418142 -0.900562 0.118934 -0.128401 -0.978148 0.163520 -0.374613 -0.789888 0.485533 -0.796159 -0.596472 0.101745 -0.820245 -0.307569 0.482286 -0.930215 -0.347392 0.118401 -0.226952 0.465894 0.855240 -0.464237 0.346423 0.815153 -0.058355 -0.393138 0.917626 -0.226953 -0.465894 0.855239 -0.723371 -0.541716 0.428111 -0.487216 -0.183461 0.853793 -0.000630 0.004097 0.999991 -0.002598 0.005241 0.999983 -0.005467 0.004071 0.999977 -0.000204 -0.001324 0.999999 -0.002602 -0.005244 0.999983 -0.464239 -0.346422 0.815153 -0.005461 -0.002060 0.999983 0.998355 0.057334 0.000267 0.972811 0.016080 0.231043 0.999220 0.039491 0.000456 0.937768 -0.002639 0.347253 0.992446 -0.066796 0.102908 0.996579 -0.082642 0.000313 0.996425 -0.084486 0.000359 0.969540 -0.038721 0.241853 0.997820 -0.065990 0.000468 0.999256 -0.038417 0.003547 0.892394 -0.113206 0.436826 0.732776 -0.169982 0.658897 0.975554 -0.028907 0.217848 0.884755 0.097262 0.455795 0.935225 -0.021409 0.353407 0.503546 0.060122 0.861874 0.963243 -0.052026 0.263546 0.756225 -0.336506 0.561149 0.366843 -0.450395 0.813984 0.955095 0.061859 0.289770 0.742848 0.330320 0.582293 0.726441 0.148164 0.671067 0.796159 0.596472 0.101745 0.723369 0.541716 0.428113 0.374613 0.789889 0.485531 0.418142 0.900562 0.118935 0.109828 0.783850 0.611160 0.494660 0.100500 0.863256 0.464236 0.346422 0.815155 0.226952 0.465893 0.855240 0.058356 0.393139 0.917625 0.005506 0.004100 0.999976 0.002597 0.005239 0.999983 0.000628 0.004079 0.999991 0.998917 0.046524 -0.000467 0.972190 0.020722 -0.233274 0.998014 0.062997 -0.000290 0.937091 0.004328 -0.349058 0.890663 -0.109484 -0.441285 0.730776 -0.162930 -0.662888 0.752908 -0.334947 -0.566516 0.960878 -0.062334 -0.269867 0.418139 -0.900563 0.118935 0.374609 -0.789889 0.485534 
						0.796157 -0.596475 0.101745 0.723367 -0.541718 0.428113 0.226949 -0.465896 0.855240 0.464235 -0.346426 0.815153 0.000204 -0.001323 0.999999 0.002597 -0.005245 0.999983 0.005506 -0.004103 0.999976 0.992732 -0.064831 -0.101386 0.996998 -0.077424 -0.000313 0.996749 -0.080563 -0.000351 0.970208 -0.034431 -0.239816 0.998231 -0.059451 -0.000467 0.866581 -0.007444 -0.498980 0.976267 -0.027559 -0.214808 0.886475 0.100753 -0.451676 0.935982 -0.014786 -0.351736 0.957460 0.051657 -0.283905 0.746066 0.331809 -0.577311 0.728470 0.154992 -0.667315 0.021621 0.188845 -0.981769 0.046514 0.998918 0.000010 0.622851 0.782340 0.000002 0.028228 0.999601 0.000002 0.622854 0.782338 0.000007 0.911739 0.410770 -0.000001 0.998524 0.054314 0.000004 0.998794 0.049091 0.000019 0.023115 -0.999733 -0.000041 0.622952 -0.782260 0.000021 0.622942 -0.782268 -0.000038 0.911710 -0.410835 0.000029 0.911725 -0.410802 -0.000033 0.998780 -0.049372 -0.000009 -0.997814 -0.066082 0.000006 -0.911703 -0.410849 0.000005 -0.911704 -0.410848 0.000007 -0.622942 -0.782268 0.000011 -0.622992 -0.782228 0.000011 -0.023102 -0.999733 0.000013 -0.023117 0.999733 -0.000012 -0.622970 0.782246 -0.000015 -0.622944 0.782267 -0.000006 -0.911699 0.410859 -0.000007 -0.911704 0.410847 -0.000002 -0.997817 0.066033 -0.000001 -0.799761 -0.594770 0.081435 0.128402 0.978148 0.163521 -0.028260 0.999599 -0.001572 0.999629 0.027240 -0.000167 0.999623 0.027449 -0.000050 0.998780 0.049381 -0.000062 -0.999989 -0.004620 -0.000046 -0.999999 0.001632 -0.000134 -0.999989 -0.004703 -0.000044 0.999546 -0.030117 -0.000100 0.999527 -0.030767 -0.000085 0.999567 -0.029425 -0.000091 -0.010608 -0.386896 0.922062 -0.020042 -0.781854 0.623140 -0.000000 -0.390357 0.920663 0.000000 -0.785089 0.619383 -0.000055 -0.001966 0.999998 0.000000 -0.003851 0.999993 0.997355 -0.003357 -0.072613 
						0.998214 -0.034595 -0.048701 0.999947 -0.003987 -0.009515 0.999945 -0.008177 -0.006529 -0.022869 -0.985409 0.168659 0.000000 -0.985938 0.167111 -0.021297 -0.991577 0.127758 -0.016586 -0.870957 0.491079 -0.000000 -0.991952 0.126614 0.000000 -0.873003 0.487714 0.999491 -0.031916 -0.000204 0.999947 -0.010323 -0.000036 -0.992988 0.053188 -0.105575 -1.000000 -0.000000 0.000000 -1.000000 -0.000003 -0.000001 -0.999780 -0.020930 -0.001289 -1.000000 -0.000000 -0.000001 0.996328 0.027187 -0.081181 0.999947 -0.000048 -0.010263 0.998172 -0.035156 0.049153 0.999946 -0.008122 0.006484 0.999948 -0.010185 0.000036 0.000115 0.004027 0.999992 0.010607 0.386849 0.922082 0.000000 0.004044 0.999992 0.000000 0.390403 0.920644 -0.997815 -0.066062 0.000008 -0.999613 -0.027809 0.000010 -0.999623 -0.027473 0.000008 -1.000000 -0.000000 0.000010 -1.000000 -0.000000 0.000008 0.996271 0.027336 0.081833 0.997313 -0.003590 0.073164 0.999949 -0.000047 0.010148 0.999948 -0.003944 0.009416 0.020043 0.781854 0.623140 0.022870 0.985409 0.168660 0.000000 0.785088 0.619384 0.000000 0.985929 0.167161 0.021297 0.991577 0.127758 -0.000000 0.991952 0.126614 0.999780 0.020930 -0.001289 1.000000 -0.000000 -0.000000 1.000000 -0.000003 0.000000 0.992988 -0.053185 -0.105573 1.000000 0.000000 -0.000000 0.078636 0.871426 0.484182 0.016586 0.870922 0.491142 0.000000 0.873003 0.487714 -1.000000 -0.000000 0.000003 -0.999623 0.027473 0.000000 -1.000000 0.000001 0.000001 -0.999623 0.027473 0.000001 -0.999623 -0.027471 0.000002 -0.999623 -0.027473 0.000005 -0.997815 -0.066067 0.000004 0.999614 -0.027797 0.000153 0.999621 -0.027517 0.000116 -0.999339 0.036354 0.000030 -1.000000 -0.000000 0.000020 -0.999339 0.036350 0.000030 0.999523 0.030868 0.000020 0.999620 0.027574 0.000032 0.999621 0.027515 -0.000017 -0.999337 -0.036100 0.004777 
						-1.000000 0.000001 0.000768 -0.999334 -0.036078 0.005459 -0.911739 0.410771 0.000007 -0.997815 0.066065 0.000010 -0.911781 0.410676 0.000009 -0.622852 0.782340 0.000006 -0.622890 0.782309 0.000003 -0.046532 0.998917 0.000006 -0.028252 0.999601 0.000001 -0.622851 -0.782340 0.000012 -0.023129 -0.999732 0.000014 -0.622849 -0.782342 0.000012 -0.911739 -0.410771 0.000008 -0.911773 -0.410695 0.000010 -0.997815 -0.066067 0.000009 0.911739 -0.410771 -0.000096 0.998523 -0.054335 -0.000099 0.911771 -0.410698 -0.000099 0.998796 -0.049050 -0.000111 0.622858 -0.782335 -0.000099 0.622852 -0.782340 -0.000098 0.023152 -0.999732 -0.000101 0.023145 -0.999732 -0.000099 0.911703 0.410850 -0.000053 0.998522 0.054346 -0.000063 0.911704 0.410847 -0.000029 0.622904 0.782299 -0.000025 0.622982 0.782236 -0.000035 0.023104 0.999733 -0.000019 0.023107 0.999733 -0.000025 0.999547 -0.030110 0.000143 0.999527 -0.030740 0.000084 0.999502 -0.031567 0.000146 0.999623 -0.027468 -0.000079 -0.023103 0.999733 -0.000017 -0.997813 0.066093 -0.000003 0.023115 -0.999733 0.000014 -0.023113 -0.999733 0.000012 0.023080 -0.999734 0.000013 0.999763 0.021754 -0.000025 0.999525 0.030817 0.000006 0.999517 0.031090 0.000013 0.999567 0.029423 0.000003 -0.999342 -0.036258 0.000015 -1.000000 -0.000000 0.000010 -1.000000 0.000000 0.000016 -0.999131 -0.041687 -0.000042 -0.999140 -0.041459 -0.000017 -0.999118 -0.041987 -0.000007 -0.999141 -0.041431 -0.000088 -0.999989 -0.004703 0.000025 0.999672 0.025598 0.000047 0.999580 0.028984 0.000062 0.999674 0.025549 0.000104 0.999609 0.027975 0.000017 0.999672 0.025589 -0.000538 0.999523 0.030877 -0.000319 0.999607 0.028037 -0.000454 0.999568 0.029383 -0.000526 0.999612 0.027851 -0.000393 -0.999772 -0.021248 0.002089 -0.999995 0.001633 0.002573 -0.999999 0.001646 -0.000370 -0.999325 -0.036529 0.003971 
						-0.999762 -0.021341 0.004590 -0.999772 -0.021248 0.002099 -0.999318 -0.036509 0.005467 -0.999330 -0.036199 0.005318 0.999763 0.021781 -0.000374 0.999513 0.031209 -0.000502 0.999763 0.021771 -0.000520 0.999527 0.030740 -0.000307 0.999568 0.029376 -0.000382 0.999673 -0.025572 -0.000076 0.999523 -0.030868 -0.000085 0.999617 -0.027661 -0.000077 0.999599 -0.028307 -0.000080 -0.999989 0.004716 0.000061 -0.999999 -0.001632 0.000189 -0.999999 -0.001646 0.000195 -0.999125 0.041827 0.000064 -0.999136 0.041555 0.000040 -0.999145 0.041333 0.000073 -0.999118 0.041987 0.000034 0.999763 -0.021754 -0.000035 0.999763 -0.021777 -0.000049 0.999526 -0.030771 -0.000075 0.999621 -0.027515 -0.000062 0.999567 -0.029423 -0.000077 0.999763 -0.021782 0.000236 0.999523 -0.030877 0.000194 0.999568 -0.029378 0.000091 -0.999346 0.036064 -0.002774 -1.000000 0.000002 0.000899 -0.999324 0.036376 -0.005259 -0.999758 0.021329 -0.005403 -0.999330 0.036198 -0.005450 -0.999755 0.021471 -0.005370 -0.999987 -0.001633 -0.004818 -0.999760 0.021337 -0.004991 0.999671 -0.025645 0.000128 0.999568 -0.029383 0.000100 0.999673 -0.025560 0.000145 0.999523 -0.030877 0.000121 0.999612 -0.027850 0.000080 0.999491 0.031909 -0.000060 0.999763 0.021776 -0.000070 0.999765 0.021697 -0.000086 -0.033712 0.480641 -0.876269 -0.319851 0.731790 -0.601813 -0.490535 0.802982 -0.338520 0.999537 0.030444 0.000071 0.999491 0.031909 0.000051 0.999536 0.030443 0.000101 0.999677 0.025429 0.000044 0.999667 0.025787 -0.000352 0.999673 0.025557 -0.000707 0.999536 0.030444 -0.000661 0.999507 0.031381 -0.000521 0.999763 0.021740 -0.000484 1.000000 -0.000000 0.000000 1.000000 0.000001 -0.000010 0.999667 -0.025794 -0.000094 0.999504 -0.031495 -0.000070 0.999764 -0.021745 -0.000042 0.999764 -0.021745 -0.000028 0.999764 -0.021740 0.000380 0.999547 -0.030110 0.000100 
						0.999679 -0.025330 0.000049 -0.981747 0.172283 0.080566 -0.795720 0.486345 0.360968 -0.987135 0.150851 0.052991 -0.999342 -0.036258 -0.000022 -0.999341 -0.036302 0.000001 0.999536 0.030444 -0.000588 0.999675 -0.025506 -0.000101 0.999502 -0.031567 0.000011 0.999763 -0.021773 0.000139 -0.999145 0.041333 0.000119 -0.999989 0.004702 -0.000003 -0.999989 0.004716 0.000035 -0.999337 0.036054 -0.005125 -0.999339 0.036057 -0.004722 0.069364 -0.042816 -0.996672 0.051126 0.042917 -0.997770 0.055976 -0.039081 -0.997667 -0.216389 0.974108 -0.065486 -0.019402 0.928222 -0.371519 -0.043124 0.999020 -0.009962 -0.031585 -0.999454 -0.009660 0.102420 -0.924252 -0.367789 0.075587 -0.997113 -0.007259 0.241206 -0.970367 -0.014392 0.235645 -0.899116 -0.368866 -0.099864 0.068408 -0.992647 -0.024700 -0.032069 -0.999180 -0.107654 0.004603 -0.994178 0.497021 0.808868 -0.314169 0.441884 0.636868 -0.631774 0.406248 0.805902 -0.430679 -0.281478 -0.011570 -0.959498 0.065948 -0.002495 -0.997820 -0.112019 0.004538 -0.993696 0.004735 -0.081290 -0.996679 0.071624 -0.001427 -0.997431 0.042481 -0.044340 -0.998113 0.043242 0.043576 -0.998114 0.049301 0.037447 -0.998082 0.520430 0.774958 -0.358598 0.181302 0.890684 -0.416906 0.353607 0.706215 -0.613370 0.020663 -0.062482 -0.997832 -0.017028 0.003052 -0.999850 -0.268947 -0.960076 -0.076956 -0.009141 -0.928379 -0.371522 0.261788 0.962174 -0.075424 0.075639 0.924951 -0.372484 0.019908 -0.080209 -0.996579 0.088409 0.003498 -0.996078 -0.082138 0.051305 -0.995300 0.043652 -0.043635 -0.998093 -0.033573 -0.475588 -0.879027 -0.373985 -0.689907 -0.619809 -0.537375 -0.757637 -0.370425 0.125636 0.082749 -0.988619 0.046006 0.002506 -0.998938 0.199351 0.011607 -0.979859 -0.036840 0.081162 -0.996020 0.194179 0.975429 -0.104077 0.098753 0.948478 -0.301060 0.091534 0.990894 -0.098741 0.030190 -0.384846 -0.922487 
						0.120550 0.367511 -0.922173 -0.365389 -0.725032 -0.583798 0.157846 -0.449087 -0.879434 -0.000298 -0.421693 -0.906739 -0.277138 0.948548 -0.153136 0.015024 0.953414 -0.301292 -0.228016 0.917886 -0.324797 -0.133615 0.902266 -0.409955 0.044141 -0.869137 -0.492598 0.045585 -0.952235 -0.301944 0.030812 -0.953211 -0.300730 -0.222820 -0.630243 -0.743737 0.471402 -0.638110 -0.608766 -0.000002 -0.608002 -0.793935 -0.189349 -0.888398 -0.418207 0.011049 0.994876 -0.100501 0.290044 -0.821110 -0.491581 0.198245 -0.925770 -0.321945 0.148837 -0.870845 -0.468483 0.368279 -0.714664 -0.594664 0.317116 -0.853962 -0.412536 0.369741 0.868362 -0.330512 0.419353 0.891313 -0.172348 -0.019680 -0.886289 -0.462715 -0.070231 -0.948222 -0.309748 -0.481157 0.820158 -0.309562 -0.400658 0.689234 -0.603680 -0.561779 0.626456 -0.540330 0.040075 -0.869728 -0.491901 0.037151 -0.866320 -0.498105 0.592423 0.560113 -0.579058 -0.126692 0.362047 -0.923510 0.066584 -0.951307 -0.300968 0.617905 -0.661616 -0.424804 0.375237 -0.818339 -0.435338 0.464819 -0.608648 -0.643033 0.033541 0.475571 -0.879037 0.122188 -0.370644 -0.920703 0.068232 -0.066791 -0.995431 0.015807 0.033088 -0.999327 0.067453 -0.050137 -0.996462 -0.084955 -0.270866 -0.958861 0.093335 0.995573 -0.011130 0.034365 0.928699 -0.369239 -0.637188 -0.596156 -0.488456 -0.628534 -0.637534 -0.445528 -0.655554 -0.639163 -0.402143 -0.123848 0.375251 -0.918612 0.242157 0.058595 -0.968466 0.204890 -0.032592 -0.978242 0.230997 0.048142 -0.971763 -0.385779 0.817382 -0.427857 0.036073 0.040393 -0.998532 -0.111612 0.005202 -0.993738 -0.124007 -0.875525 -0.466988 -0.289026 -0.774114 -0.563216 0.128648 -0.042649 -0.990773 0.125072 0.038793 -0.991389 0.029467 -0.039026 -0.998804 0.024823 0.999665 -0.007266 0.186220 0.071458 -0.979906 0.202695 -0.019193 -0.979054 0.014846 0.039607 -0.999105 0.227194 0.642513 -0.731819 
						0.003655 0.269286 -0.963053 -0.167818 -0.912405 -0.373302 0.198722 0.535986 -0.820505 0.194472 0.934814 -0.297158 0.253647 0.514925 -0.818850 0.225226 0.506043 -0.832583 0.040022 -0.541930 -0.839470 0.014978 -0.541565 -0.840525 0.040022 -0.542185 -0.839306 -0.106244 0.534275 -0.838607 -0.163242 0.518206 -0.839532 0.023457 0.542479 -0.839742 0.060649 -0.543479 -0.837229 0.078347 -0.536713 -0.840119 0.110595 -0.526643 -0.842862 0.112256 0.539021 -0.834778 0.050907 -0.542022 -0.838821 -0.399789 0.262878 -0.878102 0.115680 0.406863 -0.906135 0.241805 -0.010091 -0.970272 0.045319 -0.446699 -0.893536 0.437390 -0.287438 -0.852097 0.578731 0.379278 -0.721955 0.007536 0.442388 -0.896792 0.218794 0.009218 -0.975728 -0.585800 -0.383857 -0.713787 -0.031951 -0.445865 -0.894530 0.210171 -0.521931 -0.826690 0.243723 -0.477565 -0.844116 0.253401 -0.343361 -0.904373 -0.077305 0.415094 -0.906488 0.170911 0.117905 -0.978207 -0.000896 0.529238 -0.848473 0.022145 0.543472 -0.839135 -0.145496 -0.388566 -0.909861 0.197011 -0.134204 -0.971173 -0.061345 -0.519361 -0.852350 0.030130 -0.543349 -0.838966 0.044433 0.540492 -0.840175 0.052912 0.521135 -0.851832 0.119159 0.399165 -0.909103 0.125618 -0.539143 -0.832793 -0.074706 -0.056232 -0.995619 0.043922 0.543296 -0.838391 -0.206576 0.140292 -0.968320 0.463125 -0.878284 -0.118883 0.972790 0.226394 -0.049244 0.966132 0.256293 -0.030033 0.958656 0.278425 -0.058813 0.886673 0.279129 0.368644 0.963075 0.228723 0.142030 0.957089 0.252220 0.142710 -0.591276 -0.505444 -0.628426 -0.592104 -0.611759 -0.524561 -0.640833 -0.644754 -0.416683 -0.652026 -0.663015 -0.367794 -0.646151 -0.703096 -0.296892 -0.647473 -0.629061 -0.430186 -0.647049 -0.675949 -0.352733 -0.644298 -0.633682 -0.428168 -0.648847 -0.659655 -0.379280 0.003968 0.108498 -0.994089 0.720496 0.227445 -0.655099 0.002033 -0.169209 -0.985578 
						-0.614761 -0.766554 -0.185645 -0.622077 -0.740618 -0.253977 0.750818 0.289957 0.593462 0.887848 0.281076 0.364309 0.972153 0.234340 -0.001830 0.971048 0.238877 0.002052 0.004313 0.367313 0.930087 0.016979 0.738901 0.673600 0.015967 0.607087 0.794475 0.971911 0.234188 -0.023336 0.000135 0.682649 0.730747 -0.253657 0.767032 0.589338 -0.000400 -0.348071 -0.937468 -0.547874 -0.540188 -0.638773 -0.652593 -0.656099 -0.379021 0.750591 0.308987 0.584073 -0.000922 -0.222879 -0.974846 -0.549495 -0.834623 -0.038214 -0.574066 -0.809656 -0.122087 0.889075 0.182960 -0.419609 0.939182 0.277173 -0.202763 0.867733 0.259715 -0.423777 0.738989 0.141465 -0.658698 -0.977637 0.006198 0.210210 -0.999035 -0.032736 0.029272 -0.998426 -0.033694 0.044824 0.942373 0.145979 -0.301038 -0.998542 -0.034122 0.041832 -0.988540 0.108874 -0.104574 0.866027 0.173884 -0.468788 -0.999065 -0.042885 0.005522 -0.983514 0.180693 -0.007129 -0.997107 -0.056017 -0.051377 -0.591853 -0.502566 -0.630189 -0.528705 -0.430280 -0.731662 -0.998752 -0.049908 -0.001912 -0.999591 0.009832 0.026844 -0.636279 -0.454276 -0.623525 -0.977216 -0.005548 -0.212176 -0.988828 -0.108573 0.102137 -0.937791 -0.329721 0.108771 0.998338 0.057518 0.003518 0.934808 0.151689 0.321130 -0.991980 0.015746 -0.125406 -0.999063 0.032610 -0.028461 0.979350 0.061628 -0.192550 -0.998956 0.045691 0.000297 -0.998820 0.048564 -0.000055 -0.998730 0.048754 0.012673 -0.639572 -0.408890 -0.650965 -0.984206 -0.176749 0.009955 -0.999577 -0.010110 -0.027253 -0.664892 -0.455618 -0.591888 -1.000000 0.000278 -0.000339 -0.999998 0.000208 0.002120 0.963027 0.101661 -0.249486 -0.644204 -0.419450 -0.639580 -0.999999 -0.000729 -0.000955 -0.998792 -0.047404 -0.012920 -1.000000 0.000057 0.000822 -0.998627 0.036871 -0.037209 0.569721 0.483079 0.664870 0.606515 0.498765 0.619172 -0.092183 -0.182541 -0.978867 
						0.209926 -0.332579 -0.919414 -0.999128 -0.028011 0.030948 -0.944864 0.316089 -0.085554 0.738802 0.068516 -0.670431 -0.999379 -0.031652 0.015466 -0.872990 0.481476 -0.077903 -0.874698 0.472117 -0.109585 -0.999162 0.039268 0.011552 -0.871050 -0.480650 0.101233 -0.999340 0.032907 -0.015360 -0.679928 -0.507710 -0.529083 -0.678138 -0.516787 -0.522552 -0.872327 -0.474849 0.116463 0.959147 0.206285 -0.193609 -0.915266 0.182727 0.359024 -0.658606 0.335423 0.673595 -0.915542 0.175707 0.361815 -0.658443 0.344567 0.669124 -0.249336 0.447094 0.859034 -0.249772 0.454987 0.854752 0.228982 0.466946 0.854125 0.227817 0.474231 0.850414 0.646730 0.378835 0.661985 0.645203 0.387009 0.658739 0.912319 0.205740 0.354041 0.911351 0.216523 0.350082 0.999978 0.006040 -0.002618 0.911430 -0.216507 -0.349886 0.912304 -0.210488 -0.351278 0.645206 -0.387014 -0.658733 0.646680 -0.379001 -0.661939 0.227783 -0.474227 -0.850426 -0.249803 -0.454977 -0.854748 0.229014 -0.466924 -0.854128 -0.658505 -0.344522 -0.669085 -0.249371 -0.447080 -0.859031 -0.658597 -0.335443 -0.673593 -0.915375 -0.182550 -0.358837 -0.915501 -0.171172 -0.364084 -0.999170 -0.037493 0.015927 -0.999113 -0.037121 0.019860 -1.000000 0.000146 0.000164 -0.999908 -0.011544 0.007181 -1.000000 0.000146 0.000164 -0.999095 0.039248 -0.016368 -0.999138 0.039545 -0.012634 -0.440395 0.187591 0.877987 -0.463239 -0.131541 0.876417 -0.433408 -0.264536 0.861498 -0.999879 -0.004559 0.014869 -0.438013 0.190365 0.878581 -0.460834 0.071356 0.884613 -0.931533 0.114197 0.345261 -0.442513 0.191155 0.876152 -0.419085 0.316379 0.851042 -0.732502 0.223084 0.643175 -0.450460 0.192849 0.871720 -0.359339 0.548485 0.755010 -0.410289 0.311494 0.857108 -0.456348 0.194482 0.868288 -0.325822 0.707238 0.627418 0.011269 0.356633 0.934177 -0.454705 0.196169 0.868770 -0.349201 0.765285 0.540738 
						0.471157 0.326616 0.819349 -0.446412 0.197628 0.872731 -0.413903 0.721195 0.555483 0.850844 0.198537 0.486465 1.000000 0.000033 0.000208 -0.434938 0.196778 0.878696 -0.436880 0.198111 0.877432 0.850832 -0.198548 -0.486481 1.000000 0.000001 -0.000012 -0.440476 0.193941 0.876566 -0.470985 0.570959 0.672442 0.471137 -0.326617 -0.819360 -0.449706 0.190385 0.872650 -0.468766 0.328629 0.819916 0.011269 -0.356634 -0.934176 -0.454969 0.187520 0.870540 -0.417685 0.058835 0.906685 -0.410293 -0.311492 -0.857107 -0.452682 0.186258 0.872001 -0.370962 -0.157631 0.915172 -0.732496 -0.223091 -0.643179 -0.446105 0.186429 0.875348 -0.362367 -0.283743 0.887795 -0.931533 -0.114194 -0.345262 -0.390006 -0.317437 0.864366 -0.999879 0.004570 -0.014861 -0.999131 -0.039896 0.012099 -0.999975 0.000656 0.007055 -0.982529 0.186069 0.003961 -0.943997 0.102297 0.313695 -0.999174 -0.039678 0.008731 -0.930386 0.365551 -0.027475 -0.751002 0.214909 0.624348 -0.999195 -0.038964 0.009508 -0.874885 0.476977 -0.084077 -0.424710 0.313529 0.849306 -0.857843 0.493318 -0.144020 0.008760 0.368284 0.929672 -0.899444 0.404054 -0.166556 0.482802 0.345242 0.804805 -0.999096 -0.038564 0.017864 -0.969688 0.217042 -0.112240 0.863118 0.213792 0.457515 -0.999997 0.000618 0.002547 -0.999985 0.005443 0.000505 0.999894 0.009444 0.011105 -0.970908 -0.211639 0.112009 -0.999066 0.041015 -0.013608 0.858877 -0.222500 -0.461329 -0.900064 -0.402072 0.167998 0.481406 -0.344753 -0.805849 -0.858031 -0.492161 0.146833 0.009173 -0.368430 -0.929610 -0.874853 -0.476279 0.088266 -0.999138 0.041009 -0.006428 -0.424700 -0.313510 -0.849318 -0.930326 -0.365312 0.032259 -0.999108 0.041981 -0.004636 -0.750430 -0.215250 -0.624917 -0.982735 -0.184958 0.004747 -0.999063 0.043043 -0.004576 -0.942311 -0.097797 -0.320133 -0.999981 0.001161 0.006044 -0.999995 0.002823 -0.001419 
						-0.999932 -0.000649 0.011633 0.005795 -0.999846 -0.016556 -0.034584 -0.999277 0.015792 -0.058483 -0.998150 0.016649 0.000007 1.000000 0.000004 0.000000 1.000000 0.000010 0.031452 0.999360 0.017025 -0.026936 0.999466 -0.018481 -0.056578 0.998253 -0.017031 0.331192 0.126291 -0.935074 0.582051 -0.116394 -0.804779 0.006467 0.113232 0.993548 -0.079715 -0.119918 0.989578 -0.079717 0.118042 0.989804 -0.000001 1.000000 -0.000003 -0.000008 1.000000 0.000008 0.021369 -0.999697 -0.012207 0.011973 -0.999416 0.031999 -0.018997 -0.999735 0.013005 0.037049 0.999133 0.018968 -0.003033 0.999776 -0.020962 0.042410 -0.998979 -0.015573 -0.321008 -0.119779 0.939471 -0.331190 0.126333 0.935069 0.877317 0.165508 -0.450470 0.974511 -0.133621 -0.180205 0.864848 -0.102706 -0.491416 -0.582051 -0.116400 0.804778 -0.605893 0.145732 0.782084 0.605891 0.145774 -0.782078 0.005385 0.999747 0.021845 0.033850 0.999422 0.003081 0.044083 0.997626 0.052901 -0.036612 0.995183 -0.090939 0.042873 0.991448 0.123256 -0.028992 0.999579 0.000848 -0.021553 -0.994632 -0.101202 0.015692 -0.996039 0.087519 -0.864841 -0.102756 0.491418 -0.877317 0.165503 0.450471 0.861765 -0.488839 -0.135637 0.849323 -0.485394 -0.207467 0.005995 -0.997644 -0.068344 0.007021 -0.990892 0.134476 -0.974509 -0.133633 0.180207 -0.979150 0.144107 0.143175 0.993960 0.000530 -0.109741 0.999833 0.001053 -0.018267 0.997461 0.008251 0.070736 -0.849327 -0.485388 0.207467 -0.003962 -0.994038 0.108966 -0.861781 -0.488812 0.135634 0.862945 0.499730 -0.074806 0.021957 0.994522 0.102192 0.865035 0.501582 -0.011405 0.001752 -0.991945 -0.126661 -0.007127 -0.990799 -0.135155 0.000014 1.000000 0.000066 0.000067 1.000000 -0.000059 0.000012 1.000000 0.000009 -0.000025 1.000000 0.000021 -0.000035 1.000000 0.000047 0.000000 1.000000 0.000003 0.000000 1.000000 0.000045 
						0.000000 1.000000 -0.000014 0.000000 1.000000 0.000000 0.000000 1.000000 -0.000016 0.000000 1.000000 -0.000009 0.000000 1.000000 -0.000026 0.031444 0.570759 0.820515 -0.052960 0.572798 0.817984 -0.031444 0.570759 -0.820515 0.052956 0.572834 -0.817959 0.005789 -0.122623 -0.992436 0.084750 -0.580118 -0.810111 0.032973 -0.584215 -0.810929 0.058384 -0.998155 -0.016663 -0.005789 -0.122611 0.992438 -0.084751 -0.580100 0.810124 -0.263430 -0.561447 0.784463 -0.276545 0.564220 0.777932 0.276542 0.564224 -0.777930 0.021421 -0.999696 -0.012189 0.263440 -0.561399 -0.784494 -0.529994 0.560735 0.636147 0.529993 0.560736 -0.636146 0.474529 -0.538439 -0.696351 -0.015669 -0.999278 -0.034625 -0.474525 -0.538452 0.696344 -0.737587 -0.463575 0.490982 -0.775779 0.527175 0.346774 -0.056037 0.995169 -0.080608 0.775781 0.527173 -0.346774 -0.023646 -0.994077 -0.106079 0.737582 -0.463586 -0.490980 0.979148 0.144117 -0.143174 -0.987464 0.143167 0.066467 -0.862915 0.499784 0.074793 0.985544 -0.135873 -0.101200 -0.985542 -0.135885 0.101201 -0.022830 0.992406 -0.120866 -0.006465 0.113198 -0.993551 0.999171 0.034336 -0.021858 0.978190 -0.055010 -0.200294 0.997615 0.066000 -0.020226 0.844204 -0.161822 -0.511012 0.965869 -0.156132 -0.206688 0.667738 -0.122667 -0.734220 0.599610 -0.440888 -0.667896 0.998806 -0.043680 -0.021880 0.977215 0.052376 -0.205687 0.842139 0.157438 -0.515766 0.965225 0.156369 -0.209499 0.597806 0.440161 -0.669990 0.993946 -0.005375 -0.109739 0.668033 0.118599 -0.734619 -0.041072 0.321538 -0.946005 0.999835 0.007958 -0.016301 0.991446 -0.082414 0.101209 0.999823 -0.004567 -0.018256 0.884674 -0.162077 0.437130 0.967252 -0.160135 0.196927 0.997430 -0.011511 0.070710 0.740727 -0.114169 0.662033 0.662769 -0.408927 0.627309 0.999727 -0.016735 -0.016287 0.991150 0.080072 0.105875 0.884592 0.161841 0.437384 
						0.967042 0.160205 0.197902 0.666672 0.410892 0.621865 0.740478 0.116926 0.661831 0.121946 0.290133 0.949185 0.997332 -0.070139 -0.020217 -0.040928 -0.324635 -0.944953 0.121987 -0.287991 0.949832 0.987464 0.143170 -0.066466 1.000000 0.000000 0.000002 0.901622 -0.139716 -0.409339 0.900969 -0.141723 -0.410084 0.623491 -0.255376 -0.738946 0.225232 -0.319794 -0.920327 0.222522 -0.318448 -0.921452 -0.222459 -0.315266 -0.922561 -0.220417 -0.330569 -0.917682 -0.623487 -0.255378 -0.738949 -0.900720 -0.159635 -0.404006 -0.900969 -0.141723 -0.410084 -0.999977 0.006332 -0.002321 -0.999977 -0.006333 0.002319 -0.900713 0.159643 0.404017 -0.900970 0.141723 0.410082 -0.623487 0.255378 0.738949 -0.220419 0.330568 0.917682 -0.222457 0.315266 0.922562 0.225230 0.319794 0.920328 0.222521 0.318449 0.921453 0.623490 0.255376 0.738947 0.628630 -0.188622 -0.754484 0.625499 -0.252161 -0.738354 0.901623 0.139714 0.409336 0.900969 0.141723 0.410085 1.000000 0.000000 -0.000000 0.901999 -0.037652 -0.430093 0.902547 -0.104159 -0.417803 -0.999967 0.007028 -0.004119 -1.000000 0.000006 0.000006 0.625487 0.252163 0.738363 0.230050 0.244628 0.941931 0.628629 0.188622 0.754485 -0.622939 -0.226249 -0.748838 -0.622480 -0.274419 -0.732948 -0.622936 0.226250 0.748840 -0.216944 0.260580 0.940762 0.230053 -0.244624 -0.941931 -0.999967 -0.007023 0.004117 -0.902311 0.136267 0.408982 1.000000 -0.000000 0.000001 0.902457 0.104182 0.417992 -0.902311 -0.136267 -0.408982 -0.216945 -0.260580 -0.940762 -0.622473 0.274421 0.732953 -0.223695 0.109840 0.968450 -0.622828 -0.039790 0.781346 -0.219419 -0.059211 0.973832 -0.904344 0.063070 0.422118 -0.628776 0.101102 0.770985 0.626570 -0.070102 -0.776206 0.225422 -0.096317 -0.969489 0.225422 0.096316 0.969489 -0.223746 -0.109826 -0.968440 0.626569 0.070100 0.776207 -0.628778 -0.101101 -0.770985 
						0.901981 0.037649 0.430131 -0.904345 -0.063070 -0.422117 1.000000 -0.000000 0.000001 -0.999805 0.017731 -0.008712 -0.999805 -0.017731 0.008712 0.227098 0.067527 -0.971528 -0.226434 0.194937 -0.954320 -0.219416 0.059209 -0.973833 0.227085 -0.067532 0.971531 0.627016 -0.059152 0.776757 -0.622832 0.039790 -0.781343 0.902199 -0.035221 0.429880 -0.901091 0.019376 -0.433197 1.000000 0.000001 -0.000002 -0.999638 0.026547 -0.004399 -0.999638 -0.026548 0.004399 -0.901091 -0.019376 0.433197 0.902194 0.035224 -0.429891 0.627034 0.059148 -0.776743 0.900789 -0.088953 0.425049 0.628588 -0.269042 0.729721 0.902652 -0.153774 0.401960 0.220188 -0.198901 0.954964 0.622725 -0.161301 0.765634 -0.627215 0.152287 -0.763813 -0.902494 0.081524 -0.422916 1.000000 0.000000 -0.000002 -0.999815 0.019239 0.000876 -0.999814 -0.019241 -0.000877 -0.902494 -0.081525 0.422917 0.900789 0.088953 -0.425049 -0.627213 -0.152287 0.763814 0.622725 0.161301 -0.765634 -0.226383 -0.194933 0.954333 0.220251 0.198890 -0.954951 -0.898865 -0.154902 0.409935 -1.000000 0.000001 -0.000002 -0.900969 -0.171040 0.398748 -0.898862 0.154904 -0.409940 1.000000 0.000000 -0.000000 -0.999643 0.026472 0.003626 -0.999643 -0.026476 -0.003605 0.902652 0.153774 -0.401962 -0.618363 -0.268984 0.738427 0.628591 0.269041 -0.729719 -0.214982 -0.332735 0.918188 0.230154 0.332918 -0.914437 0.230153 -0.332918 0.914437 -0.214984 0.332734 -0.918188 -0.618362 0.268984 -0.738428 -0.998680 0.043878 0.026714 -0.901029 -0.170055 0.399035 -0.900559 -0.165651 0.401936 1.000000 -0.000000 0.000000 0.900969 0.171049 -0.398743 -0.623488 -0.308215 0.718516 0.623493 0.308208 -0.718515 -0.222517 -0.384337 0.895975 0.222518 0.384347 -0.895970 0.222518 -0.384347 0.895970 -0.222518 0.384335 -0.895976 0.623492 -0.308209 0.718516 -0.623489 0.308214 -0.718516 0.900969 -0.171049 0.398744 
						-0.900969 0.171040 -0.398747 -1.000000 0.000001 -0.000002 -0.900970 -0.171044 0.398743 -0.623281 -0.302241 0.721228 -0.623491 -0.308213 0.718515 -0.897485 0.173407 -0.405525 -0.969144 0.124279 -0.212872 -0.894836 0.177581 -0.409552 -0.998514 -0.046558 -0.028333 -0.900669 0.175578 -0.397452 -0.998857 0.046138 0.012451 -0.624809 0.307867 -0.717518 -0.624811 0.307586 -0.717637 -0.623803 0.310727 -0.717160 -0.900908 0.170216 -0.399239 -0.231120 0.382540 -0.894565 -0.221767 0.384371 -0.896146 -0.222744 0.385827 -0.895278 -0.623482 0.308317 -0.718478 0.222045 0.384321 -0.896099 0.222262 0.384380 -0.896020 0.222576 0.384658 -0.895823 -0.222624 0.383603 -0.896263 0.999995 -0.001460 0.002871 0.903183 -0.169803 0.394242 0.898268 -0.173591 0.403710 0.623430 0.308675 -0.718369 0.222586 0.383935 -0.896130 0.899745 0.172195 -0.401010 0.628863 0.307305 -0.714209 0.904293 0.169164 -0.391966 0.900967 0.171033 -0.398757 0.623649 0.309433 -0.717853 0.620762 0.309287 -0.720414 0.900970 -0.171045 0.398744 0.623670 -0.302115 0.720946 0.901061 -0.164919 0.401112 1.000000 -0.000000 0.000000 1.000000 -0.000000 0.000001 -0.623490 0.308213 -0.718516 -0.222265 0.378324 -0.898593 -0.623281 0.302242 -0.721229 -0.222272 -0.378323 0.898591 -0.222523 -0.384335 0.895975 0.623492 -0.308215 0.718514 0.222759 -0.378255 0.898499 0.900970 0.171045 -0.398744 1.000000 -0.000000 0.000000 0.901061 0.164920 -0.401111 0.623674 0.302118 -0.720941 0.623491 0.308215 -0.718514 0.222761 0.378262 -0.898496 0.222520 0.384339 -0.895973 -0.900970 0.171044 -0.398744 -1.000000 0.000000 -0.000000 -1.000000 0.000000 -0.000001 -0.218180 0.557521 -0.800979 0.223000 0.541187 -0.810795 -0.210498 0.595089 -0.775603 -0.222521 0.384335 -0.895975 -0.900968 0.171045 -0.398748 -0.900976 -0.171036 0.398734 -1.000000 0.000001 -0.000001 -0.911567 -0.177199 0.371006 
						-1.000000 0.000000 0.000000 -0.877465 -0.178659 0.445125 -0.647247 -0.318970 0.692336 -0.582517 -0.310021 0.751373 -0.252523 -0.399935 0.881070 -0.172192 -0.377935 0.909678 0.217135 -0.388170 0.895643 0.222513 -0.384337 0.895976 0.638873 -0.291311 0.712025 0.582524 -0.330766 0.742468 0.909348 -0.152009 0.387272 0.877463 -0.199410 0.436228 0.999914 -0.010949 0.007230 0.994381 -0.061661 0.086050 0.997234 0.061849 -0.041213 0.886909 0.200446 -0.416189 0.921986 0.142222 -0.360160 0.619135 0.312816 -0.720290 0.623490 0.308209 -0.718517 0.217083 0.388136 -0.895670 0.222519 0.384335 -0.895975 -0.252477 0.399982 -0.881062 -0.172191 0.377937 -0.909678 -0.647299 0.318894 -0.692323 -0.582521 0.310023 -0.751369 -0.911576 0.177171 -0.370998 -0.877466 0.178658 -0.445123 -0.622345 -0.308640 0.719324 -0.223969 -0.384362 0.895603 -0.224089 -0.384088 0.895690 0.901441 -0.170735 0.397812 0.999979 -0.003253 0.005552 0.999943 -0.003561 0.010072 0.221175 -0.384367 0.896295 0.226539 -0.383502 0.895324 0.218600 0.384444 -0.896893 -0.224294 0.384379 -0.895514 -0.224235 0.384073 -0.895660 0.624614 -0.307952 0.717651 0.621341 -0.309211 0.719947 -0.622533 0.308577 -0.719189 -0.630614 0.306997 -0.712796 0.897108 -0.175157 0.405607 -0.894625 0.177022 -0.410255 -0.898529 0.172385 -0.403645 0.999997 -0.000638 0.002218 -0.967977 0.113807 -0.223761 -0.970837 0.066711 -0.230270 0.623630 0.308198 -0.718401 0.233403 0.382072 -0.894172 -0.967155 -0.115233 0.226565 -0.898677 -0.172313 0.403345 -0.894139 -0.177477 0.411117 -0.630555 -0.307000 0.712847 0.899835 0.172257 -0.400779 0.627263 0.306469 -0.715973 -0.895447 -0.174740 0.409439 -0.967660 -0.127176 0.217856 -0.970899 -0.079843 0.225787 -0.623332 -0.306965 0.719187 -0.623928 -0.304406 0.719758 -0.621274 -0.308693 0.720227 -0.893141 -0.179326 0.412482 -0.222334 -0.383179 0.896516 
						-0.222992 -0.381193 0.897199 -0.229450 -0.382887 0.894846 -0.623854 -0.308025 0.718281 0.222419 -0.383656 0.896291 0.222863 -0.382026 0.896877 -0.216503 -0.384506 0.897375 0.224050 -0.384375 0.895576 0.623623 -0.307109 0.718873 0.623509 -0.308275 0.718473 0.622734 -0.308503 0.719047 0.224194 -0.384087 0.895664 0.901074 -0.169343 0.399235 0.900924 -0.170426 0.399112 0.630169 -0.307071 0.713158 1.000000 0.001028 0.000275 0.999999 0.001469 0.000897 0.222521 -0.384339 0.895973 0.901091 0.172855 -0.397688 0.999984 0.005218 -0.002339 0.901723 0.168923 -0.397946 0.626228 0.304381 -0.717768 0.216845 0.389735 -0.895033 -0.224477 0.385883 -0.894821 -0.617983 0.304019 -0.725031 -0.895376 0.164839 -0.413678 -0.983724 -0.059662 -0.169493 -0.983184 0.060637 0.172256 -0.895564 -0.165052 0.413186 -0.617694 -0.303778 0.725378 -0.223691 -0.385255 0.895288 0.217925 -0.388724 0.895211 0.626971 -0.303348 0.717557 0.903782 -0.163121 0.395688 0.999975 -0.002360 -0.006711 0.897456 0.167144 -0.408211 0.616333 0.302751 -0.726964 0.222265 0.384145 -0.896120 -0.214740 0.391727 -0.894671 -0.624704 0.306538 -0.718178 -0.899903 0.173993 -0.399875 -0.983745 0.163831 -0.073522 -0.983724 -0.163928 0.073590 -0.900989 -0.170972 0.398732 -0.625307 -0.305655 0.718030 -0.215435 -0.391063 0.894795 0.223690 -0.385224 0.895302 0.616891 -0.303151 0.726323 0.899396 -0.169266 0.403034 0.906143 0.167480 -0.388402 0.900692 -0.193519 0.388978 0.999986 0.004814 0.002199 0.999992 0.003726 0.001598 -0.865225 0.420550 -0.272991 -0.899737 0.404972 0.162698 -0.952021 0.281251 0.120640 -0.605232 -0.519950 0.602782 -0.210013 -0.600269 0.771733 -0.219217 -0.536356 0.815025 0.620734 -0.393068 0.678371 0.899630 -0.231540 0.370209 0.620235 0.400322 -0.674575 0.899242 0.238096 -0.366980 0.621324 0.413073 -0.665828 0.220168 0.513650 -0.829271 
						-0.589714 0.569875 -0.572259 -0.833170 0.502215 -0.231532 -0.831603 -0.505834 0.229276 -0.588510 -0.574510 0.568854 0.223071 -0.537000 0.813554 0.621624 -0.408141 0.668584 0.620570 -0.217911 0.753264 0.899230 -0.113616 0.422466 0.899650 -0.121078 0.419488 -0.605965 0.515911 -0.605510 -0.956109 -0.269280 -0.115517 -0.865745 -0.418821 0.273997 0.220374 -0.508021 0.832676 0.916854 0.165481 -0.363310 0.999997 0.000917 0.002287 0.999958 0.001611 -0.008996 0.695579 0.372834 -0.614137 0.919113 0.196881 -0.341276 0.697013 0.303441 -0.649689 0.363655 0.500583 -0.785603 0.371941 0.398957 -0.838149 -0.020708 0.568589 -0.822361 -0.013274 0.438325 -0.898719 -0.389206 0.578653 -0.716714 -0.378819 0.423499 -0.822888 -0.679690 0.544250 -0.491745 -0.729272 0.404818 -0.551620 -0.657930 0.377483 -0.651639 -0.767108 0.596010 -0.237313 -0.730857 -0.403812 0.550258 -0.673269 -0.551322 0.492700 -0.751753 -0.612666 0.243941 -0.879992 -0.440750 -0.177066 -0.373996 -0.425305 0.824161 -0.644923 -0.385027 0.660173 -0.391584 -0.576495 0.717158 -0.003960 -0.440244 0.897870 0.390444 -0.400072 0.829154 -0.022863 -0.566869 0.823491 0.709826 -0.302219 0.636247 0.361180 -0.498618 0.787991 0.928291 -0.160961 0.335212 0.695177 -0.372450 0.614824 0.918390 -0.195744 0.343867 0.900453 0.201875 -0.385268 0.923365 0.151340 -0.352837 0.999805 0.007783 -0.018144 0.701159 0.281069 -0.655268 0.007663 0.394219 -0.918985 0.366333 0.366808 -0.855133 -0.363969 0.367185 -0.855980 -0.647376 0.300467 -0.700445 -0.746766 -0.262195 0.611223 -0.627182 -0.307067 0.715788 -0.357868 -0.368107 0.858154 0.372328 -0.365874 0.852941 -0.015237 -0.394179 0.918908 0.697647 -0.282438 0.658420 0.932296 -0.142585 0.332405 -0.000430 -0.394221 0.919015 -0.000443 -0.394220 0.919016 -0.000465 -0.394220 0.919016 -0.593021 0.009364 -0.805133 -0.841307 -0.169152 -0.513411 
						-0.842094 -0.166895 -0.512858 0.999998 -0.001968 -0.000845 0.999994 -0.003251 -0.001394 -0.926942 -0.344820 -0.147913 -0.921206 -0.357566 -0.153382 -0.924691 0.349887 0.150087 -0.839447 0.174415 0.514692 -0.839532 0.174170 0.514637 0.899147 0.112265 -0.423002 0.899495 0.118205 -0.420639 -0.590980 0.000741 0.806686 -0.593416 -0.011380 0.804815 0.619278 0.199519 -0.759399 0.618317 0.187467 -0.763244 -0.214942 -0.133490 0.967461 -0.216050 -0.153216 0.964286 0.218735 0.208987 -0.953142 0.219410 0.225961 -0.949105 0.218839 -0.211481 0.952568 0.218099 -0.194535 0.956341 -0.216442 0.160476 -0.963016 -0.215272 0.139109 -0.966595 0.616029 -0.162777 0.770721 -0.595672 0.023026 -0.802897 -0.030142 0.233579 0.971870 0.013960 0.076131 0.997000 -0.045979 0.224556 0.973376 0.024751 -0.093676 0.995295 0.016334 -0.233876 0.972129 0.016088 -0.236515 0.971494 -0.475853 -0.102646 0.873515 -0.429270 0.090741 0.898606 -0.475836 0.102644 0.873524 -0.472895 -0.097924 0.875660 -0.425553 0.086481 0.900792 -0.472898 0.097924 0.875659 0.024748 0.093660 0.995297 -0.029868 0.230977 0.972501 0.028985 0.107992 0.993729 -0.334593 -0.057819 0.940587 -0.152282 0.025360 0.988012 -0.334606 0.057820 0.940583 0.013960 -0.076133 0.997000 0.013861 -0.228686 0.973401 -0.502262 0.111698 0.857471 -0.502265 -0.111700 0.857469 -0.386521 -0.077021 0.919059 -0.386519 0.077021 0.919060 -0.390840 0.075733 0.917338 -0.332669 -0.060507 0.941100 -0.332663 0.060505 0.941103 -0.083077 -0.018438 0.996373 0.335164 0.073181 0.939314 -0.083064 0.018436 0.996374 -0.001028 0.004476 0.999989 0.000012 0.046629 0.998912 0.000139 -0.083075 0.996543 -0.032153 0.209382 0.977305 0.024393 0.099731 0.994715 0.028985 -0.107994 0.993729 0.011653 -0.212434 0.977106 -0.390704 -0.079911 0.917041 -0.390728 0.079916 0.917031 0.250025 -0.076787 0.965190 
						0.249996 0.076792 0.965197 0.011086 -0.040582 0.999115 0.006436 -0.150567 0.988579 -0.393988 -0.075491 0.916010 -0.393979 0.075491 0.916014 0.011082 0.040566 0.999115 -0.017596 0.081055 0.996554 -0.001033 -0.004495 0.999989 0.796401 0.074107 0.600211 0.974231 -0.049525 0.220047 0.974234 0.049522 0.220033 0.335132 -0.073188 0.939324 -0.001088 -0.079508 0.996834 0.614713 -0.037189 0.787874 0.601644 -0.142316 0.785984 -0.001087 0.079500 0.996834 0.588379 0.043809 0.807397 0.925369 0.114342 0.361411 0.998717 0.028424 0.041919 0.925686 0.028555 0.377215 0.932458 -0.023610 0.360506 0.925369 -0.114344 0.361411 0.601643 0.142325 0.785983 0.773286 0.071018 0.630067 -0.029186 0.178314 0.983541 0.974925 -0.042577 0.218421 0.974924 0.042578 0.218425 0.999367 0.000431 0.035557 0.999108 -0.025755 0.033462 0.995728 -0.082916 0.040638 0.997196 -0.074032 0.010934 0.996191 -0.079910 0.034887 0.995727 0.082921 0.040639 0.996763 0.077430 0.021660 0.999477 -0.000439 0.032345 0.017468 -0.069535 0.997427 -0.026168 0.147318 0.988743 0.017467 0.069529 0.997427 0.008949 -0.181370 0.983374 0.024392 -0.099725 0.994716 -0.392327 0.077849 0.916525 -0.392312 -0.077845 0.916532 -0.388521 -0.076262 0.918278 -0.390838 -0.075733 0.917339 -0.388530 0.076263 0.918275 0.019380 -0.044104 0.998839 -0.174693 -0.211369 0.961668 -0.172956 -0.164439 0.971106 -0.498990 -0.120213 0.858230 -0.174691 0.211367 0.961669 -0.172952 0.164437 0.971107 -0.499001 0.120216 0.858222 -0.350347 -0.320336 0.880137 -0.309264 -0.340701 0.887851 -0.076626 -0.222121 0.972003 -0.078030 -0.229982 0.970062 -0.309269 0.340698 0.887850 -0.350351 0.320338 0.880135 -0.141854 -0.132611 0.980965 -0.141850 0.132610 0.980965 -0.289916 0.316317 0.903268 -0.429293 -0.090748 0.898595 -0.289912 -0.316327 0.903265 -0.078150 -0.227392 0.970662 
						-0.208016 0.190873 0.959321 -0.055090 0.055327 0.996947 -0.081682 -0.081240 0.993342 -0.167799 -0.150569 0.974255 -0.081651 0.081213 0.993347 -0.167801 0.150571 0.974254 -0.152270 -0.025360 0.988013 -0.207985 -0.190847 0.959333 -0.055094 -0.055330 0.996947 -0.037336 -0.078769 0.996193 0.040829 0.041304 0.998312 0.413418 0.228387 0.881433 0.471677 -0.167123 0.865789 0.650439 0.027843 0.759048 0.471676 0.167121 0.865790 0.413415 -0.228389 0.881434 0.885763 -0.108962 0.451167 0.773284 -0.071021 0.630070 0.885763 0.108963 0.451167 0.840849 -0.201108 0.502522 0.840845 0.201113 0.502526 0.995143 0.046846 0.086576 0.980264 -0.138005 0.141553 0.995143 -0.046848 0.086578 0.942299 0.015945 0.334393 0.999480 0.022550 0.023032 0.999045 0.042947 -0.007978 0.999476 0.000437 0.032352 0.999045 -0.042951 -0.007982 0.995909 -0.054051 0.072415 0.999367 -0.000431 0.035556 0.995907 0.054072 0.072429 0.996174 0.080129 0.034888 0.980266 0.137997 0.141548 -0.150374 -0.141315 0.978477 -0.171878 -0.162686 0.971592 -0.150373 0.141313 0.978478 -0.171876 0.162683 0.971593 -0.130303 -0.121588 0.983991 -0.130303 0.121587 0.983991 -0.265298 -0.268947 0.925897 -0.258501 -0.254050 0.932007 -0.067107 -0.175004 0.982278 -0.058599 -0.143889 0.987857 -0.273071 -0.284363 0.919005 -0.075770 -0.205937 0.975627 -0.258499 0.254045 0.932008 -0.265304 0.268944 0.925896 -0.273071 0.284366 0.919004 -0.425572 -0.086485 0.900782 -0.346364 -0.887983 0.302520 0.145994 -0.953268 -0.264510 -0.141334 -0.956933 0.253584 0.691432 0.552851 -0.465057 0.759772 -0.423351 0.493477 0.681696 -0.559747 0.471141 -0.000000 -1.000000 -0.000000 0.000001 -1.000000 0.000000 -0.000000 -1.000000 0.000000 0.332972 0.905902 0.261671 -0.565528 0.821203 -0.076187 -0.337371 0.903056 -0.265840 0.954652 0.089813 -0.283855 0.835731 -0.367635 0.407919 
						0.826992 0.376013 -0.417969 0.000004 -1.000000 0.000000 0.000001 -1.000000 -0.000000 -0.000000 -1.000000 0.000000 -0.603849 -0.786165 -0.131573 0.565529 -0.821202 -0.076192 -0.624027 -0.776764 0.085012 -0.832117 0.371139 0.412112 -0.691014 -0.711275 -0.128792 -0.830611 -0.372602 -0.413826 -0.086665 0.977591 0.191846 0.290558 0.910018 -0.295709 0.088039 0.975652 -0.200880 0.085835 -0.978729 0.186337 -0.258460 -0.931848 -0.254674 -0.093584 -0.966676 -0.238283 -0.980443 0.059274 -0.187664 -0.882754 -0.292002 0.368076 -0.876472 0.298795 -0.377517 0.114366 0.979011 0.168694 -0.691429 -0.552857 -0.465054 -0.759773 0.423351 0.493477 -0.681698 0.559746 0.471140 -0.039147 -0.997855 0.052463 0.680781 -0.710853 -0.176709 0.952766 0.104152 0.285287 0.666030 0.723868 0.180053 0.493564 -0.807381 -0.323311 -0.510530 -0.791692 0.335533 -0.988159 -0.026775 -0.151082 -0.914480 0.139714 0.379745 -0.911137 -0.142002 -0.386867 -0.950820 0.105944 -0.291063 -0.952994 -0.103980 0.284588 -0.391413 0.852360 -0.346812 0.146000 0.953268 0.264509 0.387676 0.855558 0.343115 -0.680779 0.710854 -0.176710 -0.666032 -0.723866 0.180053 -0.493573 0.807381 -0.323298 0.510541 0.791689 0.335524 -0.040218 0.997415 -0.059540 -0.150407 0.949631 -0.274916 -0.117893 0.940482 0.318738 0.040688 0.997204 0.062672 0.622807 0.770462 -0.136016 -0.653722 0.743056 0.143231 0.758211 0.424489 -0.494899 0.913729 -0.140253 0.381352 0.988159 -0.026774 0.151081 0.987745 0.026926 -0.153738 0.911893 0.141500 -0.385264 0.648319 -0.748016 0.141966 -0.093212 -0.969600 -0.226246 0.120464 -0.936727 0.328680 0.040689 -0.997204 -0.062672 -0.952410 -0.091406 -0.290792 -0.953384 0.090703 0.287806 0.980443 -0.059274 -0.187664 0.882754 0.292002 0.368077 0.876471 -0.298795 -0.377518 0.691014 0.711275 -0.128794 -0.000007 -1.000000 0.000000 0.000003 -1.000000 0.000000 
						0.000002 -1.000000 0.000000 -0.673716 0.727140 0.131812 -0.120419 0.975043 -0.186520 0.608576 0.789175 0.082694 -0.758208 -0.424490 -0.494903 0.673713 -0.727145 0.131795 -0.000001 -1.000000 0.000000 -0.000000 -1.000000 -0.000000 0.114360 -0.979011 -0.168697 -0.317241 -0.915681 0.246751 0.345692 -0.897541 -0.273712 0.951118 -0.092291 0.294715 -0.680400 -0.682511 -0.266897 -0.735283 -0.613170 -0.288757 -0.658134 -0.749481 -0.071670 -0.674059 -0.733097 -0.090630 -0.569474 -0.813705 0.116550 -0.617463 -0.779278 0.107081 -0.412322 -0.833662 0.367421 0.680401 -0.682506 0.266910 0.735284 -0.613168 0.288760 0.658133 -0.749483 0.071674 0.569464 -0.813709 -0.116566 0.617461 -0.779279 -0.107082 0.396541 -0.847896 -0.351891 -0.868173 -0.430469 -0.246924 -0.728270 -0.680298 -0.082575 -0.484214 -0.869518 0.097345 -0.157998 -0.943031 0.292795 0.868176 -0.430463 0.246927 0.674059 -0.733096 0.090631 0.484211 -0.869519 -0.097348 0.951052 -0.105710 -0.290389 0.664901 -0.742377 -0.082358 0.909967 -0.387442 -0.147810 0.670970 -0.741232 -0.019354 0.762843 -0.646554 0.006264 0.494569 -0.852367 0.169918 0.674332 -0.737103 0.044234 -0.664905 -0.742371 0.082379 -0.909965 -0.387446 0.147817 -0.670970 -0.741232 0.019365 -0.494563 -0.852370 -0.169917 -0.674330 -0.737104 -0.044230 -0.133650 -0.915768 -0.378824 -0.651666 -0.744950 -0.142761 0.932091 -0.342901 0.116726 0.753259 -0.654332 0.066719 0.436962 -0.899473 0.003580 -0.932093 -0.342898 -0.116719 -0.753259 -0.654331 -0.066715 -0.762849 -0.646547 -0.006258 -0.436923 -0.899492 -0.003571 -0.041149 -0.996990 0.065703 -0.617463 0.779278 -0.107081 -0.569472 0.813706 -0.116552 -0.658121 0.749498 0.071624 -0.674059 0.733097 0.090628 -0.735285 0.613166 0.288761 -0.680405 0.682495 0.266927 -0.484210 0.869520 -0.097347 -0.728276 0.680290 0.082580 -0.868172 0.430471 0.246925 -0.674323 0.737109 0.044263 
						-0.494570 0.852366 0.169918 -0.670968 0.741234 -0.019358 -0.909965 0.387448 -0.147811 -0.664901 0.742377 -0.082355 -0.436923 0.899492 0.003570 -0.762847 0.646549 0.006258 -0.753280 0.654307 0.066723 -0.932092 0.342899 0.116724 0.680403 0.682510 -0.266895 0.735288 0.613167 -0.288754 0.658138 0.749479 -0.071671 0.674064 0.733093 -0.090628 0.569466 0.813707 0.116570 0.617464 0.779276 0.107084 0.868173 0.430470 -0.246924 0.728270 0.680297 -0.082578 0.484215 0.869516 0.097349 0.657237 -0.749679 0.077597 0.664905 0.742371 0.082378 0.909965 0.387448 0.147814 0.670968 0.741233 0.019368 0.494563 0.852371 -0.169916 0.674344 0.737094 -0.044189 0.120464 0.936728 -0.328678 0.932091 0.342901 -0.116725 0.753280 0.654307 -0.066727 0.762841 0.646555 -0.006258 0.436963 0.899472 -0.003579 -0.896547 -0.387763 -0.214111 -0.758138 -0.651768 0.020624 -0.927126 -0.354502 0.121514 -0.734334 -0.672052 -0.095395 -0.453166 -0.885513 -0.102502 -0.115673 -0.978191 0.172515 -0.081847 -0.983709 -0.160058 0.927125 -0.354504 -0.121516 0.896547 -0.387761 0.214113 0.758141 -0.651764 -0.020627 0.734335 -0.672051 0.095396 0.453180 -0.885507 0.102498 0.455092 -0.888980 -0.051045 -0.453160 0.885516 0.102504 -0.826200 -0.513336 0.232120 -0.717164 -0.694079 0.062689 -0.541663 -0.830695 -0.128635 -0.308646 -0.896091 -0.318995 0.826204 -0.513317 -0.232148 0.541668 -0.830692 0.128630 0.306869 -0.897508 0.316719 -0.000002 -1.000000 0.000000 -0.000004 -1.000000 0.000000 0.000001 -1.000000 0.000000 0.000004 -1.000000 0.000000 0.000004 -1.000000 -0.000000 0.000003 -1.000000 -0.000000 0.000000 -1.000000 -0.000000 0.000000 -1.000000 0.000000 -0.000002 -1.000000 -0.000000 -0.000000 -1.000000 0.000000 -0.000000 -1.000000 0.000000 -0.000006 -1.000000 -0.000000 -0.000003 -1.000000 -0.000000 -0.000002 -1.000000 -0.000000 0.775506 -0.574344 0.262144 
						0.676179 -0.730523 0.095485 0.531644 -0.842504 -0.086839 -0.775506 -0.574344 -0.262144 -0.676189 -0.730512 -0.095504 -0.455098 -0.888977 0.051042 -0.332259 -0.906365 0.260972 0.644948 -0.763884 0.022876 0.631044 -0.775083 -0.032082 -0.657237 -0.749678 -0.077599 -0.631041 -0.775085 0.032091 -0.531644 -0.842505 0.086838 -0.591448 -0.802356 0.080092 -0.644949 -0.763884 -0.022876 -0.631041 0.775086 -0.032093 -0.734334 0.672052 0.095396 -0.758117 0.651793 -0.020614 -0.896549 0.387756 0.214113 -0.927127 0.354500 -0.121516 0.927123 0.354510 0.121515 0.896549 0.387756 -0.214115 -0.306853 0.897508 0.316734 -0.541641 0.830705 0.128660 -0.717179 0.694061 -0.062723 -0.826197 0.513345 -0.232112 0.000002 -1.000000 0.000000 0.000002 -1.000000 0.000000 0.000002 -1.000000 0.000000 -0.000000 -1.000000 -0.000000 -0.000001 -1.000000 -0.000000 -0.000003 -1.000000 -0.000000 -0.000001 -1.000000 -0.000000 0.000001 -1.000000 0.000000 -0.455090 0.888981 -0.051046 -0.676179 0.730523 0.095485 -0.775505 0.574345 0.262144 -0.531642 0.842505 -0.086841 -0.657237 0.749678 0.077603 -0.644947 0.763885 0.022865 0.657236 0.749679 -0.077599 0.758127 0.651781 0.020620 0.734333 0.672053 -0.095396 0.453165 0.885514 -0.102504 0.455091 0.888981 0.051045 -0.124467 -0.972168 0.198489 0.826195 0.513340 0.232127 0.717168 0.694073 0.062704 0.541666 0.830694 -0.128630 -0.000003 -1.000000 -0.000000 -0.000002 -1.000000 -0.000000 0.000000 -1.000000 0.000000 0.000002 -1.000000 0.000000 0.000002 -1.000000 0.000000 0.775512 0.574324 -0.262170 0.676178 0.730524 -0.095485 0.631041 0.775085 0.032092 0.531645 0.842504 0.086840 0.644947 0.763885 -0.022867 0.728271 -0.680296 0.082578 -0.987745 0.026927 0.153738 -0.943594 0.331105 0.000000 -0.745674 0.663397 0.062252 -0.762243 0.647291 0.000000 -0.943600 -0.331089 -0.000000 -0.998869 -0.031045 -0.036010 
						-0.999827 -0.018598 0.000000 -0.999826 0.018643 0.000168 -0.937486 0.345388 0.042750 0.627856 -0.299997 -0.718192 0.283612 -0.221896 -0.932913 0.561036 -0.438950 -0.701828 -0.994181 -0.106028 -0.019028 -0.994084 0.106901 -0.019208 -0.994178 0.106053 0.019040 0.999827 -0.018597 0.000168 0.937495 -0.345370 0.042689 0.943594 -0.331105 -0.000000 0.625748 0.073863 -0.776520 0.372842 -0.042746 -0.926910 0.625772 -0.073864 -0.776501 0.437467 0.899234 0.000000 0.745658 0.663416 -0.062228 0.762260 0.647270 0.000000 -0.943318 0.331889 -0.000001 -0.998887 0.031226 -0.035349 -0.999831 0.018391 -0.000167 0.037819 -0.999285 -0.000000 -0.045849 -0.998751 0.019840 -0.037818 -0.999285 -0.000000 0.000000 -0.000000 1.000000 0.115028 0.316647 0.941543 0.000000 -0.000000 1.000000 -0.886655 -0.423123 0.186575 -0.976843 -0.112131 -0.182223 -0.886304 -0.425351 -0.183144 0.994188 0.105961 -0.019020 0.994085 -0.106894 -0.019204 0.994171 -0.106115 0.019060 0.762215 -0.647323 -0.000000 0.421546 -0.905673 0.045338 0.437466 -0.899235 -0.000000 -0.000001 -0.000001 1.000000 -0.335594 0.157757 0.928703 -0.000000 -0.000000 1.000000 0.330360 -0.920804 0.207324 0.486579 -0.852696 -0.190132 0.486187 -0.852008 0.194174 0.045823 -0.998754 -0.019751 0.642136 0.740703 0.197535 0.886295 0.425353 -0.183181 0.640439 0.743254 -0.193421 0.000000 -0.000000 1.000000 -0.028229 -0.325801 0.945017 -0.000002 -0.000026 1.000000 -0.642139 -0.740700 0.197537 -0.640440 -0.743252 -0.193424 -0.437467 0.899235 0.000000 -0.045821 0.998755 -0.019744 -0.037819 0.999285 0.000000 -0.000002 -0.000002 1.000000 -0.115043 -0.316691 0.941526 -0.421548 0.905672 0.045338 -0.330362 -0.920803 0.207324 -0.328688 -0.922242 -0.203555 -0.998869 0.031024 0.036035 -0.000000 -0.000000 1.000000 0.372438 -0.043405 0.927042 -0.000002 -0.000000 1.000000 -0.976596 -0.112403 0.183374 
						-0.983254 0.000000 -0.182242 0.045526 0.998782 0.019037 0.037818 0.999285 0.000000 -0.000000 -0.000000 1.000000 0.335602 -0.157759 0.928700 -0.082558 -0.973588 0.212861 0.081711 -0.973831 -0.212076 0.082560 -0.973598 0.212816 -0.051146 -0.591296 -0.804831 -0.112220 -0.318763 -0.941168 -0.225265 -0.629334 -0.743770 0.037818 0.999285 0.000000 0.421546 0.905673 -0.045338 -0.000000 -0.000000 1.000000 0.177481 -0.311023 0.933684 -0.000000 -0.000000 1.000000 0.999827 0.018598 0.000000 0.998871 -0.031047 0.035966 -0.000000 -0.000000 1.000000 0.115037 -0.316673 0.941533 0.937496 0.345359 -0.042761 0.943600 0.331089 0.000000 0.028226 0.325764 0.945030 0.000003 0.000041 1.000000 -0.886654 0.423118 0.186590 -0.958058 0.223146 -0.179808 -0.957839 0.223094 0.181035 0.372448 0.043404 0.927037 0.000000 -0.000000 1.000000 0.943314 0.331902 0.000000 0.746440 0.662871 0.058557 0.762199 0.647342 0.000000 0.999831 -0.018392 -0.000167 0.998888 0.031207 0.035327 0.999834 0.018219 0.000000 0.438391 0.898784 0.000000 0.045640 0.998801 -0.017726 0.036262 0.999342 0.000000 -0.083892 0.996438 -0.008586 0.080545 0.996720 -0.007862 0.081398 0.996649 0.008106 -0.998889 -0.031187 0.035329 -0.999834 -0.018206 -0.000000 -0.438352 0.898803 0.000000 -0.746441 0.662872 -0.058536 -0.762189 0.647354 0.000000 -0.036258 0.999343 0.000000 -0.422665 0.905297 -0.042331 0.036287 -0.999341 -0.000000 0.422660 -0.905300 -0.042324 0.438368 -0.898796 -0.000000 0.746426 -0.662888 -0.058547 0.762190 -0.647354 -0.000000 -0.036293 -0.999341 -0.000000 0.045629 -0.998801 0.017740 0.943332 -0.331852 -0.000001 0.998888 -0.031186 -0.035360 -0.937586 -0.345340 0.040902 -0.943314 -0.331903 -0.000000 -0.746433 -0.662881 0.058529 -0.762228 -0.647309 -0.000000 -0.422668 -0.905295 0.042333 -0.438360 -0.898799 -0.000000 -0.045689 -0.998796 -0.017856 
						-0.225257 0.629325 -0.743781 -0.026989 0.326019 -0.944978 -0.051147 0.591316 -0.804817 -0.461481 0.533277 -0.708978 -0.112222 0.318769 -0.941166 -0.082559 0.973585 0.212878 -0.328687 0.922234 -0.203592 -0.330361 0.920804 0.207319 -0.618554 0.144070 -0.772421 -0.334468 0.162717 -0.928254 -0.627852 0.299995 -0.718196 -0.625752 -0.073861 -0.776517 -0.375199 0.000000 -0.926944 -0.629976 0.000000 -0.776615 -0.229193 -0.269450 -0.935343 -0.461476 -0.533262 -0.708994 -0.334454 -0.162710 -0.928260 -0.627856 -0.299996 -0.718192 -0.372879 -0.042750 -0.926895 0.627856 0.300002 -0.718189 0.372866 0.042749 -0.926900 0.461476 0.533266 -0.708991 0.334452 0.162709 -0.928260 0.886663 0.423122 0.186537 0.976840 0.112131 -0.182235 0.051145 0.591296 -0.804831 0.112219 0.318765 -0.941167 0.225260 0.629336 -0.743771 0.225257 -0.629324 -0.743781 0.026989 -0.326013 -0.944980 0.051148 -0.591315 -0.804817 0.352628 -0.617956 -0.702698 0.112220 -0.318766 -0.941167 0.328690 -0.922241 -0.203556 0.334474 -0.162721 -0.928251 0.998867 0.031045 -0.036067 -0.081711 -0.973834 -0.212064 -0.026989 -0.326015 -0.944979 -0.229190 0.269445 -0.935346 0.229197 0.269453 -0.935341 0.422667 0.905296 0.042330 0.036262 0.999342 0.000000 -0.045702 0.998796 0.017847 -0.937576 0.345361 -0.040954 0.937590 -0.345328 -0.040905 0.330360 0.920805 0.207318 0.328689 0.922233 -0.203590 -0.762204 -0.647337 -0.000000 -0.937504 -0.345343 -0.042704 0.772664 -0.604526 0.193747 0.886303 -0.425351 -0.183147 0.886656 -0.423122 0.186575 0.081710 0.973826 -0.212098 -0.081711 0.973829 -0.212087 0.745677 -0.663394 0.062241 -0.437466 -0.899235 -0.000000 -0.745656 -0.663418 -0.062238 0.082560 0.973595 0.212832 -0.421547 -0.905672 -0.045339 0.976846 -0.112132 -0.182204 0.976592 -0.112403 0.183397 0.000000 0.000000 1.000000 -0.115021 0.316629 0.941550 -0.000000 -0.000000 1.000000 
						-0.232746 0.264842 0.935782 0.905261 0.424339 -0.020929 0.994067 0.107054 0.019239 -0.028227 0.325784 0.945023 0.662091 0.748898 -0.028042 0.904373 0.426193 0.021639 0.083903 -0.996437 -0.008582 0.342864 -0.939180 -0.019642 0.081894 -0.996608 0.008108 -0.369331 0.086022 0.925308 0.000000 0.000001 1.000000 -0.905275 -0.424312 -0.020914 -0.994068 -0.107045 0.019241 0.344747 0.938509 -0.018732 0.660785 0.750015 0.028995 0.344749 -0.938508 0.018731 0.660789 -0.750012 -0.028996 -0.640441 0.743252 -0.193420 -0.642137 0.740700 0.197543 -0.000000 -0.000000 1.000000 -0.372399 -0.043401 0.927057 0.000000 -0.000000 1.000000 -0.662094 -0.748895 -0.028073 -0.904388 -0.426163 0.021594 0.086914 0.996174 0.009135 0.342864 0.939180 0.019650 0.662094 -0.748896 0.028042 0.904392 -0.426155 -0.021604 0.028227 -0.325783 0.945023 -0.344749 -0.938508 -0.018731 -0.660811 -0.749992 0.028998 0.976591 0.112408 0.183396 -0.905261 0.424339 0.020943 -0.904365 0.426211 -0.021607 0.905277 -0.424305 0.020923 -0.000002 -0.000001 1.000000 -0.232734 -0.264829 0.935789 -0.084138 -0.996417 0.008638 -0.342857 -0.939182 0.019637 -0.662086 0.748903 0.028055 -0.660809 0.749994 -0.029001 0.026991 0.326039 -0.944971 -0.335563 -0.157740 0.928717 -0.344754 0.938506 0.018755 -0.342856 0.939183 -0.019639 0.335608 0.157763 0.928697 0.000000 -0.000000 1.000000 -0.081469 -0.996643 -0.008064 -0.081830 0.996614 0.008089 -0.886304 0.425357 -0.183132 0.232767 0.264865 0.935770 0.937589 0.345325 0.040968 0.082546 0.996553 -0.008237 -0.369804 0.086133 -0.925108 0.178069 -0.312053 -0.933228 0.773286 -0.605013 -0.189704 0.045647 0.998800 -0.017744 0.046182 0.998719 0.020667 0.282603 -0.221107 0.933406 -0.374773 -0.000000 0.927117 -0.983027 -0.000000 0.183461 -0.979903 -0.059781 0.190308 0.580468 0.726982 0.366817 0.469173 0.345688 0.812635 
						0.618356 0.700129 0.357008 -0.124134 0.985624 0.114609 0.312908 0.949784 -0.000001 -0.258588 0.954381 0.149296 0.015408 -0.408158 0.912781 -0.402946 -0.592060 0.697925 -0.000001 -0.107984 0.994153 -0.258054 -0.821204 0.508953 -0.250246 -0.957341 0.144480 -0.125440 -0.985371 0.115366 0.308862 -0.951107 0.000000 0.250035 -0.967548 0.036503 0.613805 -0.705448 0.354381 0.564695 -0.743410 0.358414 0.467628 -0.353966 0.809958 0.479870 -0.224597 0.848104 0.000001 0.095612 0.995419 0.014939 0.395792 0.918218 -0.408044 0.577928 0.706753 -0.267918 0.807818 0.525024 -0.307265 0.734332 0.605264 -0.184784 0.976971 0.106686 -0.190173 0.967721 0.165379 0.484507 0.191287 0.853617 -0.183735 -0.969567 0.161804 0.129160 -0.991624 0.000001 0.293431 -0.954800 0.047486 0.486881 -0.158192 0.859024 -0.000001 0.220510 0.975385 0.016838 0.338485 0.940821 0.295473 0.107857 0.949243 0.304047 -0.051700 0.951253 0.298734 0.044092 0.953317 -0.312851 0.780062 0.541873 0.145169 0.989407 -0.000000 0.308789 0.949956 0.047247 0.442413 0.859667 0.255428 0.655703 0.630854 0.414821 0.432799 0.500743 0.749628 0.487779 0.150670 0.859866 0.000000 -0.220253 0.975443 0.017441 -0.350866 0.936263 -0.311466 -0.782276 0.539474 -0.303115 -0.741374 0.598736 -0.188753 -0.975959 0.108976 0.252578 0.966888 0.036492 0.651260 -0.636899 0.412577 0.436410 -0.488042 0.755885 0.287151 -0.142270 0.947261 0.297329 0.124275 0.946653 0.290329 -0.107287 0.950894 0.286178 -0.139911 0.947907 0.279864 0.116535 0.952941 0.278967 0.160947 0.946717 0.282427 0.101096 0.953947 0.280359 -0.040244 0.959051 0.271870 -0.117510 0.955133 0.291802 0.142431 0.945814 0.303975 -0.125066 0.944435 0.289200 0.163487 0.943205 0.292785 -0.033105 0.955605 0.289766 -0.100305 0.951827 0.285048 0.034268 0.957900 0.292446 0.049707 0.954989 
						0.286413 0.139934 0.947832 0.292286 -0.163565 0.942240 0.289220 0.038720 0.956479 0.289541 -0.042739 0.956211 0.278625 -0.160937 0.946820 0.335263 0.511735 0.791028 0.254474 0.680038 0.687598 0.328197 0.177674 0.927749 0.230381 -0.227838 0.946052 0.170730 -0.550390 0.817265 0.170532 -0.688291 0.705106 0.259629 -0.679090 0.686607 0.332419 -0.513301 0.791214 0.317267 -0.187900 0.929535 0.223698 0.221263 0.949211 0.157286 0.542723 0.825053 0.177635 0.689373 0.702290 0.271096 -0.657619 0.702883 0.361518 -0.479016 0.799905 0.343623 -0.154874 0.926249 0.239542 0.224101 0.944668 0.153723 0.518141 0.841367 0.172478 0.667543 0.724319 0.275826 0.656705 0.701896 0.345064 0.488131 0.801660 0.318306 0.177708 0.931183 0.217363 -0.203351 0.954674 0.144872 -0.513137 0.845992 0.174331 -0.667827 0.723613 0.438332 -0.862449 0.253073 -0.998184 -0.000691 -0.060233 -1.000000 0.000188 0.000797 -1.000000 -0.000199 0.000793 -1.000000 0.000817 0.000001 -0.975924 -0.213478 0.044717 -0.969033 -0.236518 0.070952 -0.990292 0.136613 -0.025681 -0.954666 -0.297383 -0.013279 -0.966763 0.255245 -0.014791 -0.969089 0.236273 -0.071003 -0.765389 0.538540 -0.352354 -0.975969 0.213260 -0.044763 -0.285947 0.846479 -0.449119 -0.140681 0.983089 -0.117242 -0.022204 0.988638 -0.148667 -0.981928 -0.172157 0.078606 -0.797476 -0.482595 0.362124 -0.987191 -0.150543 0.052825 -0.997684 -0.067753 0.005992 -0.996416 0.063990 0.055328 -0.991563 0.129448 0.006757 -1.000000 -0.000374 0.000001 -1.000000 -0.000362 -0.000046 -0.024368 0.984821 0.171852 -0.139095 0.978987 0.149119 -1.000000 0.000370 -0.000001 -0.975788 -0.213897 -0.045670 -1.000000 0.000357 -0.000047 -0.244934 0.854251 -0.458544 -0.723884 0.533729 -0.437179 0.020952 0.985106 0.170666 -0.372532 0.851222 0.369650 -0.095273 0.982718 0.158709 -0.093935 0.982492 -0.160889 
						-0.353885 0.849471 -0.391364 0.021063 0.983196 -0.181333 -0.990278 -0.136514 0.026689 -0.954656 0.297360 0.014476 -0.982987 0.182085 0.024134 -0.432813 0.831554 0.348126 -0.316613 0.850424 0.420162 -1.000000 0.000107 -0.000422 -0.998052 -0.000258 -0.062392 -0.996241 0.064741 -0.057547 1.000000 -0.000003 -0.000046 1.000000 0.000000 -0.000049 -0.245460 -0.853667 0.459350 -0.765009 -0.539323 0.351983 -0.354185 -0.849077 0.391946 -0.093964 -0.982207 0.162604 0.021043 -0.982839 0.183260 0.019703 -0.985386 -0.169196 -0.372442 -0.851346 -0.369454 -0.250164 -0.855196 -0.453935 -0.765183 -0.541380 -0.348428 -0.723515 -0.537079 -0.433673 -0.969010 -0.236765 -0.070447 -0.966728 -0.255280 0.016379 -0.953434 0.300350 -0.027450 -0.745734 -0.499312 -0.441099 -0.432380 -0.832117 -0.347316 -0.316111 -0.851100 -0.419169 -0.981781 -0.172091 -0.080559 -0.795780 -0.486186 -0.361049 -0.975551 0.215016 0.045489 -0.968757 0.237863 0.070221 -0.250247 0.855143 0.453990 -0.764812 0.542151 0.348044 -0.286411 -0.845916 0.449883 -0.140694 -0.982945 0.118422 -0.411178 -0.833371 0.369359 -1.000000 -0.000862 -0.000001 -1.000000 -0.000883 0.000122 -0.095280 -0.983028 -0.156773 -0.997811 0.065708 0.007438 -0.996314 -0.064502 0.056546 -0.992330 -0.123346 0.008232 -1.000000 0.000788 0.000110 -0.024372 -0.985431 -0.168322 -0.024635 -0.988362 0.150114 -0.723097 0.537916 0.433333 -0.975295 0.218153 -0.034776 -0.989193 -0.142547 -0.034313 -0.987167 -0.150621 -0.053051 -0.747431 0.497610 -0.440149 -0.410791 0.833938 -0.368508 -0.953387 -0.300335 0.029203 -0.965933 0.257076 0.029760 -0.997677 0.067815 -0.006409 -0.996385 -0.064093 -0.055762 -0.987327 0.149600 -0.052970 -0.982091 0.171229 -0.078599 -0.989196 0.142563 0.034173 -0.975293 -0.218147 0.034852 -0.723371 -0.534647 0.436906 -0.747081 -0.498297 0.439965 -0.797744 0.481912 -0.362442 -0.998108 0.000036 0.061480 
						-1.000000 -0.000099 -0.000391 -0.745457 0.499736 0.441086 -0.997797 -0.065831 -0.008217 -0.982993 -0.182170 -0.023214 -0.991547 -0.129540 -0.007324 -0.992307 0.123469 -0.009055 -0.965995 -0.257151 -0.026966 -0.998207 0.000778 0.059851 -0.994934 0.092060 -0.040388 -0.942378 0.326040 0.074974 -0.921436 -0.382384 0.068832 -0.988534 -0.146923 -0.034849 -1.000000 -0.000309 -0.000257 -0.994486 -0.097261 -0.039228 -0.987998 0.150916 -0.032936 -1.000000 0.000332 -0.000277 -0.988580 0.146670 0.034602 -1.000000 0.000622 0.000547 -1.000000 -0.000664 0.000596 -0.994962 -0.091844 0.040182 -0.988160 -0.150027 0.032121 -0.616329 0.784116 0.072812 -0.620143 0.782990 -0.048468 -0.798425 0.594116 0.097690 -0.584759 0.808732 0.063320 -0.620108 -0.782956 0.049450 -0.825416 -0.554711 0.104804 -0.921949 0.381391 0.067463 -0.941965 -0.326922 0.076317 -0.942416 -0.325885 -0.075171 -0.823270 -0.556813 -0.110391 -0.756418 0.641749 -0.126453 -0.580321 0.810950 -0.074756 -0.616428 -0.784325 -0.069642 -0.139168 -0.979513 -0.145559 -0.825304 0.555052 -0.103874 -0.942064 0.326483 -0.076965 -0.823271 0.556813 0.110382 -0.994576 0.096585 0.038597 -0.921556 0.381983 -0.069459 -0.798374 -0.594261 -0.097228 -0.584844 -0.808850 -0.060983 -0.580284 -0.810859 0.076012 -0.922090 -0.380917 -0.068204 -0.756483 -0.641601 0.126812 -0.989003 -0.071028 0.129720 -0.717634 0.011605 0.696324 -0.717634 0.011605 0.696324 -0.080041 0.988859 0.125501 -0.992146 0.000000 0.125082 -0.005508 -0.000000 0.999985 -0.599676 0.798297 -0.055767 0.620206 0.784439 0.000431 0.620206 -0.784439 -0.000433 -0.005503 -0.004096 0.999976 0.351503 0.430923 0.831114 0.362009 -0.444263 -0.819500 0.356246 0.436938 -0.825938 0.911772 0.410697 0.000005 0.023080 -0.999734 0.000020 0.998522 -0.054345 0.000032 -0.999999 0.001646 -0.000139 0.999504 -0.031495 -0.000100 0.999623 -0.027464 0.000023 
						0.999623 0.027460 -0.000014 -0.999989 -0.004620 -0.000022 -0.999766 -0.021361 0.003423 -0.999989 0.004702 0.000058 -0.999340 0.036056 -0.004500 -0.999757 0.021478 -0.004930 -0.999986 -0.001647 -0.004933 0.999507 0.031380 -0.000637 -0.002393 0.651421 -0.758712 -0.313142 0.763235 0.565167 -0.994960 0.063529 0.077578 -0.999932 -0.000650 0.011634 -0.018754 -0.999145 -0.036837 0.047221 -0.998765 -0.015429 -0.032972 -0.584192 0.810945 -0.865040 0.501574 0.011409 0.001691 -0.991883 -0.127144 -1.000000 0.000006 0.000006 -0.998585 -0.051344 -0.013866 -0.970787 0.079994 -0.226213 1.000000 -0.000000 0.000001 1.000000 -0.000000 -0.000000 -0.969433 -0.068274 0.235665 -0.752166 0.259793 -0.605602 -0.000460 -0.394227 0.919013 -0.000407 -0.394253 0.919002 -0.000447 -0.394226 0.919014 -0.000524 -0.394247 0.919004 -0.000450 -0.394223 0.919015 -0.000442 -0.394220 0.919016 -0.000264 -0.394235 0.919009 -0.000476 -0.394216 0.919018 -0.000388 -0.394222 0.919015 -0.000556 -0.394203 0.919023 -0.000583 -0.394237 0.919009 -0.921319 0.357319 0.153279 0.796407 -0.074106 0.600204 0.997504 0.070612 -0.000134 0.000005 -1.000000 0.000000 0.979903 0.059768 0.190310 -0.510530 -0.791692 0.335534 0.717195 -0.694042 -0.062743 -0.000001 -1.000000 0.000000 
					</float_array>
					<technique_common>
						<accessor count="2859" offset="0" source="#meshId0-bitangents-array" stride="3">
							<param name="X" type="float" />
							<param name="Y" type="float" />
							<param name="Z" type="float" />
						</accessor>
					</technique_common>
				</source>
				<source id="meshId0-tex0" name="meshId0-tex0">
					<float_array id="meshId0-tex0-array" count="5718"> 
						0.932881 0.949531 0.920049 0.946391 0.932881 0.946391 0.972798 0.946391 0.941166 0.943252 0.972798 0.943252 0.932881 0.952671 0.920049 0.949531 0.932881 0.955812 0.920049 0.952671 0.920049 0.958951 0.932881 0.958951 0.920049 0.962091 0.932881 0.962091 0.920049 0.940112 0.932881 0.936972 0.932881 0.940112 0.920049 0.943252 0.932881 0.943252 0.972798 0.952671 0.941166 0.949531 0.972798 0.949531 0.972798 0.955812 0.941166 0.952671 0.941166 0.958951 0.972798 0.958951 0.941166 0.962091 0.972798 0.962091 0.941166 0.940112 0.972798 0.936972 0.972798 0.940112 0.885458 0.949531 0.898653 0.946391 0.898653 0.949531 0.905778 0.946391 0.912000 0.943252 0.912000 0.946391 0.898653 0.955812 0.885458 0.952671 0.898653 0.952671 0.898653 0.958951 0.885458 0.955812 0.898653 0.962091 0.885458 0.958951 0.898653 0.940112 0.885458 0.936972 0.898653 0.936972 0.885458 0.943252 0.898653 0.943252 0.912000 0.949531 0.912000 0.952671 0.905778 0.949531 0.912000 0.955812 0.905778 0.952671 0.912000 0.958951 0.905778 0.955812 0.905778 0.962091 0.912000 0.962091 0.905778 0.940112 0.912000 0.936972 0.912000 0.940112 0.905778 0.943252 0.862783 0.946391 0.885458 0.946391 
						0.862783 0.949531 0.862783 0.952671 0.862783 0.955812 0.885458 0.962091 0.862783 0.958951 0.885458 0.940112 0.862783 0.936972 0.862783 0.943252 0.835542 0.946391 0.835542 0.949531 0.835542 0.952671 0.835542 0.955812 0.862783 0.962091 0.835542 0.958951 0.862783 0.940112 0.835542 0.936972 0.835542 0.943252 0.805725 0.946391 0.805725 0.949531 0.805725 0.952671 0.805725 0.955812 0.835542 0.962091 0.805725 0.958951 0.805725 0.940112 0.835542 0.940112 0.805725 0.943252 0.775309 0.946391 0.775309 0.949531 0.775309 0.952671 0.775309 0.955812 0.805725 0.962091 0.775309 0.958951 0.775309 0.940112 0.805725 0.936972 0.775309 0.943252 0.724863 0.946391 0.733715 0.943252 0.733715 0.946391 0.758060 0.946391 0.710461 0.955812 0.701651 0.952671 0.710461 0.952671 0.710461 0.958951 0.701651 0.955812 0.710461 0.962091 0.701651 0.958951 0.701651 0.940112 0.710461 0.936972 0.710461 0.940112 0.701651 0.943252 0.710461 0.943252 0.758060 0.949531 0.701651 0.949531 0.710461 0.946391 0.710461 0.949531 0.758060 0.952671 0.758060 0.955812 0.758060 0.962091 0.775309 0.962091 0.758060 0.940112 0.775309 0.936972 0.758060 0.943252 0.665694 0.946391 0.653714 0.943252 
						0.665694 0.943252 0.733715 0.949531 0.685160 0.952671 0.685160 0.955812 0.685160 0.962091 0.685160 0.958951 0.701651 0.936972 0.685160 0.940112 0.685160 0.936972 0.733715 0.952671 0.724863 0.949531 0.685160 0.949531 0.733715 0.955812 0.724863 0.952671 0.733715 0.958951 0.724863 0.955812 0.724863 0.962091 0.733715 0.962091 0.724863 0.940112 0.733715 0.936972 0.733715 0.940112 0.724863 0.943252 0.608699 0.946392 0.593614 0.943252 0.608699 0.943252 0.653714 0.946391 0.625990 0.943252 0.548981 0.958951 0.556055 0.955812 0.556055 0.958951 0.548981 0.962091 0.556055 0.962091 0.556055 0.940112 0.548981 0.936972 0.556055 0.936972 0.556055 0.943252 0.548981 0.940112 0.625990 0.952671 0.653714 0.949531 0.653714 0.952671 0.556055 0.946392 0.548981 0.943252 0.625990 0.955812 0.653714 0.955812 0.625990 0.958951 0.653714 0.958951 0.653714 0.962091 0.653714 0.940112 0.625990 0.936972 0.653714 0.936972 0.625990 0.940112 0.608699 0.949531 0.593614 0.946392 0.548981 0.955812 0.556055 0.952671 0.593614 0.952671 0.608699 0.952671 0.593614 0.955812 0.608699 0.955812 0.593614 0.958951 0.608699 0.958951 0.593614 0.962091 0.608699 0.962091 0.608699 0.940112 
						0.593614 0.936972 0.608699 0.936972 0.593614 0.940112 0.532302 0.949531 0.521653 0.946392 0.532302 0.946392 0.548981 0.952671 0.556055 0.949531 0.521653 0.952671 0.532302 0.952671 0.521653 0.955812 0.532302 0.955812 0.521653 0.958951 0.532302 0.958951 0.521653 0.962091 0.532302 0.962091 0.532302 0.940112 0.521653 0.936972 0.532302 0.936972 0.532302 0.943252 0.521653 0.940112 0.568185 0.952671 0.580947 0.949531 0.580947 0.952671 0.521653 0.943252 0.568185 0.955812 0.580947 0.955812 0.568185 0.958951 0.580947 0.958951 0.568185 0.962091 0.580947 0.962091 0.580947 0.940112 0.568185 0.936972 0.580947 0.936972 0.580947 0.943252 0.568185 0.940112 0.504226 0.943252 0.521653 0.949531 0.504226 0.946392 0.504226 0.949531 0.504226 0.955812 0.504226 0.958951 0.504226 0.962091 0.504226 0.940112 0.487683 0.943252 0.487683 0.946392 0.504226 0.952671 0.487683 0.949531 0.487683 0.955812 0.487683 0.958951 0.487683 0.962091 0.487683 0.940112 0.504226 0.936972 0.453826 0.949531 0.465194 0.946392 0.465194 0.949531 0.477381 0.943252 0.465194 0.952671 0.465194 0.955812 0.453826 0.952671 0.465194 0.958951 0.453826 0.955812 0.453826 0.962091 0.465194 0.962091 
						0.453826 0.940112 0.465194 0.936972 0.465194 0.940112 0.453826 0.943252 0.465194 0.943252 0.487683 0.952671 0.477381 0.949531 0.453826 0.946392 0.477381 0.955812 0.477381 0.958951 0.477381 0.962091 0.477381 0.940112 0.487683 0.936972 0.409820 0.949531 0.424450 0.946392 0.424450 0.949531 0.443303 0.946392 0.424450 0.952671 0.424450 0.955812 0.409820 0.952671 0.424450 0.958951 0.409820 0.955812 0.424450 0.962091 0.409820 0.958951 0.409820 0.940112 0.424450 0.936972 0.424450 0.940112 0.409820 0.943252 0.424450 0.943252 0.443303 0.949531 0.409820 0.946392 0.443303 0.952671 0.453826 0.958951 0.443303 0.955812 0.443303 0.958951 0.443303 0.940112 0.453826 0.936972 0.443303 0.943252 0.379905 0.946392 0.379905 0.949531 0.379905 0.952671 0.379905 0.955812 0.409820 0.962091 0.379905 0.958952 0.379905 0.940112 0.409820 0.936972 0.379905 0.943252 0.345893 0.946392 0.345893 0.949532 0.345893 0.952672 0.345893 0.955812 0.379905 0.962091 0.345893 0.958952 0.345893 0.940112 0.379905 0.936972 0.345893 0.943252 0.310317 0.943252 0.310317 0.946392 0.310317 0.952672 0.310317 0.955812 0.310317 0.958952 0.310317 0.962091 0.345893 0.962091 0.310317 0.936972 
						0.345893 0.936972 0.310317 0.940112 0.273554 0.943252 0.310317 0.949532 0.273554 0.946392 0.273554 0.952672 0.273554 0.955812 0.273554 0.958952 0.273554 0.962091 0.273554 0.936972 0.273554 0.940112 0.236502 0.943252 0.273554 0.949532 0.236502 0.946392 0.236502 0.952672 0.236502 0.955812 0.236502 0.958952 0.236502 0.962091 0.236502 0.936972 0.236502 0.940112 0.200336 0.943252 0.236502 0.949532 0.200336 0.946392 0.200336 0.952672 0.200336 0.955812 0.200336 0.958952 0.200336 0.962091 0.200336 0.936972 0.200336 0.940112 0.166339 0.943252 0.200336 0.949532 0.166339 0.946392 0.166339 0.952672 0.166339 0.955812 0.166339 0.958952 0.166339 0.962091 0.166339 0.936972 0.166339 0.940112 0.135767 0.943252 0.166339 0.949532 0.135767 0.946392 0.135767 0.952672 0.135767 0.955812 0.135767 0.958952 0.135767 0.962091 0.135767 0.936972 0.135767 0.940112 0.104765 0.949532 0.094864 0.946392 0.104765 0.946392 0.114569 0.943252 0.094864 0.952672 0.104765 0.952672 0.094864 0.955812 0.104765 0.955812 0.094864 0.958952 0.104765 0.958952 0.094864 0.962091 0.104765 0.962091 0.104765 0.940112 0.094864 0.936972 0.104765 0.936972 0.104765 0.943252 0.094864 0.940112 
						0.081978 0.949532 0.076811 0.946392 0.081978 0.946392 0.114569 0.952672 0.135767 0.949532 0.076811 0.952672 0.081978 0.952672 0.076811 0.955812 0.081978 0.955812 0.076811 0.958952 0.081978 0.958952 0.076811 0.962091 0.081978 0.962091 0.081978 0.940112 0.076811 0.936972 0.081978 0.936972 0.081978 0.943252 0.076811 0.940112 0.056870 0.946392 0.063812 0.943252 0.063812 0.946392 0.114569 0.955812 0.042974 0.955812 0.020991 0.952672 0.042974 0.952672 0.042974 0.958952 0.020991 0.955812 0.042974 0.962091 0.020991 0.958952 0.020991 0.940112 0.042974 0.936972 0.042974 0.940112 0.020991 0.943252 0.042974 0.943252 0.114569 0.958952 0.020991 0.949532 0.042974 0.946392 0.042974 0.949532 0.114569 0.962091 0.114569 0.936972 0.114569 0.940112 0.056870 0.949532 0.063812 0.949532 0.063812 0.952672 0.063812 0.955812 0.056870 0.952672 0.063812 0.958952 0.056870 0.955812 0.063812 0.962091 0.056870 0.958952 0.056870 0.940112 0.063812 0.936972 0.063812 0.940112 0.056870 0.943252 0.665694 0.949531 0.685160 0.943252 0.701651 0.946391 0.685160 0.946391 0.665694 0.952671 0.665694 0.955812 0.665694 0.958951 0.665694 0.962091 0.665694 0.940112 0.665694 0.936972 
						0.941166 0.946391 0.941166 0.955812 0.941166 0.936972 0.920049 0.955812 0.920049 0.936972 0.905778 0.958951 0.905778 0.936972 0.758060 0.958951 0.758060 0.936972 0.724863 0.958951 0.724863 0.936972 0.625990 0.946392 0.625990 0.949531 0.625990 0.962091 0.580947 0.946392 0.593614 0.949531 0.548981 0.946392 0.076811 0.949532 0.076811 0.943252 0.056870 0.962091 0.056870 0.936972 0.020991 0.946392 0.094864 0.943252 0.094864 0.949532 0.114569 0.946392 0.114569 0.949532 0.443303 0.962091 0.443303 0.936972 0.477381 0.946392 0.477381 0.952671 0.477381 0.936972 0.548981 0.949531 0.568185 0.946392 0.568185 0.943252 0.568185 0.949531 0.486864 0.678084 0.494649 0.726121 0.491082 0.726837 0.390471 0.885738 0.471554 0.889295 0.388504 0.889218 0.456913 0.910422 0.416198 0.911695 0.416198 0.910422 0.392630 0.664694 0.473768 0.662575 0.471768 0.666024 0.950836 0.731104 0.916149 0.689097 0.950836 0.689097 0.378014 0.870560 0.370897 0.824605 0.374030 0.823073 0.950836 0.542851 0.916149 0.469976 0.950836 0.469976 0.950836 0.183002 0.952187 0.257016 0.950836 0.257016 0.950836 0.277282 0.952187 0.320400 0.950836 0.320400 0.950836 0.449709 0.916149 0.406591 
						0.950836 0.406591 0.545938 0.911695 0.476050 0.915881 0.476050 0.911695 0.952187 0.542851 0.950836 0.563118 0.952187 0.605124 0.950836 0.605124 0.187009 0.911695 0.147344 0.915882 0.147344 0.911695 0.274959 0.910422 0.206146 0.911695 0.206146 0.910422 0.456913 0.911695 0.416198 0.915881 0.481827 0.684834 0.487968 0.728357 0.485342 0.730234 0.274959 0.911695 0.206146 0.915882 0.187009 0.910422 0.147344 0.910422 0.545938 0.910422 0.476050 0.910422 0.456913 0.919604 0.416198 0.923207 0.416198 0.919604 0.187009 0.915882 0.147344 0.919604 0.456913 0.915881 0.377584 0.728928 0.469453 0.669465 0.484093 0.681194 0.017084 0.642651 0.151361 0.559614 0.151362 0.642649 0.545938 0.919604 0.476050 0.919604 0.476050 0.923207 0.545938 0.923207 0.476050 0.926603 0.375232 0.873699 0.367306 0.825329 0.467342 0.882301 0.392747 0.882272 0.017081 0.398355 0.151360 0.351448 0.151360 0.398354 0.274959 0.919604 0.206146 0.923207 0.206146 0.919604 0.274959 0.915881 0.387128 0.892918 0.456913 0.923207 0.416198 0.926603 0.851819 0.196068 0.840424 0.194287 0.851819 0.194287 0.187009 0.923207 0.147344 0.926603 0.147344 0.923207 0.274959 0.926603 0.206146 0.926603 
						0.187009 0.919604 0.380286 0.866893 0.376672 0.821180 0.389396 0.657514 0.475182 0.658906 0.952187 0.277282 0.950836 0.269583 0.952187 0.269583 0.950836 0.262734 0.952187 0.262734 0.952187 0.731104 0.950836 0.738802 0.952187 0.738802 0.950836 0.745652 0.952187 0.751370 0.950836 0.751370 0.464182 0.910422 0.464182 0.911695 0.470650 0.910422 0.470650 0.911695 0.028387 0.911695 0.021117 0.910422 0.028387 0.910422 0.021117 0.911695 0.014650 0.910422 0.009250 0.911695 0.009250 0.910422 0.952187 0.469976 0.950836 0.464257 0.952187 0.464257 0.952187 0.457408 0.950836 0.457408 0.952187 0.449709 0.280359 0.910422 0.280359 0.911695 0.286826 0.911695 0.286826 0.910422 0.294096 0.911695 0.952187 0.563118 0.950836 0.555419 0.952187 0.555419 0.950836 0.548570 0.952187 0.548570 0.194279 0.910422 0.194279 0.911695 0.200746 0.910422 0.200746 0.911695 0.916149 0.731104 0.916149 0.738803 0.916149 0.745652 0.916149 0.751370 0.916149 0.277282 0.916149 0.269583 0.916149 0.257016 0.916149 0.542851 0.916149 0.548570 0.916149 0.555419 0.916149 0.563118 0.916149 0.457408 0.916149 0.449709 0.464182 0.915881 0.464182 0.919604 0.470650 0.915881 0.470650 0.919604 
						0.028387 0.919604 0.021117 0.915882 0.028387 0.915882 0.021117 0.919604 0.014650 0.915882 0.009250 0.919604 0.009250 0.915882 0.464182 0.923207 0.470650 0.923207 0.028387 0.923207 0.021117 0.923207 0.014650 0.919604 0.009250 0.923207 0.456913 0.926603 0.464182 0.926603 0.470650 0.926603 0.028387 0.926603 0.021117 0.926603 0.014650 0.923207 0.009250 0.926603 0.479638 0.676924 0.481765 0.673391 0.475163 0.671382 0.477307 0.667960 0.379899 0.679624 0.384473 0.675438 0.382096 0.683330 0.382420 0.671838 0.389094 0.669989 0.394847 0.668219 0.484099 0.670202 0.479403 0.664717 0.377182 0.676434 0.380155 0.668576 0.387030 0.666498 0.390705 0.661169 0.490328 0.676220 0.487066 0.667593 0.481516 0.661577 0.373738 0.674477 0.377239 0.665876 0.385011 0.663189 0.280359 0.915881 0.280359 0.919604 0.286826 0.919604 0.286826 0.915881 0.294096 0.919604 0.274959 0.923207 0.280359 0.923207 0.286826 0.923207 0.294096 0.923207 0.280359 0.926603 0.286826 0.926603 0.294096 0.926603 0.387030 0.880387 0.380386 0.878404 0.382512 0.874840 0.384900 0.883838 0.378053 0.881627 0.382819 0.887116 0.375078 0.884275 0.371746 0.875590 0.194279 0.915882 0.194279 0.919604 
						0.200746 0.915882 0.200746 0.919604 0.194279 0.923207 0.200746 0.923207 0.187009 0.926603 0.194279 0.926603 0.200746 0.926603 0.482195 0.870889 0.477664 0.875061 0.480006 0.867211 0.479717 0.878630 0.473087 0.880503 0.469596 0.885802 0.484899 0.874048 0.481982 0.881857 0.475164 0.883963 0.488319 0.875979 0.484887 0.884518 0.477196 0.887236 0.472900 0.892918 0.017079 0.247813 0.151359 0.242020 0.151359 0.247812 0.017078 0.242020 0.151359 0.235050 0.017078 0.227214 0.151359 0.227212 0.330925 0.019076 0.487831 0.024861 0.330925 0.024865 0.487831 0.031832 0.330924 0.031836 0.330924 0.039676 0.330916 0.539012 0.487831 0.546850 0.330916 0.546851 0.330916 0.553822 0.487831 0.553822 0.330916 0.559612 0.330916 0.330848 0.487830 0.336639 0.330916 0.336638 0.487830 0.343611 0.330916 0.343609 0.330915 0.351449 0.014650 0.911695 0.294096 0.915881 0.916149 0.183002 0.340463 0.157427 0.487832 0.180318 0.330920 0.227211 0.724869 0.822090 0.588807 0.813081 0.947179 0.813069 0.155363 0.111855 0.151381 0.112940 0.153549 0.110853 0.068052 0.923207 0.068052 0.919604 0.107698 0.923207 0.107698 0.919604 0.068052 0.926603 0.107698 0.926603 0.490095 0.825452 
						0.487015 0.823872 0.492175 0.776170 0.488977 0.776138 0.068052 0.915882 0.107698 0.915882 0.068052 0.911695 0.068052 0.910422 0.107698 0.911695 0.107698 0.910422 0.484429 0.821943 0.486225 0.776111 0.952187 0.689097 0.952187 0.647111 0.950836 0.647111 0.916149 0.605124 0.916149 0.647111 0.493644 0.826239 0.495770 0.776207 0.374981 0.726985 0.373020 0.775008 0.375789 0.775036 0.334811 0.926603 0.334811 0.923207 0.375504 0.926603 0.375504 0.923207 0.151361 0.539014 0.017082 0.492110 0.151361 0.492108 0.017081 0.445233 0.151360 0.445231 0.368307 0.724597 0.371880 0.725391 0.366186 0.774941 0.369803 0.774976 0.334811 0.919604 0.334811 0.915881 0.375504 0.919604 0.375504 0.915881 0.334811 0.911695 0.375504 0.911695 0.916149 0.320400 0.916149 0.363496 0.950836 0.363496 0.952187 0.406591 0.952187 0.363496 0.294096 0.910422 0.334811 0.910422 0.375504 0.910422 0.330915 0.445230 0.487831 0.398355 0.487831 0.445230 0.330915 0.398354 0.487831 0.492105 0.330915 0.492106 0.487831 0.539009 0.330921 0.101296 0.340462 0.109461 0.729804 0.888212 0.963969 0.861512 0.963958 0.890063 0.149941 0.161096 0.151359 0.165588 0.141862 0.157664 0.584782 0.834845 
						0.568733 0.861517 0.568918 0.833088 0.151360 0.343609 0.017080 0.351448 0.017080 0.343610 0.017080 0.336642 0.151360 0.336640 0.017080 0.330849 0.151360 0.330848 0.151361 0.553823 0.017082 0.559616 0.017082 0.553823 0.151361 0.546853 0.017082 0.546855 0.017082 0.539017 0.151368 0.031818 0.017086 0.039642 0.017087 0.031804 0.151367 0.039657 0.017088 0.024836 0.151369 0.024848 0.017089 0.019043 0.151369 0.019057 0.487830 0.235059 0.487830 0.227219 0.330919 0.235051 0.330918 0.242022 0.487831 0.242030 0.330918 0.247813 0.487831 0.247818 0.326921 0.111873 0.330904 0.112979 0.329957 0.114901 0.017082 0.086550 0.487830 0.330851 0.487831 0.351451 0.330917 0.642647 0.487832 0.559610 0.487833 0.642645 0.146514 0.155395 0.146538 0.158256 0.151379 0.153929 0.149223 0.156415 0.729810 0.834805 0.963969 0.861512 0.729812 0.861508 0.729035 0.828207 0.952995 0.814788 0.960755 0.822482 0.727435 0.824085 0.947178 0.813072 0.152791 0.160852 0.153547 0.156015 0.156274 0.157372 0.151369 0.158286 0.329490 0.160855 0.332346 0.161065 0.330922 0.165590 0.328737 0.156006 0.330917 0.158265 0.587228 0.824108 0.588807 0.813081 0.589807 0.822109 0.585602 0.828237 
						0.579287 0.815905 0.587228 0.824108 0.585602 0.828237 0.572043 0.823037 0.335790 0.155275 0.330909 0.153908 0.332336 0.151244 0.335769 0.158137 0.333072 0.156352 0.152794 0.106016 0.149943 0.105773 0.151362 0.101280 0.151371 0.108583 0.724857 0.900929 0.588789 0.909937 0.589791 0.900901 0.729026 0.894811 0.952993 0.908236 0.727424 0.898933 0.960755 0.900542 0.146516 0.111473 0.149958 0.115593 0.146540 0.108611 0.141864 0.109204 0.149225 0.110453 0.335787 0.111613 0.335766 0.108751 0.333069 0.110536 0.584722 0.888203 0.584561 0.861531 0.585549 0.894798 0.579254 0.907129 0.571997 0.900002 0.587190 0.898916 0.588788 0.909937 0.579254 0.907129 0.329488 0.106031 0.328734 0.110880 0.326004 0.109512 0.332344 0.105822 0.330914 0.108621 0.152326 0.151986 0.149957 0.151275 0.150988 0.147618 0.770503 0.170011 0.776178 0.176275 0.775851 0.176811 0.155360 0.155013 0.152326 0.151986 0.155360 0.155013 0.159707 0.156334 0.322571 0.156332 0.326007 0.157372 0.326925 0.155012 0.329963 0.151986 0.331304 0.147621 0.331327 0.133446 0.487831 0.133446 0.159709 0.110534 0.152327 0.114882 0.150988 0.119250 0.150988 0.119250 0.331296 0.119269 0.326921 0.111873 
						0.322570 0.110551 0.968879 0.829756 0.966663 0.817326 0.970331 0.829441 0.729810 0.834805 0.963958 0.832961 0.326925 0.155012 0.156276 0.109497 0.329957 0.114901 0.332329 0.115644 0.727424 0.898933 0.947176 0.909952 0.724857 0.900929 0.568867 0.889943 0.584722 0.888203 0.888608 0.166598 0.842698 0.176108 0.842415 0.170712 0.784986 0.179910 0.798296 0.179762 0.798346 0.180356 0.890284 0.005016 0.842632 0.011114 0.842519 0.010301 0.797072 0.017976 0.797164 0.018557 0.906681 0.018787 0.904863 0.009321 0.913490 0.013423 0.787854 0.034796 0.786027 0.035651 0.787346 0.034268 0.911827 0.158716 0.917049 0.020551 0.917055 0.160781 0.908540 0.160935 0.913272 0.167747 0.786715 0.170680 0.798216 0.177709 0.785387 0.177061 0.916088 0.170704 0.904902 0.174424 0.915656 0.170065 0.783044 0.169310 0.778029 0.174303 0.905571 0.006024 0.890361 0.005689 0.904992 0.175065 0.889407 0.175535 0.781611 0.168577 0.774844 0.168898 0.902369 0.016473 0.890463 0.007941 0.922184 0.019231 0.915915 0.011208 0.916356 0.010591 0.784230 0.034009 0.777514 0.034624 0.779774 0.029014 0.908544 0.019878 0.799891 0.028454 0.843877 0.020367 0.843979 0.021165 0.773577 0.033765 
						0.771362 0.169776 0.783477 0.166307 0.782256 0.165606 0.783057 0.165440 0.901028 0.019122 0.890202 0.016250 0.901420 0.018464 0.785034 0.179372 0.798435 0.169145 0.842317 0.169001 0.798365 0.169868 0.907947 0.156139 0.905715 0.157655 0.906382 0.155719 0.905475 0.006651 0.890135 0.016996 0.903774 0.159444 0.901004 0.162080 0.900601 0.161335 0.906570 0.158347 0.904352 0.160181 0.789748 0.032340 0.790150 0.032883 0.787427 0.168187 0.787220 0.168823 0.903758 0.021100 0.906486 0.022464 0.905562 0.023154 0.888082 0.163876 0.842271 0.168211 0.786694 0.036070 0.785356 0.037222 0.888253 0.164669 0.777396 0.027119 0.785035 0.022771 0.777774 0.027539 0.922184 0.162117 0.921158 0.019494 0.906641 0.162010 0.904314 0.171689 0.901968 0.164277 0.774320 0.033945 0.889400 0.176214 0.842790 0.178030 0.557307 0.500711 0.568017 0.492387 0.558914 0.503094 0.921115 0.161856 0.788721 0.030715 0.797602 0.020573 0.799084 0.026113 0.904371 0.020444 0.889333 0.173297 0.782396 0.035986 0.784881 0.167150 0.783004 0.166797 0.842901 0.013082 0.843654 0.018632 0.798239 0.171646 0.842826 0.178823 0.785449 0.033059 0.785932 0.024812 0.890351 0.014378 0.907917 0.024733 
						0.786433 0.037325 0.784555 0.167751 0.799390 0.027055 0.799653 0.027786 0.789285 0.031671 0.786582 0.033718 0.786981 0.169599 0.783982 0.168437 0.798293 0.170652 0.901863 0.017644 0.905302 0.019720 0.890281 0.015430 0.888431 0.165520 0.901456 0.162993 0.905264 0.160990 0.843777 0.019581 0.842362 0.169776 0.784054 0.036813 0.785247 0.035017 0.779621 0.166859 0.782413 0.167487 0.781159 0.166013 0.909705 0.023815 0.907464 0.021437 0.911895 0.022164 0.909705 0.157057 0.907489 0.159373 0.797330 0.019430 0.785399 0.023668 0.778580 0.028242 0.776914 0.175358 0.772916 0.169380 0.785158 0.178358 0.798236 0.178881 0.914947 0.012253 0.919331 0.019955 0.905248 0.007828 0.890434 0.006657 0.889408 0.174574 0.904687 0.173221 0.914706 0.168978 0.842748 0.011959 0.775696 0.034249 0.842751 0.177204 0.919288 0.161387 0.784855 0.022293 0.512697 0.283625 0.589396 0.250604 0.578482 0.299303 0.541051 0.173184 0.604855 0.191739 0.540011 0.175676 0.556472 0.499151 0.566374 0.490048 0.576065 0.500656 0.566736 0.511560 0.657371 0.587294 0.657160 0.569841 0.666657 0.576298 0.616132 0.535794 0.606313 0.547286 0.510711 0.299986 0.575024 0.314308 0.574794 0.315485 
						0.659984 0.588509 0.669242 0.577419 0.541814 0.171643 0.605588 0.189100 0.602161 0.202332 0.536570 0.185947 0.542343 0.170517 0.671984 0.022791 0.606403 0.186244 0.522659 0.234299 0.667666 0.010244 0.672680 0.021853 0.556027 0.497997 0.565479 0.488591 0.647771 0.580800 0.606079 0.187398 0.565198 0.487477 0.661743 0.589116 0.670954 0.577980 0.510770 0.297137 0.575991 0.309924 0.575384 0.312699 0.510754 0.298747 0.301367 0.718323 0.303695 0.724314 0.301985 0.724376 0.580503 0.299829 0.300753 0.717236 0.303345 0.717576 0.578283 0.310573 0.166393 0.717385 0.164855 0.715108 0.167048 0.716393 0.570402 0.489930 0.568860 0.487689 0.164033 0.723485 0.164214 0.716784 0.578290 0.498174 0.300981 0.786866 0.303314 0.786624 0.302615 0.788098 0.607208 0.192236 0.607795 0.189661 0.301527 0.785904 0.303717 0.780096 0.604204 0.202801 0.166475 0.786029 0.164116 0.779978 0.166234 0.779897 0.659238 0.567254 0.164943 0.788255 0.164313 0.786626 0.668577 0.573603 0.303718 0.752228 0.302163 0.752229 0.591396 0.251092 0.618326 0.533222 0.164696 0.751777 0.166154 0.723561 0.166682 0.751774 0.302024 0.780031 0.608490 0.187393 0.674025 0.025308 0.567946 0.486234 
						0.577203 0.314873 0.300494 0.716537 0.302656 0.715795 0.577571 0.313223 0.167410 0.715822 0.302083 0.714720 0.165322 0.714134 0.300689 0.787452 0.301770 0.789264 0.167490 0.787590 0.670888 0.574628 0.672375 0.575148 0.165407 0.789264 0.511018 0.294331 0.866525 0.569485 0.889737 0.549280 0.889737 0.569485 0.866525 0.549280 0.889737 0.529396 0.866525 0.529396 0.889737 0.509691 0.866525 0.509691 0.889737 0.489893 0.866525 0.489893 0.889737 0.469799 0.866525 0.469799 0.889737 0.449463 0.866525 0.429080 0.889737 0.429080 0.866525 0.409000 0.889737 0.409000 0.866525 0.389203 0.866525 0.369499 0.889737 0.389203 0.866525 0.349615 0.889737 0.369499 0.889737 0.349615 0.866525 0.329429 0.889737 0.329429 0.230493 0.724499 0.219495 0.730011 0.866525 0.589855 0.889737 0.589855 0.866525 0.309000 0.219399 0.775485 0.230368 0.781025 0.084700 0.778424 0.106748 0.765977 0.086600 0.782237 0.864425 0.589855 0.103436 0.763295 0.117940 0.742931 0.864425 0.569485 0.113841 0.741866 0.117946 0.717679 0.864425 0.549280 0.113844 0.718393 0.106755 0.695229 0.864425 0.529396 0.103440 0.697532 0.086600 0.680041 0.864425 0.509691 0.084704 0.683422 0.061482 0.675116 
						0.864425 0.489893 0.061355 0.678853 0.036349 0.681406 0.864425 0.469799 0.866525 0.449463 0.019256 0.699833 0.037996 0.684710 0.864425 0.429080 0.864425 0.449463 0.008846 0.721227 0.016196 0.697685 0.864425 0.409000 0.008831 0.744682 0.005005 0.720705 0.864425 0.389203 0.019223 0.765550 0.004996 0.745942 0.864425 0.369499 0.037966 0.779680 0.016182 0.768394 0.864425 0.349615 0.061339 0.784274 0.036348 0.783594 0.864425 0.329429 0.061486 0.788534 0.864425 0.309000 0.261570 0.740318 0.262485 0.752881 0.259852 0.741059 0.891817 0.569485 0.253773 0.730135 0.252564 0.731512 0.891817 0.549280 0.242674 0.724528 0.242174 0.726246 0.891817 0.529396 0.230767 0.726219 0.891817 0.509691 0.220475 0.731399 0.891817 0.489893 0.211900 0.740135 0.213373 0.740897 0.891817 0.469799 0.209189 0.752701 0.210827 0.752739 0.891817 0.449463 0.213314 0.764625 0.211858 0.765403 0.891817 0.429080 0.220380 0.774101 0.891817 0.409000 0.230648 0.779306 0.891817 0.389203 0.242025 0.779317 0.242514 0.781028 0.891817 0.369499 0.252372 0.774144 0.253564 0.775516 0.891817 0.349615 0.259628 0.764723 0.261299 0.765500 0.891817 0.329429 0.264354 0.752859 0.889737 0.309000 
						0.891817 0.309000 0.888253 0.297211 0.851819 0.252452 0.888253 0.252452 0.071473 0.282595 0.074633 0.282655 0.888253 0.244109 0.851819 0.199341 0.888253 0.199341 0.840424 0.196068 0.826778 0.194287 0.888253 0.247382 0.851819 0.249163 0.851819 0.247382 0.074634 0.296005 0.071473 0.296065 0.840424 0.297211 0.826778 0.252452 0.840424 0.252452 0.851819 0.244109 0.840424 0.199341 0.851819 0.297211 0.840424 0.249163 0.840424 0.247382 0.812369 0.196068 0.783314 0.194287 0.812369 0.194287 0.826778 0.249163 0.826778 0.247382 0.826778 0.196068 0.840424 0.244109 0.826778 0.199341 0.812369 0.199341 0.783314 0.244109 0.783314 0.199341 0.826778 0.244109 0.812369 0.297211 0.812369 0.252452 0.812369 0.249163 0.812369 0.247382 0.770499 0.192372 0.783314 0.192372 0.783314 0.297211 0.783314 0.252452 0.783314 0.249163 0.783314 0.247382 0.565688 0.014869 0.564339 0.011371 0.565637 0.008955 0.783314 0.251079 0.770499 0.252452 0.770499 0.251079 0.783314 0.197972 0.770499 0.199341 0.770499 0.197972 0.770499 0.190998 0.783314 0.190998 0.072653 0.282928 0.072187 0.283067 0.071994 0.283401 0.071994 0.295259 0.072187 0.295593 0.072653 0.295732 0.074032 0.283401 
						0.073834 0.283067 0.073357 0.282928 0.073357 0.295732 0.073835 0.295594 0.074032 0.295259 0.888253 0.245479 0.851819 0.245479 0.888253 0.197972 0.851819 0.197972 0.888253 0.194287 0.851819 0.192372 0.888253 0.192372 0.888253 0.190998 0.888253 0.249163 0.851819 0.251079 0.840424 0.251079 0.840424 0.245479 0.840424 0.197972 0.840424 0.190998 0.840424 0.192372 0.826778 0.245479 0.826778 0.197972 0.826778 0.192372 0.826778 0.190998 0.826778 0.251079 0.812369 0.251079 0.812369 0.245479 0.812369 0.244109 0.812369 0.197972 0.812369 0.190998 0.812369 0.192372 0.783314 0.196068 0.770499 0.247382 0.783314 0.245479 0.770499 0.194287 0.770499 0.249163 0.770499 0.244109 0.888253 0.196068 0.564794 0.014248 0.563122 0.012939 0.564365 0.012605 0.563960 0.015527 0.560989 0.013287 0.565393 0.016680 0.562619 0.017041 0.641121 0.014379 0.642840 0.013054 0.641974 0.015706 0.645017 0.013413 0.643363 0.017277 0.640196 0.015008 0.640484 0.016896 0.640938 0.018895 0.641216 0.009674 0.642915 0.011052 0.641612 0.011450 0.642105 0.008304 0.644984 0.010474 0.640326 0.009001 0.640641 0.007084 0.643415 0.006624 0.564746 0.009615 0.563057 0.010968 0.563865 0.008244 
						0.561018 0.010395 0.562573 0.006584 0.565318 0.007011 0.564907 0.005002 0.641574 0.012704 0.564953 0.018575 0.641052 0.005000 0.770499 0.196068 0.511229 0.693222 0.590324 0.706396 0.511229 0.706396 0.511229 0.719570 0.590324 0.732744 0.511229 0.732744 0.511229 0.745918 0.590324 0.745918 0.511229 0.759092 0.590324 0.772266 0.511229 0.772266 0.511229 0.785440 0.511229 0.601004 0.590324 0.614178 0.511229 0.614178 0.511229 0.627352 0.590324 0.640526 0.511229 0.640526 0.590324 0.653700 0.511229 0.653700 0.511229 0.666874 0.604440 0.719570 0.590324 0.719570 0.590324 0.680048 0.511229 0.680048 0.604440 0.693222 0.620290 0.706396 0.604440 0.706396 0.604440 0.785440 0.590324 0.785440 0.590324 0.666874 0.604440 0.653700 0.604440 0.666874 0.604440 0.759092 0.590324 0.759092 0.604440 0.627352 0.604440 0.640526 0.604440 0.732744 0.604440 0.601004 0.604440 0.614178 0.590324 0.693222 0.604440 0.680048 0.604440 0.772266 0.604440 0.745918 0.590324 0.627352 0.620290 0.640526 0.637631 0.627352 0.637631 0.640526 0.620290 0.614178 0.620290 0.627352 0.620290 0.719570 0.620290 0.732744 0.620290 0.653700 0.620290 0.745918 0.620290 0.666874 0.620290 0.759092 
						0.620290 0.680048 0.620290 0.772266 0.620290 0.693222 0.620290 0.785440 0.620290 0.601004 0.637631 0.732744 0.661868 0.745918 0.637631 0.745918 0.637631 0.653700 0.637631 0.666874 0.637631 0.759092 0.637631 0.680048 0.637631 0.772266 0.637631 0.693222 0.637631 0.785440 0.637631 0.601004 0.637631 0.614178 0.637631 0.706396 0.637631 0.719570 0.661868 0.680048 0.696160 0.666874 0.696160 0.680048 0.661868 0.653700 0.661868 0.666874 0.661868 0.759092 0.661868 0.772266 0.661868 0.693222 0.661868 0.785440 0.661868 0.601004 0.661868 0.614178 0.661868 0.706396 0.661868 0.627352 0.661868 0.719570 0.661868 0.640526 0.661868 0.732744 0.696160 0.614178 0.701899 0.601004 0.701899 0.614178 0.696160 0.772266 0.696160 0.693222 0.696160 0.785440 0.696160 0.601004 0.696160 0.706396 0.696160 0.627352 0.696160 0.719570 0.696160 0.640526 0.696160 0.732744 0.696160 0.653700 0.696160 0.745918 0.696160 0.759092 0.983859 0.005005 0.985975 0.021974 0.983996 0.021986 0.701899 0.693222 0.701899 0.706396 0.701899 0.627352 0.701899 0.719570 0.701899 0.640526 0.701899 0.732744 0.701899 0.653700 0.701899 0.745918 0.701899 0.666874 0.701899 0.759092 0.701899 0.680048 
						0.701899 0.772266 0.701899 0.785440 0.881579 0.670293 0.858561 0.658744 0.881579 0.658744 0.989444 0.217364 0.988478 0.234249 0.988205 0.217381 0.983861 0.234623 0.986005 0.217387 0.986121 0.234634 0.989458 0.201111 0.988205 0.201108 0.984009 0.201109 0.983997 0.217396 0.988249 0.184756 0.989496 0.184767 0.984004 0.184767 0.986039 0.201104 0.988254 0.168347 0.989495 0.168348 0.986014 0.168347 0.986045 0.184766 0.989513 0.118965 0.988204 0.102730 0.989436 0.102733 0.983975 0.151887 0.983965 0.168348 0.989526 0.135386 0.988247 0.151896 0.988272 0.135394 0.984007 0.135388 0.986029 0.151882 0.989502 0.151889 0.881579 0.612549 0.858561 0.624098 0.858561 0.612549 0.858561 0.601000 0.881579 0.601000 0.881579 0.704939 0.858561 0.716488 0.858561 0.704939 0.858561 0.647195 0.881579 0.647195 0.881579 0.624098 0.858561 0.635646 0.881579 0.751134 0.858561 0.762683 0.858561 0.751134 0.858561 0.739586 0.881579 0.739586 0.858561 0.728037 0.881579 0.728037 0.881579 0.693390 0.858561 0.681842 0.881579 0.681842 0.776366 0.452674 0.813193 0.433324 0.815499 0.444069 0.881579 0.716488 0.858561 0.693390 0.858561 0.670293 0.856006 0.681842 0.856006 0.670293 
						0.851473 0.681842 0.851473 0.670293 0.856006 0.658744 0.851473 0.658744 0.856006 0.647195 0.851473 0.647195 0.856006 0.635646 0.851473 0.635646 0.856006 0.624098 0.851473 0.624098 0.856006 0.612549 0.851473 0.612549 0.856006 0.601000 0.851473 0.601000 0.856006 0.762683 0.856006 0.751134 0.851473 0.751134 0.856006 0.739586 0.851473 0.739586 0.856006 0.728037 0.851473 0.728037 0.856006 0.716488 0.851473 0.716488 0.856006 0.704939 0.851473 0.704939 0.856006 0.693390 0.851473 0.693390 0.980626 0.038031 0.981819 0.054173 0.980596 0.054170 0.980629 0.102739 0.981832 0.118972 0.980589 0.118958 0.980585 0.070438 0.981821 0.070427 0.980525 0.168345 0.981771 0.184772 0.980535 0.184775 0.980617 0.086630 0.981858 0.086628 0.980573 0.201112 0.981815 0.201102 0.981861 0.102749 0.980568 0.217364 0.981818 0.217372 0.988258 0.118969 0.980269 0.233927 0.981545 0.234240 0.980493 0.151876 0.981778 0.168352 0.980285 0.005703 0.981858 0.022008 0.980625 0.022017 0.981851 0.038042 0.981763 0.135383 0.981760 0.151876 0.989375 0.022000 0.988415 0.005392 0.989668 0.005701 0.984015 0.038033 0.986018 0.038024 0.989380 0.038020 0.988145 0.021978 0.984027 0.054176 
						0.986046 0.054168 0.988227 0.054176 0.988155 0.038017 0.986025 0.070432 0.984005 0.070438 0.989473 0.054172 0.988237 0.070435 0.984004 0.086625 0.986018 0.086623 0.989422 0.086623 0.989461 0.070437 0.984037 0.102739 0.986052 0.102736 0.988192 0.086612 0.984029 0.118969 0.986063 0.118962 0.881579 0.635646 0.986056 0.135384 0.982936 0.118968 0.982902 0.135385 0.982875 0.151886 0.982864 0.168350 0.982903 0.184770 0.982917 0.201109 0.982911 0.217387 0.982690 0.234506 0.982705 0.005120 0.982927 0.021995 0.982938 0.038035 0.982939 0.054174 0.982918 0.070436 0.982926 0.086626 0.982955 0.102741 0.987153 0.118962 0.987159 0.135385 0.987133 0.151886 0.987118 0.168347 0.987141 0.184764 0.987128 0.201106 0.987093 0.217383 0.987294 0.234521 0.987251 0.005124 0.987050 0.021976 0.987092 0.038020 0.987131 0.054169 0.987115 0.070434 0.987100 0.086620 0.987136 0.102732 0.980522 0.135379 0.770764 0.387441 0.810339 0.400367 0.770493 0.400551 0.783302 0.477785 0.827969 0.476483 0.787295 0.489894 0.779043 0.335503 0.815491 0.356832 0.775923 0.348337 0.771761 0.374334 0.810678 0.389389 0.771961 0.426879 0.810671 0.411342 0.811578 0.422410 0.773936 0.439842 
						0.818467 0.454836 0.822435 0.465557 0.822440 0.335347 0.818430 0.346123 0.813193 0.367555 0.811616 0.378418 0.818609 0.379262 0.839084 0.391094 0.817789 0.389846 0.779653 0.465314 0.787057 0.310378 0.782905 0.322875 0.773485 0.361287 0.815780 0.411037 0.812797 0.400356 0.815306 0.400357 0.814023 0.422125 0.813122 0.411193 0.816593 0.421817 0.815609 0.432878 0.818149 0.432396 0.817883 0.443465 0.820386 0.442807 0.820847 0.454047 0.823331 0.453197 0.824766 0.464512 0.832501 0.473126 0.827134 0.463438 0.830319 0.474990 0.832543 0.328040 0.824783 0.336403 0.830478 0.326190 0.828162 0.324621 0.823262 0.347749 0.827156 0.337528 0.820798 0.346896 0.820383 0.358076 0.818114 0.368460 0.817876 0.357425 0.816616 0.379005 0.815594 0.367990 0.815780 0.389680 0.814051 0.378697 0.813128 0.389528 0.770714 0.413730 0.817802 0.410963 0.817315 0.400402 0.818682 0.421599 0.822348 0.442356 0.820033 0.432062 0.825277 0.452599 0.829071 0.462602 0.833989 0.329371 0.829080 0.338420 0.825187 0.348357 0.820069 0.368841 0.822244 0.358536 0.818609 0.379262 0.817789 0.389846 0.511187 0.022179 0.523042 0.007299 0.553936 0.022160 0.825277 0.452599 0.849065 0.454691 
						0.829071 0.462602 0.817315 0.400402 0.838923 0.400330 0.834072 0.471715 0.852906 0.463555 0.833989 0.329371 0.849056 0.346464 0.829080 0.338420 0.839242 0.409639 0.817802 0.410963 0.825187 0.348357 0.845849 0.355129 0.818682 0.421599 0.840158 0.418969 0.822244 0.358536 0.843186 0.363878 0.841502 0.428242 0.820033 0.432062 0.820069 0.368841 0.841295 0.372824 0.822348 0.442356 0.843399 0.437265 0.839900 0.381949 0.845920 0.446092 0.643461 0.243432 0.641351 0.228996 0.643461 0.228996 0.610858 0.243432 0.608747 0.265181 0.608747 0.243432 0.671557 0.243432 0.645727 0.265181 0.645727 0.243432 0.639109 0.243432 0.613100 0.265181 0.613100 0.243432 0.641351 0.243432 0.643461 0.265181 0.641351 0.265181 0.671557 0.342960 0.645727 0.359294 0.645727 0.342960 0.610858 0.228996 0.608747 0.228996 0.645727 0.228996 0.671557 0.228996 0.639109 0.282512 0.613100 0.282512 0.613100 0.314656 0.639109 0.342960 0.613100 0.342960 0.639109 0.359294 0.613100 0.373248 0.613100 0.359294 0.610858 0.342960 0.608747 0.359294 0.608747 0.342960 0.643461 0.282512 0.641351 0.282512 0.610858 0.265181 0.608747 0.282512 0.671557 0.282512 0.645727 0.282512 0.671557 0.373248 
						0.645727 0.373248 0.610858 0.314656 0.608747 0.314656 0.671557 0.314656 0.645727 0.314656 0.641351 0.314656 0.643461 0.342960 0.641351 0.342960 0.613100 0.388842 0.639109 0.405621 0.613100 0.405621 0.639109 0.373248 0.641351 0.359294 0.643461 0.373248 0.641351 0.373248 0.610858 0.359294 0.608748 0.373248 0.610858 0.388842 0.608748 0.405621 0.608748 0.388842 0.643461 0.388842 0.641351 0.388842 0.610858 0.373248 0.645727 0.388842 0.643461 0.298605 0.671557 0.405621 0.645727 0.405621 0.613100 0.417464 0.643461 0.405621 0.641351 0.405621 0.643461 0.417464 0.641351 0.417464 0.610858 0.405621 0.608748 0.417464 0.645727 0.417464 0.610858 0.298605 0.643461 0.314656 0.641351 0.298605 0.608747 0.298605 0.610858 0.282512 0.645727 0.298605 0.671557 0.298605 0.639109 0.298605 0.639109 0.314656 0.613100 0.298605 0.643461 0.359294 0.640209 0.228996 0.640209 0.243432 0.639109 0.228996 0.611999 0.228996 0.611999 0.243432 0.613100 0.228996 0.672677 0.228996 0.672677 0.243432 0.673823 0.228996 0.673823 0.243432 0.644608 0.243432 0.644608 0.228996 0.640209 0.265181 0.611999 0.265181 0.644608 0.265181 0.671557 0.265181 0.672677 0.265181 0.673823 0.265181 
						0.644608 0.342960 0.644608 0.359294 0.640209 0.359294 0.640209 0.342960 0.611999 0.359294 0.611999 0.342960 0.671557 0.359294 0.672677 0.342960 0.672677 0.359294 0.673823 0.342960 0.673823 0.359294 0.611999 0.373248 0.672677 0.373248 0.673823 0.373248 0.644608 0.373248 0.640209 0.373248 0.672677 0.388842 0.671557 0.388842 0.644608 0.388842 0.640209 0.388842 0.611999 0.388842 0.644608 0.405621 0.640209 0.405621 0.672677 0.405621 0.673823 0.388842 0.673823 0.405621 0.672677 0.417464 0.671557 0.417464 0.644608 0.417464 0.640209 0.417464 0.639109 0.417464 0.611999 0.417464 0.610858 0.417464 0.611999 0.405621 0.640209 0.298605 0.640209 0.314656 0.611999 0.298605 0.611999 0.314656 0.640209 0.282512 0.611999 0.282512 0.672677 0.298605 0.672677 0.314656 0.673823 0.298605 0.673823 0.314656 0.672677 0.282512 0.673823 0.282512 0.644608 0.314656 0.644608 0.298605 0.644608 0.282512 0.639109 0.265181 0.752250 0.004998 0.745755 0.064073 0.745755 0.004998 0.760506 0.236400 0.752250 0.122099 0.760506 0.122099 0.177301 0.678254 0.174495 0.691982 0.160424 0.681105 0.704331 0.294425 0.711973 0.353500 0.704331 0.353500 0.698164 0.236400 0.704331 0.122099 
						0.704331 0.236400 0.133420 0.715518 0.145978 0.777021 0.133419 0.789847 0.731187 0.004998 0.711973 0.064073 0.711973 0.004998 0.704331 0.411525 0.711973 0.525827 0.704331 0.525827 0.689423 0.353500 0.684131 0.294425 0.689423 0.294425 0.689423 0.064073 0.684131 0.004998 0.689423 0.004998 0.689423 0.411525 0.684132 0.525827 0.684131 0.411525 0.698164 0.294425 0.760506 0.525827 0.752250 0.411525 0.760506 0.411525 0.741916 0.004998 0.731187 0.122099 0.736998 0.236400 0.731187 0.236400 0.760506 0.064073 0.760506 0.004998 0.741916 0.525827 0.745755 0.411525 0.745755 0.525827 0.736998 0.411525 0.736998 0.525827 0.752250 0.353500 0.745755 0.294425 0.752250 0.294425 0.731188 0.411525 0.731188 0.525827 0.760506 0.353500 0.760506 0.294425 0.741916 0.353500 0.745755 0.353500 0.736998 0.353500 0.741916 0.294425 0.731187 0.294425 0.731188 0.353500 0.752250 0.236400 0.745755 0.122099 0.741916 0.122099 0.741916 0.236400 0.745755 0.236400 0.731187 0.064073 0.736997 0.004998 0.736997 0.064073 0.741916 0.064073 0.698164 0.525827 0.698164 0.411525 0.689423 0.122099 0.684131 0.236400 0.684131 0.122099 0.711973 0.236400 0.344893 0.728343 0.357452 0.789847 
						0.344894 0.777021 0.711973 0.411525 0.698164 0.353500 0.711973 0.294425 0.752250 0.525827 0.711973 0.122099 0.298829 0.689001 0.192042 0.689001 0.698164 0.064073 0.704331 0.004998 0.704331 0.064073 0.698164 0.122099 0.760506 0.541391 0.752250 0.541391 0.760506 0.556357 0.752250 0.556357 0.752250 0.570436 0.760506 0.570436 0.752250 0.583852 0.760506 0.106535 0.752250 0.106535 0.760506 0.091568 0.752250 0.077489 0.760506 0.077489 0.752250 0.064073 0.745755 0.541391 0.745755 0.556357 0.745755 0.570436 0.745755 0.583852 0.745755 0.106535 0.752250 0.091568 0.745755 0.077489 0.736997 0.122099 0.731187 0.106535 0.736997 0.106535 0.731187 0.091568 0.736997 0.091568 0.736997 0.077489 0.731187 0.077489 0.731188 0.541391 0.736998 0.541391 0.731188 0.556357 0.736998 0.570436 0.731188 0.570436 0.736998 0.583852 0.731188 0.583852 0.741916 0.106535 0.741916 0.091568 0.741916 0.077489 0.741916 0.541391 0.741916 0.556357 0.736998 0.556357 0.741916 0.570436 0.741916 0.583852 0.760506 0.366916 0.752250 0.366916 0.760506 0.380995 0.752250 0.380995 0.752250 0.395961 0.760506 0.395961 0.745755 0.366916 0.745755 0.380995 0.745755 0.395961 0.731188 0.366916 
						0.736998 0.366916 0.731188 0.380995 0.736998 0.395961 0.731188 0.395961 0.741916 0.366916 0.736998 0.380995 0.741916 0.380995 0.741916 0.395961 0.760506 0.251964 0.752250 0.251964 0.760506 0.266930 0.752250 0.266930 0.752250 0.281009 0.760506 0.281009 0.745755 0.251964 0.745755 0.266930 0.745755 0.281009 0.711973 0.106535 0.731187 0.251964 0.736998 0.251964 0.731187 0.266930 0.736998 0.281009 0.731187 0.281009 0.736998 0.294425 0.741916 0.251964 0.741916 0.266930 0.736998 0.266930 0.741916 0.281009 0.698164 0.541391 0.689423 0.556357 0.689423 0.541391 0.698164 0.556357 0.689423 0.570436 0.698164 0.583852 0.689423 0.583852 0.689423 0.106535 0.698164 0.106535 0.689423 0.091568 0.698164 0.091568 0.689423 0.077489 0.698164 0.077489 0.689423 0.366916 0.684132 0.541391 0.684132 0.556357 0.684132 0.570436 0.684132 0.583852 0.684131 0.106535 0.684131 0.077489 0.684131 0.064073 0.159493 0.700543 0.146245 0.689151 0.136773 0.701190 0.149467 0.713357 0.174497 0.813382 0.177302 0.827110 0.160425 0.824259 0.159494 0.804821 0.146246 0.816213 0.136775 0.804174 0.149469 0.792007 0.357452 0.715517 0.341403 0.713357 0.354097 0.701190 0.704331 0.106535 
						0.704331 0.091568 0.704331 0.077489 0.704331 0.541391 0.704331 0.556357 0.698164 0.570436 0.704331 0.583852 0.711973 0.091568 0.711973 0.077489 0.711973 0.541391 0.711973 0.570436 0.704331 0.570436 0.711973 0.583852 0.711973 0.556357 0.711973 0.366916 0.698164 0.380995 0.689423 0.380995 0.698164 0.395961 0.689423 0.395961 0.689423 0.251964 0.698164 0.251964 0.684131 0.353500 0.684131 0.366916 0.684131 0.380995 0.684131 0.395961 0.331378 0.700543 0.344626 0.689151 0.330447 0.681105 0.316375 0.691982 0.313569 0.678254 0.316375 0.813382 0.313569 0.827110 0.298829 0.816363 0.698164 0.366916 0.704331 0.380995 0.704331 0.395961 0.704331 0.366916 0.711973 0.395961 0.711973 0.380995 0.711973 0.251964 0.689423 0.266930 0.698164 0.266930 0.689423 0.281009 0.698164 0.281009 0.698164 0.004998 0.684131 0.251964 0.684131 0.266930 0.684131 0.281009 0.331378 0.804821 0.330447 0.824259 0.354097 0.804174 0.341403 0.792007 0.192043 0.816363 0.704331 0.251964 0.704331 0.266930 0.711973 0.281009 0.704331 0.281009 0.711973 0.266930 0.745755 0.091568 0.741916 0.411525 0.985215 0.732270 0.985585 0.746173 0.985215 0.746173 0.985215 0.597179 0.985585 0.611636 
						0.985215 0.611636 0.985215 0.717812 0.985585 0.732270 0.064419 0.986329 0.021485 0.987454 0.021485 0.986329 0.985874 0.611636 0.986641 0.717812 0.985874 0.717812 0.985215 0.448960 0.985585 0.463418 0.985215 0.463418 0.285485 0.986329 0.105331 0.987454 0.105331 0.986329 0.985215 0.301346 0.985585 0.314424 0.985215 0.314424 0.987300 0.732270 0.986930 0.717812 0.987300 0.717812 0.985215 0.502860 0.985585 0.557736 0.985215 0.557736 0.369331 0.992673 0.414973 0.991547 0.414973 0.992673 0.279127 0.975361 0.229510 0.972209 0.279127 0.972209 0.985874 0.342785 0.986641 0.448960 0.985874 0.448960 0.985215 0.477320 0.985585 0.490398 0.985215 0.490398 0.904111 0.992673 0.947045 0.991547 0.947045 0.992673 0.924415 0.975361 0.979769 0.972209 0.979769 0.975361 0.985585 0.502860 0.369331 0.990667 0.326397 0.988335 0.369331 0.988335 0.386551 0.978073 0.444113 0.976552 0.444113 0.978073 0.331197 0.975361 0.331197 0.972209 0.985215 0.759251 0.985585 0.771713 0.985215 0.771713 0.331197 0.978073 0.386551 0.976552 0.985585 0.759251 0.386551 0.975361 0.386551 0.972209 0.985585 0.717812 0.064419 0.992673 0.105331 0.991547 0.105331 0.992673 0.229510 0.975361 
						0.011022 0.972209 0.985585 0.826588 0.985215 0.826588 0.021485 0.992673 0.064419 0.991547 0.444113 0.975361 0.866853 0.972209 0.866853 0.975361 0.444113 0.969497 0.386551 0.971018 0.386551 0.969497 0.985215 0.288884 0.985585 0.301346 0.924415 0.978073 0.979769 0.976552 0.979769 0.978073 0.985215 0.342785 0.985585 0.448960 0.866853 0.978073 0.924415 0.976552 0.985585 0.328327 0.985215 0.328327 0.462436 0.991547 0.462436 0.992673 0.947045 0.990667 0.987957 0.988335 0.987957 0.990667 0.285485 0.991547 0.285485 0.992673 0.987300 0.328327 0.986930 0.314424 0.987300 0.314424 0.987300 0.448960 0.986930 0.342785 0.987300 0.342785 0.987300 0.301346 0.986930 0.288884 0.987300 0.288884 0.985874 0.771713 0.986641 0.826588 0.985874 0.826588 0.986930 0.611636 0.987300 0.611636 0.987300 0.759251 0.986930 0.746173 0.987300 0.746173 0.987300 0.771713 0.986930 0.759251 0.987300 0.502860 0.986930 0.490398 0.987300 0.490398 0.986930 0.477320 0.987300 0.477320 0.987300 0.557736 0.986930 0.502860 0.987300 0.463418 0.986930 0.448960 0.986930 0.597179 0.987300 0.597179 0.986930 0.583276 0.987300 0.583276 0.986930 0.570198 0.987300 0.570198 0.986930 0.557736 
						0.858469 0.986329 0.811006 0.987454 0.811006 0.986329 0.904111 0.986329 0.858469 0.987454 0.811006 0.990667 0.858469 0.988335 0.858469 0.990667 0.987957 0.986329 0.947045 0.987454 0.947045 0.986329 0.229510 0.969497 0.011022 0.971019 0.011022 0.969497 0.331197 0.971018 0.331197 0.969497 0.279127 0.971018 0.279127 0.969497 0.229510 0.971019 0.326397 0.986329 0.285485 0.987454 0.369331 0.986329 0.326397 0.987454 0.326397 0.990667 0.285485 0.988335 0.462436 0.986329 0.414973 0.987454 0.414973 0.986329 0.924415 0.969497 0.866853 0.971018 0.866853 0.969497 0.979769 0.969497 0.924415 0.971018 0.924415 0.972209 0.064419 0.987454 0.985585 0.342785 0.444113 0.972209 0.444113 0.971018 0.904111 0.987454 0.369331 0.987454 0.986930 0.301346 0.987300 0.826588 0.986930 0.771713 0.986930 0.732270 0.986930 0.463418 0.414973 0.990667 0.414973 0.988335 0.985215 0.583276 0.985585 0.597179 0.021485 0.990667 0.064419 0.988335 0.064419 0.990667 0.462436 0.988335 0.811006 0.988335 0.985585 0.477320 0.985215 0.570198 0.985585 0.583276 0.462436 0.990667 0.985585 0.570198 0.105331 0.988335 0.105331 0.990667 0.811006 0.992672 0.858469 0.991547 0.858469 0.992672 
						0.904111 0.991547 0.985874 0.328327 0.986641 0.342785 0.811006 0.991547 0.985874 0.314424 0.986641 0.328327 0.985874 0.502860 0.986641 0.490398 0.986641 0.502860 0.987957 0.991547 0.987957 0.992672 0.985874 0.597179 0.986641 0.611636 0.985874 0.301346 0.986641 0.314424 0.985874 0.490398 0.986641 0.477320 0.904111 0.988335 0.904111 0.990667 0.011022 0.978073 0.229510 0.976552 0.229510 0.978073 0.985874 0.583276 0.986641 0.597179 0.985874 0.288884 0.986641 0.301346 0.985874 0.477320 0.986641 0.463418 0.866853 0.976552 0.985874 0.570198 0.986641 0.583276 0.285485 0.990667 0.985874 0.732270 0.986641 0.732270 0.985874 0.463418 0.279127 0.978073 0.331197 0.976552 0.985874 0.557736 0.986641 0.570198 0.985874 0.746173 0.986641 0.746173 0.462436 0.987454 0.279127 0.976552 0.985874 0.759251 0.986641 0.759251 0.326397 0.991547 0.326397 0.992673 0.986641 0.557736 0.986641 0.771713 0.947045 0.988335 0.369331 0.991547 0.986930 0.328327 0.986641 0.288884 0.987957 0.987454 0.979769 0.971018 0.021485 0.988335 0.986930 0.826588 0.985585 0.288884 0.021485 0.991547 0.011022 0.976552 0.011022 0.975361 0.689423 0.525827 0.829001 0.084019 0.795157 0.086401 
						0.808602 0.062722 0.851119 0.077292 0.832173 0.048999 0.859483 0.048999 0.823915 0.106430 0.809284 0.136669 0.795489 0.113523 0.830275 0.116434 0.832607 0.149794 0.840738 0.121871 0.859262 0.149743 0.852482 0.121528 0.882495 0.136508 0.862566 0.115368 0.896144 0.113359 0.868247 0.104943 0.896391 0.086357 0.867894 0.093078 0.883024 0.062753 0.861660 0.082970 0.836828 0.109304 0.844499 0.104459 0.842877 0.112515 0.823393 0.094553 0.848890 0.086867 0.844540 0.094967 0.841989 0.087054 0.832917 0.096703 0.840807 0.100890 0.833163 0.103531 0.834529 0.111823 0.827497 0.105313 0.829898 0.104566 0.842160 0.103160 0.847207 0.104428 0.849729 0.112270 0.849556 0.103194 0.855560 0.108674 0.850913 0.101008 0.858809 0.102672 0.850932 0.098477 0.858597 0.095868 0.849615 0.096302 0.854978 0.090078 0.847274 0.094970 0.839132 0.077700 0.836125 0.090650 0.840814 0.098291 0.849670 0.083476 0.859045 0.085721 0.857324 0.087558 0.840981 0.083754 0.831788 0.086591 0.840255 0.081332 0.858030 0.111035 0.864554 0.104058 0.859847 0.112755 0.842132 0.115824 0.832836 0.113656 0.850244 0.081022 0.829559 0.095940 0.833626 0.088318 0.862126 0.103481 0.864296 0.094157 
						0.850703 0.115521 0.841567 0.118267 0.827112 0.095379 0.861900 0.094878 0.851426 0.117926 0.830433 0.085325 0.839718 0.079554 0.825282 0.094959 0.825729 0.105862 0.831594 0.115001 0.841161 0.120031 0.851957 0.119684 0.861187 0.114021 0.866342 0.104484 0.866068 0.093623 0.860312 0.084365 0.850666 0.079215 0.841499 0.085441 0.834891 0.089504 0.831289 0.096337 0.831570 0.104033 0.835703 0.110532 0.842511 0.114114 0.850206 0.113870 0.856767 0.109825 0.860428 0.103065 0.860196 0.095392 0.856127 0.088855 0.849279 0.085196 0.842180 0.096101 0.972132 0.827905 0.973972 0.861628 0.973274 0.861627 0.977374 0.861631 0.974607 0.825547 0.976129 0.825224 0.570751 0.807818 0.580373 0.803431 0.581202 0.804106 0.976076 0.898022 0.970926 0.909266 0.974553 0.897699 0.573154 0.810716 0.582602 0.805932 0.582862 0.807509 0.562595 0.893108 0.564636 0.905043 0.561141 0.893422 0.968402 0.907292 0.972747 0.896172 0.969136 0.907889 0.561538 0.861426 0.560041 0.861427 0.951667 0.807647 0.951953 0.806071 0.554150 0.861429 0.556951 0.825337 0.555668 0.861428 0.964266 0.918967 0.972271 0.910175 0.578695 0.922879 0.568212 0.917292 0.578969 0.921240 0.952613 0.921643 
						0.963408 0.917501 0.952895 0.923286 0.570777 0.915016 0.580372 0.919420 0.569896 0.915676 0.958254 0.808363 0.957525 0.809674 0.557505 0.861428 0.559402 0.895003 0.558723 0.895939 0.017080 0.133428 0.150972 0.133434 0.964303 0.804305 0.970957 0.813982 0.963444 0.805771 0.952658 0.801588 0.952943 0.799944 0.578689 0.799944 0.568182 0.805538 0.567337 0.804069 0.560606 0.813742 0.559262 0.812826 0.555426 0.825012 0.581207 0.918744 0.952321 0.919740 0.965435 0.905101 0.958219 0.914914 0.957494 0.913608 0.968821 0.893493 0.966630 0.905920 0.556974 0.897523 0.555450 0.897849 0.567368 0.918758 0.560645 0.909102 0.573178 0.912122 0.582608 0.916921 0.572439 0.913423 0.969900 0.861624 0.971396 0.861626 0.578962 0.801592 0.562976 0.816188 0.558703 0.826919 0.562259 0.815369 0.975857 0.861630 0.951633 0.915587 0.582870 0.915349 0.559303 0.910019 0.961322 0.916349 0.960294 0.916061 0.970274 0.893807 0.565795 0.818618 0.572416 0.809413 0.952363 0.803500 0.952264 0.804178 0.968435 0.815956 0.972801 0.827075 0.561126 0.829435 0.562582 0.829747 0.960330 0.807212 0.961359 0.806923 0.972301 0.813072 0.565830 0.904225 0.564602 0.817801 0.559384 0.827855 
						0.558219 0.861427 0.965468 0.818145 0.563012 0.906656 0.569869 0.807157 0.969169 0.815358 0.562295 0.907476 0.952222 0.919060 0.972078 0.895343 0.971261 0.828904 0.967499 0.816707 0.970099 0.814612 0.973668 0.826082 0.559072 0.861427 0.560220 0.893973 0.557904 0.896969 0.556646 0.861428 0.973614 0.897164 0.974874 0.861629 0.972373 0.861627 0.971206 0.894344 0.557882 0.825890 0.952135 0.805041 0.582118 0.804939 0.568918 0.916447 0.579459 0.920244 0.582120 0.917918 0.571754 0.914245 0.561463 0.908397 0.563842 0.905734 0.967466 0.906541 0.959030 0.915635 0.962572 0.916770 0.952442 0.920603 0.952095 0.918196 0.951915 0.917163 0.571730 0.808591 0.563807 0.817111 0.959065 0.807640 0.560204 0.828885 0.970067 0.908635 0.568889 0.806383 0.579455 0.802599 0.952485 0.802632 0.561425 0.814448 0.962609 0.806502 0.701651 0.962091 0.020991 0.962091 0.020991 0.936972 0.952187 0.183002 0.545938 0.915881 0.545938 0.926603 0.952187 0.745652 0.916149 0.262734 0.916149 0.464257 0.014650 0.926603 0.382986 0.659986 0.380721 0.890297 0.479235 0.890398 0.017078 0.235052 0.487831 0.019072 0.487831 0.039672 0.589807 0.822109 0.152327 0.114882 0.487833 0.086574 
						0.017078 0.180306 0.724869 0.822090 0.579287 0.815905 0.947175 0.909955 0.568867 0.889943 0.587190 0.898916 0.589791 0.900901 0.329963 0.151986 0.906418 0.025230 0.668435 0.009430 0.167161 0.786991 0.891817 0.589855 0.826778 0.297211 0.851819 0.190998 0.888253 0.251079 0.770499 0.245479 0.770499 0.297211 0.590324 0.601004 0.986085 0.005008 0.989754 0.233934 0.881579 0.762683 0.851473 0.762683 0.981540 0.005390 0.834072 0.471715 0.549711 0.040710 0.542086 0.046797 0.532574 0.048972 0.523060 0.046805 0.515429 0.040725 0.511191 0.031936 0.515416 0.013385 0.532554 0.005123 0.542068 0.007290 0.549699 0.013370 0.553941 0.031917 0.852910 0.337561 0.639109 0.388842 0.673823 0.417464 0.145978 0.728344 0.689423 0.236400 0.760506 0.583852 0.684131 0.091568 0.344626 0.816213 
					</float_array>
					<technique_common>
						<accessor count="2859" offset="0" source="#meshId0-tex0-array" stride="2">
							<param name="S" type="float" />
							<param name="T" type="float" />
						</accessor>
					</technique_common>
				</source>
				<source id="meshId0-tex1" name="meshId0-tex1">
					<float_array id="meshId0-tex1-array" count="5718"> 
						0.932881 0.949531 0.920049 0.946391 0.932881 0.946391 0.972798 0.946391 0.941166 0.943252 0.972798 0.943252 0.932881 0.952671 0.920049 0.949531 0.932881 0.955812 0.920049 0.952671 0.920049 0.958951 0.932881 0.958951 0.920049 0.962091 0.932881 0.962091 0.920049 0.940112 0.932881 0.936972 0.932881 0.940112 0.920049 0.943252 0.932881 0.943252 0.972798 0.952671 0.941166 0.949531 0.972798 0.949531 0.972798 0.955812 0.941166 0.952671 0.941166 0.958951 0.972798 0.958951 0.941166 0.962091 0.972798 0.962091 0.941166 0.940112 0.972798 0.936972 0.972798 0.940112 0.885458 0.949531 0.898653 0.946391 0.898653 0.949531 0.905778 0.946391 0.912000 0.943252 0.912000 0.946391 0.898653 0.955812 0.885458 0.952671 0.898653 0.952671 0.898653 0.958951 0.885458 0.955812 0.898653 0.962091 0.885458 0.958951 0.898653 0.940112 0.885458 0.936972 0.898653 0.936972 0.885458 0.943252 0.898653 0.943252 0.912000 0.949531 0.912000 0.952671 0.905778 0.949531 0.912000 0.955812 0.905778 0.952671 0.912000 0.958951 0.905778 0.955812 0.905778 0.962091 0.912000 0.962091 0.905778 0.940112 0.912000 0.936972 0.912000 0.940112 0.905778 0.943252 0.862783 0.946391 0.885458 0.946391 
						0.862783 0.949531 0.862783 0.952671 0.862783 0.955812 0.885458 0.962091 0.862783 0.958951 0.885458 0.940112 0.862783 0.936972 0.862783 0.943252 0.835542 0.946391 0.835542 0.949531 0.835542 0.952671 0.835542 0.955812 0.862783 0.962091 0.835542 0.958951 0.862783 0.940112 0.835542 0.936972 0.835542 0.943252 0.805725 0.946391 0.805725 0.949531 0.805725 0.952671 0.805725 0.955812 0.835542 0.962091 0.805725 0.958951 0.805725 0.940112 0.835542 0.940112 0.805725 0.943252 0.775309 0.946391 0.775309 0.949531 0.775309 0.952671 0.775309 0.955812 0.805725 0.962091 0.775309 0.958951 0.775309 0.940112 0.805725 0.936972 0.775309 0.943252 0.724863 0.946391 0.733715 0.943252 0.733715 0.946391 0.758060 0.946391 0.710461 0.955812 0.701651 0.952671 0.710461 0.952671 0.710461 0.958951 0.701651 0.955812 0.710461 0.962091 0.701651 0.958951 0.701651 0.940112 0.710461 0.936972 0.710461 0.940112 0.701651 0.943252 0.710461 0.943252 0.758060 0.949531 0.701651 0.949531 0.710461 0.946391 0.710461 0.949531 0.758060 0.952671 0.758060 0.955812 0.758060 0.962091 0.775309 0.962091 0.758060 0.940112 0.775309 0.936972 0.758060 0.943252 0.665694 0.946391 0.653714 0.943252 
						0.665694 0.943252 0.733715 0.949531 0.685160 0.952671 0.685160 0.955812 0.685160 0.962091 0.685160 0.958951 0.701651 0.936972 0.685160 0.940112 0.685160 0.936972 0.733715 0.952671 0.724863 0.949531 0.685160 0.949531 0.733715 0.955812 0.724863 0.952671 0.733715 0.958951 0.724863 0.955812 0.724863 0.962091 0.733715 0.962091 0.724863 0.940112 0.733715 0.936972 0.733715 0.940112 0.724863 0.943252 0.608699 0.946392 0.593614 0.943252 0.608699 0.943252 0.653714 0.946391 0.625990 0.943252 0.548981 0.958951 0.556055 0.955812 0.556055 0.958951 0.548981 0.962091 0.556055 0.962091 0.556055 0.940112 0.548981 0.936972 0.556055 0.936972 0.556055 0.943252 0.548981 0.940112 0.625990 0.952671 0.653714 0.949531 0.653714 0.952671 0.556055 0.946392 0.548981 0.943252 0.625990 0.955812 0.653714 0.955812 0.625990 0.958951 0.653714 0.958951 0.653714 0.962091 0.653714 0.940112 0.625990 0.936972 0.653714 0.936972 0.625990 0.940112 0.608699 0.949531 0.593614 0.946392 0.548981 0.955812 0.556055 0.952671 0.593614 0.952671 0.608699 0.952671 0.593614 0.955812 0.608699 0.955812 0.593614 0.958951 0.608699 0.958951 0.593614 0.962091 0.608699 0.962091 0.608699 0.940112 
						0.593614 0.936972 0.608699 0.936972 0.593614 0.940112 0.532302 0.949531 0.521653 0.946392 0.532302 0.946392 0.548981 0.952671 0.556055 0.949531 0.521653 0.952671 0.532302 0.952671 0.521653 0.955812 0.532302 0.955812 0.521653 0.958951 0.532302 0.958951 0.521653 0.962091 0.532302 0.962091 0.532302 0.940112 0.521653 0.936972 0.532302 0.936972 0.532302 0.943252 0.521653 0.940112 0.568185 0.952671 0.580947 0.949531 0.580947 0.952671 0.521653 0.943252 0.568185 0.955812 0.580947 0.955812 0.568185 0.958951 0.580947 0.958951 0.568185 0.962091 0.580947 0.962091 0.580947 0.940112 0.568185 0.936972 0.580947 0.936972 0.580947 0.943252 0.568185 0.940112 0.504226 0.943252 0.521653 0.949531 0.504226 0.946392 0.504226 0.949531 0.504226 0.955812 0.504226 0.958951 0.504226 0.962091 0.504226 0.940112 0.487683 0.943252 0.487683 0.946392 0.504226 0.952671 0.487683 0.949531 0.487683 0.955812 0.487683 0.958951 0.487683 0.962091 0.487683 0.940112 0.504226 0.936972 0.453826 0.949531 0.465194 0.946392 0.465194 0.949531 0.477381 0.943252 0.465194 0.952671 0.465194 0.955812 0.453826 0.952671 0.465194 0.958951 0.453826 0.955812 0.453826 0.962091 0.465194 0.962091 
						0.453826 0.940112 0.465194 0.936972 0.465194 0.940112 0.453826 0.943252 0.465194 0.943252 0.487683 0.952671 0.477381 0.949531 0.453826 0.946392 0.477381 0.955812 0.477381 0.958951 0.477381 0.962091 0.477381 0.940112 0.487683 0.936972 0.409820 0.949531 0.424450 0.946392 0.424450 0.949531 0.443303 0.946392 0.424450 0.952671 0.424450 0.955812 0.409820 0.952671 0.424450 0.958951 0.409820 0.955812 0.424450 0.962091 0.409820 0.958951 0.409820 0.940112 0.424450 0.936972 0.424450 0.940112 0.409820 0.943252 0.424450 0.943252 0.443303 0.949531 0.409820 0.946392 0.443303 0.952671 0.453826 0.958951 0.443303 0.955812 0.443303 0.958951 0.443303 0.940112 0.453826 0.936972 0.443303 0.943252 0.379905 0.946392 0.379905 0.949531 0.379905 0.952671 0.379905 0.955812 0.409820 0.962091 0.379905 0.958952 0.379905 0.940112 0.409820 0.936972 0.379905 0.943252 0.345893 0.946392 0.345893 0.949532 0.345893 0.952672 0.345893 0.955812 0.379905 0.962091 0.345893 0.958952 0.345893 0.940112 0.379905 0.936972 0.345893 0.943252 0.310317 0.943252 0.310317 0.946392 0.310317 0.952672 0.310317 0.955812 0.310317 0.958952 0.310317 0.962091 0.345893 0.962091 0.310317 0.936972 
						0.345893 0.936972 0.310317 0.940112 0.273554 0.943252 0.310317 0.949532 0.273554 0.946392 0.273554 0.952672 0.273554 0.955812 0.273554 0.958952 0.273554 0.962091 0.273554 0.936972 0.273554 0.940112 0.236502 0.943252 0.273554 0.949532 0.236502 0.946392 0.236502 0.952672 0.236502 0.955812 0.236502 0.958952 0.236502 0.962091 0.236502 0.936972 0.236502 0.940112 0.200336 0.943252 0.236502 0.949532 0.200336 0.946392 0.200336 0.952672 0.200336 0.955812 0.200336 0.958952 0.200336 0.962091 0.200336 0.936972 0.200336 0.940112 0.166339 0.943252 0.200336 0.949532 0.166339 0.946392 0.166339 0.952672 0.166339 0.955812 0.166339 0.958952 0.166339 0.962091 0.166339 0.936972 0.166339 0.940112 0.135767 0.943252 0.166339 0.949532 0.135767 0.946392 0.135767 0.952672 0.135767 0.955812 0.135767 0.958952 0.135767 0.962091 0.135767 0.936972 0.135767 0.940112 0.104765 0.949532 0.094864 0.946392 0.104765 0.946392 0.114569 0.943252 0.094864 0.952672 0.104765 0.952672 0.094864 0.955812 0.104765 0.955812 0.094864 0.958952 0.104765 0.958952 0.094864 0.962091 0.104765 0.962091 0.104765 0.940112 0.094864 0.936972 0.104765 0.936972 0.104765 0.943252 0.094864 0.940112 
						0.081978 0.949532 0.076811 0.946392 0.081978 0.946392 0.114569 0.952672 0.135767 0.949532 0.076811 0.952672 0.081978 0.952672 0.076811 0.955812 0.081978 0.955812 0.076811 0.958952 0.081978 0.958952 0.076811 0.962091 0.081978 0.962091 0.081978 0.940112 0.076811 0.936972 0.081978 0.936972 0.081978 0.943252 0.076811 0.940112 0.056870 0.946392 0.063812 0.943252 0.063812 0.946392 0.114569 0.955812 0.042974 0.955812 0.020991 0.952672 0.042974 0.952672 0.042974 0.958952 0.020991 0.955812 0.042974 0.962091 0.020991 0.958952 0.020991 0.940112 0.042974 0.936972 0.042974 0.940112 0.020991 0.943252 0.042974 0.943252 0.114569 0.958952 0.020991 0.949532 0.042974 0.946392 0.042974 0.949532 0.114569 0.962091 0.114569 0.936972 0.114569 0.940112 0.056870 0.949532 0.063812 0.949532 0.063812 0.952672 0.063812 0.955812 0.056870 0.952672 0.063812 0.958952 0.056870 0.955812 0.063812 0.962091 0.056870 0.958952 0.056870 0.940112 0.063812 0.936972 0.063812 0.940112 0.056870 0.943252 0.665694 0.949531 0.685160 0.943252 0.701651 0.946391 0.685160 0.946391 0.665694 0.952671 0.665694 0.955812 0.665694 0.958951 0.665694 0.962091 0.665694 0.940112 0.665694 0.936972 
						0.941166 0.946391 0.941166 0.955812 0.941166 0.936972 0.920049 0.955812 0.920049 0.936972 0.905778 0.958951 0.905778 0.936972 0.758060 0.958951 0.758060 0.936972 0.724863 0.958951 0.724863 0.936972 0.625990 0.946392 0.625990 0.949531 0.625990 0.962091 0.580947 0.946392 0.593614 0.949531 0.548981 0.946392 0.076811 0.949532 0.076811 0.943252 0.056870 0.962091 0.056870 0.936972 0.020991 0.946392 0.094864 0.943252 0.094864 0.949532 0.114569 0.946392 0.114569 0.949532 0.443303 0.962091 0.443303 0.936972 0.477381 0.946392 0.477381 0.952671 0.477381 0.936972 0.548981 0.949531 0.568185 0.946392 0.568185 0.943252 0.568185 0.949531 0.486864 0.678084 0.494649 0.726121 0.491082 0.726837 0.390471 0.885738 0.471554 0.889295 0.388504 0.889218 0.456913 0.910422 0.416198 0.911695 0.416198 0.910422 0.392630 0.664694 0.473768 0.662575 0.471768 0.666024 0.950836 0.731104 0.916149 0.689097 0.950836 0.689097 0.378014 0.870560 0.370897 0.824605 0.374030 0.823073 0.950836 0.542851 0.916149 0.469976 0.950836 0.469976 0.950836 0.183002 0.952187 0.257016 0.950836 0.257016 0.950836 0.277282 0.952187 0.320400 0.950836 0.320400 0.950836 0.449709 0.916149 0.406591 
						0.950836 0.406591 0.545938 0.911695 0.476050 0.915881 0.476050 0.911695 0.952187 0.542851 0.950836 0.563118 0.952187 0.605124 0.950836 0.605124 0.187009 0.911695 0.147344 0.915882 0.147344 0.911695 0.274959 0.910422 0.206146 0.911695 0.206146 0.910422 0.456913 0.911695 0.416198 0.915881 0.481827 0.684834 0.487968 0.728357 0.485342 0.730234 0.274959 0.911695 0.206146 0.915882 0.187009 0.910422 0.147344 0.910422 0.545938 0.910422 0.476050 0.910422 0.456913 0.919604 0.416198 0.923207 0.416198 0.919604 0.187009 0.915882 0.147344 0.919604 0.456913 0.915881 0.377584 0.728928 0.469453 0.669465 0.484093 0.681194 0.017084 0.642651 0.151361 0.559614 0.151362 0.642649 0.545938 0.919604 0.476050 0.919604 0.476050 0.923207 0.545938 0.923207 0.476050 0.926603 0.375232 0.873699 0.367306 0.825329 0.467342 0.882301 0.392747 0.882272 0.017081 0.398355 0.151360 0.351448 0.151360 0.398354 0.274959 0.919604 0.206146 0.923207 0.206146 0.919604 0.274959 0.915881 0.387128 0.892918 0.456913 0.923207 0.416198 0.926603 0.851819 0.196068 0.840424 0.194287 0.851819 0.194287 0.187009 0.923207 0.147344 0.926603 0.147344 0.923207 0.274959 0.926603 0.206146 0.926603 
						0.187009 0.919604 0.380286 0.866893 0.376672 0.821180 0.389396 0.657514 0.475182 0.658906 0.952187 0.277282 0.950836 0.269583 0.952187 0.269583 0.950836 0.262734 0.952187 0.262734 0.952187 0.731104 0.950836 0.738802 0.952187 0.738802 0.950836 0.745652 0.952187 0.751370 0.950836 0.751370 0.464182 0.910422 0.464182 0.911695 0.470650 0.910422 0.470650 0.911695 0.028387 0.911695 0.021117 0.910422 0.028387 0.910422 0.021117 0.911695 0.014650 0.910422 0.009250 0.911695 0.009250 0.910422 0.952187 0.469976 0.950836 0.464257 0.952187 0.464257 0.952187 0.457408 0.950836 0.457408 0.952187 0.449709 0.280359 0.910422 0.280359 0.911695 0.286826 0.911695 0.286826 0.910422 0.294096 0.911695 0.952187 0.563118 0.950836 0.555419 0.952187 0.555419 0.950836 0.548570 0.952187 0.548570 0.194279 0.910422 0.194279 0.911695 0.200746 0.910422 0.200746 0.911695 0.916149 0.731104 0.916149 0.738803 0.916149 0.745652 0.916149 0.751370 0.916149 0.277282 0.916149 0.269583 0.916149 0.257016 0.916149 0.542851 0.916149 0.548570 0.916149 0.555419 0.916149 0.563118 0.916149 0.457408 0.916149 0.449709 0.464182 0.915881 0.464182 0.919604 0.470650 0.915881 0.470650 0.919604 
						0.028387 0.919604 0.021117 0.915882 0.028387 0.915882 0.021117 0.919604 0.014650 0.915882 0.009250 0.919604 0.009250 0.915882 0.464182 0.923207 0.470650 0.923207 0.028387 0.923207 0.021117 0.923207 0.014650 0.919604 0.009250 0.923207 0.456913 0.926603 0.464182 0.926603 0.470650 0.926603 0.028387 0.926603 0.021117 0.926603 0.014650 0.923207 0.009250 0.926603 0.479638 0.676924 0.481765 0.673391 0.475163 0.671382 0.477307 0.667960 0.379899 0.679624 0.384473 0.675438 0.382096 0.683330 0.382420 0.671838 0.389094 0.669989 0.394847 0.668219 0.484099 0.670202 0.479403 0.664717 0.377182 0.676434 0.380155 0.668576 0.387030 0.666498 0.390705 0.661169 0.490328 0.676220 0.487066 0.667593 0.481516 0.661577 0.373738 0.674477 0.377239 0.665876 0.385011 0.663189 0.280359 0.915881 0.280359 0.919604 0.286826 0.919604 0.286826 0.915881 0.294096 0.919604 0.274959 0.923207 0.280359 0.923207 0.286826 0.923207 0.294096 0.923207 0.280359 0.926603 0.286826 0.926603 0.294096 0.926603 0.387030 0.880387 0.380386 0.878404 0.382512 0.874840 0.384900 0.883838 0.378053 0.881627 0.382819 0.887116 0.375078 0.884275 0.371746 0.875590 0.194279 0.915882 0.194279 0.919604 
						0.200746 0.915882 0.200746 0.919604 0.194279 0.923207 0.200746 0.923207 0.187009 0.926603 0.194279 0.926603 0.200746 0.926603 0.482195 0.870889 0.477664 0.875061 0.480006 0.867211 0.479717 0.878630 0.473087 0.880503 0.469596 0.885802 0.484899 0.874048 0.481982 0.881857 0.475164 0.883963 0.488319 0.875979 0.484887 0.884518 0.477196 0.887236 0.472900 0.892918 0.017079 0.247813 0.151359 0.242020 0.151359 0.247812 0.017078 0.242020 0.151359 0.235050 0.017078 0.227214 0.151359 0.227212 0.330925 0.019076 0.487831 0.024861 0.330925 0.024865 0.487831 0.031832 0.330924 0.031836 0.330924 0.039676 0.330916 0.539012 0.487831 0.546850 0.330916 0.546851 0.330916 0.553822 0.487831 0.553822 0.330916 0.559612 0.330916 0.330848 0.487830 0.336639 0.330916 0.336638 0.487830 0.343611 0.330916 0.343609 0.330915 0.351449 0.014650 0.911695 0.294096 0.915881 0.916149 0.183002 0.340463 0.157427 0.487832 0.180318 0.330920 0.227211 0.724869 0.822090 0.588807 0.813081 0.947179 0.813069 0.155363 0.111855 0.151381 0.112940 0.153549 0.110853 0.068052 0.923207 0.068052 0.919604 0.107698 0.923207 0.107698 0.919604 0.068052 0.926603 0.107698 0.926603 0.490095 0.825452 
						0.487015 0.823872 0.492175 0.776170 0.488977 0.776138 0.068052 0.915882 0.107698 0.915882 0.068052 0.911695 0.068052 0.910422 0.107698 0.911695 0.107698 0.910422 0.484429 0.821943 0.486225 0.776111 0.952187 0.689097 0.952187 0.647111 0.950836 0.647111 0.916149 0.605124 0.916149 0.647111 0.493644 0.826239 0.495770 0.776207 0.374981 0.726985 0.373020 0.775008 0.375789 0.775036 0.334811 0.926603 0.334811 0.923207 0.375504 0.926603 0.375504 0.923207 0.151361 0.539014 0.017082 0.492110 0.151361 0.492108 0.017081 0.445233 0.151360 0.445231 0.368307 0.724597 0.371880 0.725391 0.366186 0.774941 0.369803 0.774976 0.334811 0.919604 0.334811 0.915881 0.375504 0.919604 0.375504 0.915881 0.334811 0.911695 0.375504 0.911695 0.916149 0.320400 0.916149 0.363496 0.950836 0.363496 0.952187 0.406591 0.952187 0.363496 0.294096 0.910422 0.334811 0.910422 0.375504 0.910422 0.330915 0.445230 0.487831 0.398355 0.487831 0.445230 0.330915 0.398354 0.487831 0.492105 0.330915 0.492106 0.487831 0.539009 0.330921 0.101296 0.340462 0.109461 0.729804 0.888212 0.963969 0.861512 0.963958 0.890063 0.149941 0.161096 0.151359 0.165588 0.141862 0.157664 0.584782 0.834845 
						0.568733 0.861517 0.568918 0.833088 0.151360 0.343609 0.017080 0.351448 0.017080 0.343610 0.017080 0.336642 0.151360 0.336640 0.017080 0.330849 0.151360 0.330848 0.151361 0.553823 0.017082 0.559616 0.017082 0.553823 0.151361 0.546853 0.017082 0.546855 0.017082 0.539017 0.151368 0.031818 0.017086 0.039642 0.017087 0.031804 0.151367 0.039657 0.017088 0.024836 0.151369 0.024848 0.017089 0.019043 0.151369 0.019057 0.487830 0.235059 0.487830 0.227219 0.330919 0.235051 0.330918 0.242022 0.487831 0.242030 0.330918 0.247813 0.487831 0.247818 0.326921 0.111873 0.330904 0.112979 0.329957 0.114901 0.017082 0.086550 0.487830 0.330851 0.487831 0.351451 0.330917 0.642647 0.487832 0.559610 0.487833 0.642645 0.146514 0.155395 0.146538 0.158256 0.151379 0.153929 0.149223 0.156415 0.729810 0.834805 0.963969 0.861512 0.729812 0.861508 0.729035 0.828207 0.952995 0.814788 0.960755 0.822482 0.727435 0.824085 0.947178 0.813072 0.152791 0.160852 0.153547 0.156015 0.156274 0.157372 0.151369 0.158286 0.329490 0.160855 0.332346 0.161065 0.330922 0.165590 0.328737 0.156006 0.330917 0.158265 0.587228 0.824108 0.588807 0.813081 0.589807 0.822109 0.585602 0.828237 
						0.579287 0.815905 0.587228 0.824108 0.585602 0.828237 0.572043 0.823037 0.335790 0.155275 0.330909 0.153908 0.332336 0.151244 0.335769 0.158137 0.333072 0.156352 0.152794 0.106016 0.149943 0.105773 0.151362 0.101280 0.151371 0.108583 0.724857 0.900929 0.588789 0.909937 0.589791 0.900901 0.729026 0.894811 0.952993 0.908236 0.727424 0.898933 0.960755 0.900542 0.146516 0.111473 0.149958 0.115593 0.146540 0.108611 0.141864 0.109204 0.149225 0.110453 0.335787 0.111613 0.335766 0.108751 0.333069 0.110536 0.584722 0.888203 0.584561 0.861531 0.585549 0.894798 0.579254 0.907129 0.571997 0.900002 0.587190 0.898916 0.588788 0.909937 0.579254 0.907129 0.329488 0.106031 0.328734 0.110880 0.326004 0.109512 0.332344 0.105822 0.330914 0.108621 0.152326 0.151986 0.149957 0.151275 0.150988 0.147618 0.770503 0.170011 0.776178 0.176275 0.775851 0.176811 0.155360 0.155013 0.152326 0.151986 0.155360 0.155013 0.159707 0.156334 0.322571 0.156332 0.326007 0.157372 0.326925 0.155012 0.329963 0.151986 0.331304 0.147621 0.331327 0.133446 0.487831 0.133446 0.159709 0.110534 0.152327 0.114882 0.150988 0.119250 0.150988 0.119250 0.331296 0.119269 0.326921 0.111873 
						0.322570 0.110551 0.968879 0.829756 0.966663 0.817326 0.970331 0.829441 0.729810 0.834805 0.963958 0.832961 0.326925 0.155012 0.156276 0.109497 0.329957 0.114901 0.332329 0.115644 0.727424 0.898933 0.947176 0.909952 0.724857 0.900929 0.568867 0.889943 0.584722 0.888203 0.888608 0.166598 0.842698 0.176108 0.842415 0.170712 0.784986 0.179910 0.798296 0.179762 0.798346 0.180356 0.890284 0.005016 0.842632 0.011114 0.842519 0.010301 0.797072 0.017976 0.797164 0.018557 0.906681 0.018787 0.904863 0.009321 0.913490 0.013423 0.787854 0.034796 0.786027 0.035651 0.787346 0.034268 0.911827 0.158716 0.917049 0.020551 0.917055 0.160781 0.908540 0.160935 0.913272 0.167747 0.786715 0.170680 0.798216 0.177709 0.785387 0.177061 0.916088 0.170704 0.904902 0.174424 0.915656 0.170065 0.783044 0.169310 0.778029 0.174303 0.905571 0.006024 0.890361 0.005689 0.904992 0.175065 0.889407 0.175535 0.781611 0.168577 0.774844 0.168898 0.902369 0.016473 0.890463 0.007941 0.922184 0.019231 0.915915 0.011208 0.916356 0.010591 0.784230 0.034009 0.777514 0.034624 0.779774 0.029014 0.908544 0.019878 0.799891 0.028454 0.843877 0.020367 0.843979 0.021165 0.773577 0.033765 
						0.771362 0.169776 0.783477 0.166307 0.782256 0.165606 0.783057 0.165440 0.901028 0.019122 0.890202 0.016250 0.901420 0.018464 0.785034 0.179372 0.798435 0.169145 0.842317 0.169001 0.798365 0.169868 0.907947 0.156139 0.905715 0.157655 0.906382 0.155719 0.905475 0.006651 0.890135 0.016996 0.903774 0.159444 0.901004 0.162080 0.900601 0.161335 0.906570 0.158347 0.904352 0.160181 0.789748 0.032340 0.790150 0.032883 0.787427 0.168187 0.787220 0.168823 0.903758 0.021100 0.906486 0.022464 0.905562 0.023154 0.888082 0.163876 0.842271 0.168211 0.786694 0.036070 0.785356 0.037222 0.888253 0.164669 0.777396 0.027119 0.785035 0.022771 0.777774 0.027539 0.922184 0.162117 0.921158 0.019494 0.906641 0.162010 0.904314 0.171689 0.901968 0.164277 0.774320 0.033945 0.889400 0.176214 0.842790 0.178030 0.557307 0.500711 0.568017 0.492387 0.558914 0.503094 0.921115 0.161856 0.788721 0.030715 0.797602 0.020573 0.799084 0.026113 0.904371 0.020444 0.889333 0.173297 0.782396 0.035986 0.784881 0.167150 0.783004 0.166797 0.842901 0.013082 0.843654 0.018632 0.798239 0.171646 0.842826 0.178823 0.785449 0.033059 0.785932 0.024812 0.890351 0.014378 0.907917 0.024733 
						0.786433 0.037325 0.784555 0.167751 0.799390 0.027055 0.799653 0.027786 0.789285 0.031671 0.786582 0.033718 0.786981 0.169599 0.783982 0.168437 0.798293 0.170652 0.901863 0.017644 0.905302 0.019720 0.890281 0.015430 0.888431 0.165520 0.901456 0.162993 0.905264 0.160990 0.843777 0.019581 0.842362 0.169776 0.784054 0.036813 0.785247 0.035017 0.779621 0.166859 0.782413 0.167487 0.781159 0.166013 0.909705 0.023815 0.907464 0.021437 0.911895 0.022164 0.909705 0.157057 0.907489 0.159373 0.797330 0.019430 0.785399 0.023668 0.778580 0.028242 0.776914 0.175358 0.772916 0.169380 0.785158 0.178358 0.798236 0.178881 0.914947 0.012253 0.919331 0.019955 0.905248 0.007828 0.890434 0.006657 0.889408 0.174574 0.904687 0.173221 0.914706 0.168978 0.842748 0.011959 0.775696 0.034249 0.842751 0.177204 0.919288 0.161387 0.784855 0.022293 0.512697 0.283625 0.589396 0.250604 0.578482 0.299303 0.541051 0.173184 0.604855 0.191739 0.540011 0.175676 0.556472 0.499151 0.566374 0.490048 0.576065 0.500656 0.566736 0.511560 0.657371 0.587294 0.657160 0.569841 0.666657 0.576298 0.616132 0.535794 0.606313 0.547286 0.510711 0.299986 0.575024 0.314308 0.574794 0.315485 
						0.659984 0.588509 0.669242 0.577419 0.541814 0.171643 0.605588 0.189100 0.602161 0.202332 0.536570 0.185947 0.542343 0.170517 0.671984 0.022791 0.606403 0.186244 0.522659 0.234299 0.667666 0.010244 0.672680 0.021853 0.556027 0.497997 0.565479 0.488591 0.647771 0.580800 0.606079 0.187398 0.565198 0.487477 0.661743 0.589116 0.670954 0.577980 0.510770 0.297137 0.575991 0.309924 0.575384 0.312699 0.510754 0.298747 0.301367 0.718323 0.303695 0.724314 0.301985 0.724376 0.580503 0.299829 0.300753 0.717236 0.303345 0.717576 0.578283 0.310573 0.166393 0.717385 0.164855 0.715108 0.167048 0.716393 0.570402 0.489930 0.568860 0.487689 0.164033 0.723485 0.164214 0.716784 0.578290 0.498174 0.300981 0.786866 0.303314 0.786624 0.302615 0.788098 0.607208 0.192236 0.607795 0.189661 0.301527 0.785904 0.303717 0.780096 0.604204 0.202801 0.166475 0.786029 0.164116 0.779978 0.166234 0.779897 0.659238 0.567254 0.164943 0.788255 0.164313 0.786626 0.668577 0.573603 0.303718 0.752228 0.302163 0.752229 0.591396 0.251092 0.618326 0.533222 0.164696 0.751777 0.166154 0.723561 0.166682 0.751774 0.302024 0.780031 0.608490 0.187393 0.674025 0.025308 0.567946 0.486234 
						0.577203 0.314873 0.300494 0.716537 0.302656 0.715795 0.577571 0.313223 0.167410 0.715822 0.302083 0.714720 0.165322 0.714134 0.300689 0.787452 0.301770 0.789264 0.167490 0.787590 0.670888 0.574628 0.672375 0.575148 0.165407 0.789264 0.511018 0.294331 0.866525 0.569485 0.889737 0.549280 0.889737 0.569485 0.866525 0.549280 0.889737 0.529396 0.866525 0.529396 0.889737 0.509691 0.866525 0.509691 0.889737 0.489893 0.866525 0.489893 0.889737 0.469799 0.866525 0.469799 0.889737 0.449463 0.866525 0.429080 0.889737 0.429080 0.866525 0.409000 0.889737 0.409000 0.866525 0.389203 0.866525 0.369499 0.889737 0.389203 0.866525 0.349615 0.889737 0.369499 0.889737 0.349615 0.866525 0.329429 0.889737 0.329429 0.230493 0.724499 0.219495 0.730011 0.866525 0.589855 0.889737 0.589855 0.866525 0.309000 0.219399 0.775485 0.230368 0.781025 0.084700 0.778424 0.106748 0.765977 0.086600 0.782237 0.864425 0.589855 0.103436 0.763295 0.117940 0.742931 0.864425 0.569485 0.113841 0.741866 0.117946 0.717679 0.864425 0.549280 0.113844 0.718393 0.106755 0.695229 0.864425 0.529396 0.103440 0.697532 0.086600 0.680041 0.864425 0.509691 0.084704 0.683422 0.061482 0.675116 
						0.864425 0.489893 0.061355 0.678853 0.036349 0.681406 0.864425 0.469799 0.866525 0.449463 0.019256 0.699833 0.037996 0.684710 0.864425 0.429080 0.864425 0.449463 0.008846 0.721227 0.016196 0.697685 0.864425 0.409000 0.008831 0.744682 0.005005 0.720705 0.864425 0.389203 0.019223 0.765550 0.004996 0.745942 0.864425 0.369499 0.037966 0.779680 0.016182 0.768394 0.864425 0.349615 0.061339 0.784274 0.036348 0.783594 0.864425 0.329429 0.061486 0.788534 0.864425 0.309000 0.261570 0.740318 0.262485 0.752881 0.259852 0.741059 0.891817 0.569485 0.253773 0.730135 0.252564 0.731512 0.891817 0.549280 0.242674 0.724528 0.242174 0.726246 0.891817 0.529396 0.230767 0.726219 0.891817 0.509691 0.220475 0.731399 0.891817 0.489893 0.211900 0.740135 0.213373 0.740897 0.891817 0.469799 0.209189 0.752701 0.210827 0.752739 0.891817 0.449463 0.213314 0.764625 0.211858 0.765403 0.891817 0.429080 0.220380 0.774101 0.891817 0.409000 0.230648 0.779306 0.891817 0.389203 0.242025 0.779317 0.242514 0.781028 0.891817 0.369499 0.252372 0.774144 0.253564 0.775516 0.891817 0.349615 0.259628 0.764723 0.261299 0.765500 0.891817 0.329429 0.264354 0.752859 0.889737 0.309000 
						0.891817 0.309000 0.888253 0.297211 0.851819 0.252452 0.888253 0.252452 0.071473 0.282595 0.074633 0.282655 0.888253 0.244109 0.851819 0.199341 0.888253 0.199341 0.840424 0.196068 0.826778 0.194287 0.888253 0.247382 0.851819 0.249163 0.851819 0.247382 0.074634 0.296005 0.071473 0.296065 0.840424 0.297211 0.826778 0.252452 0.840424 0.252452 0.851819 0.244109 0.840424 0.199341 0.851819 0.297211 0.840424 0.249163 0.840424 0.247382 0.812369 0.196068 0.783314 0.194287 0.812369 0.194287 0.826778 0.249163 0.826778 0.247382 0.826778 0.196068 0.840424 0.244109 0.826778 0.199341 0.812369 0.199341 0.783314 0.244109 0.783314 0.199341 0.826778 0.244109 0.812369 0.297211 0.812369 0.252452 0.812369 0.249163 0.812369 0.247382 0.770499 0.192372 0.783314 0.192372 0.783314 0.297211 0.783314 0.252452 0.783314 0.249163 0.783314 0.247382 0.565688 0.014869 0.564339 0.011371 0.565637 0.008955 0.783314 0.251079 0.770499 0.252452 0.770499 0.251079 0.783314 0.197972 0.770499 0.199341 0.770499 0.197972 0.770499 0.190998 0.783314 0.190998 0.072653 0.282928 0.072187 0.283067 0.071994 0.283401 0.071994 0.295259 0.072187 0.295593 0.072653 0.295732 0.074032 0.283401 
						0.073834 0.283067 0.073357 0.282928 0.073357 0.295732 0.073835 0.295594 0.074032 0.295259 0.888253 0.245479 0.851819 0.245479 0.888253 0.197972 0.851819 0.197972 0.888253 0.194287 0.851819 0.192372 0.888253 0.192372 0.888253 0.190998 0.888253 0.249163 0.851819 0.251079 0.840424 0.251079 0.840424 0.245479 0.840424 0.197972 0.840424 0.190998 0.840424 0.192372 0.826778 0.245479 0.826778 0.197972 0.826778 0.192372 0.826778 0.190998 0.826778 0.251079 0.812369 0.251079 0.812369 0.245479 0.812369 0.244109 0.812369 0.197972 0.812369 0.190998 0.812369 0.192372 0.783314 0.196068 0.770499 0.247382 0.783314 0.245479 0.770499 0.194287 0.770499 0.249163 0.770499 0.244109 0.888253 0.196068 0.564794 0.014248 0.563122 0.012939 0.564365 0.012605 0.563960 0.015527 0.560989 0.013287 0.565393 0.016680 0.562619 0.017041 0.641121 0.014379 0.642840 0.013054 0.641974 0.015706 0.645017 0.013413 0.643363 0.017277 0.640196 0.015008 0.640484 0.016896 0.640938 0.018895 0.641216 0.009674 0.642915 0.011052 0.641612 0.011450 0.642105 0.008304 0.644984 0.010474 0.640326 0.009001 0.640641 0.007084 0.643415 0.006624 0.564746 0.009615 0.563057 0.010968 0.563865 0.008244 
						0.561018 0.010395 0.562573 0.006584 0.565318 0.007011 0.564907 0.005002 0.641574 0.012704 0.564953 0.018575 0.641052 0.005000 0.770499 0.196068 0.511229 0.693222 0.590324 0.706396 0.511229 0.706396 0.511229 0.719570 0.590324 0.732744 0.511229 0.732744 0.511229 0.745918 0.590324 0.745918 0.511229 0.759092 0.590324 0.772266 0.511229 0.772266 0.511229 0.785440 0.511229 0.601004 0.590324 0.614178 0.511229 0.614178 0.511229 0.627352 0.590324 0.640526 0.511229 0.640526 0.590324 0.653700 0.511229 0.653700 0.511229 0.666874 0.604440 0.719570 0.590324 0.719570 0.590324 0.680048 0.511229 0.680048 0.604440 0.693222 0.620290 0.706396 0.604440 0.706396 0.604440 0.785440 0.590324 0.785440 0.590324 0.666874 0.604440 0.653700 0.604440 0.666874 0.604440 0.759092 0.590324 0.759092 0.604440 0.627352 0.604440 0.640526 0.604440 0.732744 0.604440 0.601004 0.604440 0.614178 0.590324 0.693222 0.604440 0.680048 0.604440 0.772266 0.604440 0.745918 0.590324 0.627352 0.620290 0.640526 0.637631 0.627352 0.637631 0.640526 0.620290 0.614178 0.620290 0.627352 0.620290 0.719570 0.620290 0.732744 0.620290 0.653700 0.620290 0.745918 0.620290 0.666874 0.620290 0.759092 
						0.620290 0.680048 0.620290 0.772266 0.620290 0.693222 0.620290 0.785440 0.620290 0.601004 0.637631 0.732744 0.661868 0.745918 0.637631 0.745918 0.637631 0.653700 0.637631 0.666874 0.637631 0.759092 0.637631 0.680048 0.637631 0.772266 0.637631 0.693222 0.637631 0.785440 0.637631 0.601004 0.637631 0.614178 0.637631 0.706396 0.637631 0.719570 0.661868 0.680048 0.696160 0.666874 0.696160 0.680048 0.661868 0.653700 0.661868 0.666874 0.661868 0.759092 0.661868 0.772266 0.661868 0.693222 0.661868 0.785440 0.661868 0.601004 0.661868 0.614178 0.661868 0.706396 0.661868 0.627352 0.661868 0.719570 0.661868 0.640526 0.661868 0.732744 0.696160 0.614178 0.701899 0.601004 0.701899 0.614178 0.696160 0.772266 0.696160 0.693222 0.696160 0.785440 0.696160 0.601004 0.696160 0.706396 0.696160 0.627352 0.696160 0.719570 0.696160 0.640526 0.696160 0.732744 0.696160 0.653700 0.696160 0.745918 0.696160 0.759092 0.983859 0.005005 0.985975 0.021974 0.983996 0.021986 0.701899 0.693222 0.701899 0.706396 0.701899 0.627352 0.701899 0.719570 0.701899 0.640526 0.701899 0.732744 0.701899 0.653700 0.701899 0.745918 0.701899 0.666874 0.701899 0.759092 0.701899 0.680048 
						0.701899 0.772266 0.701899 0.785440 0.881579 0.670293 0.858561 0.658744 0.881579 0.658744 0.989444 0.217364 0.988478 0.234249 0.988205 0.217381 0.983861 0.234623 0.986005 0.217387 0.986121 0.234634 0.989458 0.201111 0.988205 0.201108 0.984009 0.201109 0.983997 0.217396 0.988249 0.184756 0.989496 0.184767 0.984004 0.184767 0.986039 0.201104 0.988254 0.168347 0.989495 0.168348 0.986014 0.168347 0.986045 0.184766 0.989513 0.118965 0.988204 0.102730 0.989436 0.102733 0.983975 0.151887 0.983965 0.168348 0.989526 0.135386 0.988247 0.151896 0.988272 0.135394 0.984007 0.135388 0.986029 0.151882 0.989502 0.151889 0.881579 0.612549 0.858561 0.624098 0.858561 0.612549 0.858561 0.601000 0.881579 0.601000 0.881579 0.704939 0.858561 0.716488 0.858561 0.704939 0.858561 0.647195 0.881579 0.647195 0.881579 0.624098 0.858561 0.635646 0.881579 0.751134 0.858561 0.762683 0.858561 0.751134 0.858561 0.739586 0.881579 0.739586 0.858561 0.728037 0.881579 0.728037 0.881579 0.693390 0.858561 0.681842 0.881579 0.681842 0.776366 0.452674 0.813193 0.433324 0.815499 0.444069 0.881579 0.716488 0.858561 0.693390 0.858561 0.670293 0.856006 0.681842 0.856006 0.670293 
						0.851473 0.681842 0.851473 0.670293 0.856006 0.658744 0.851473 0.658744 0.856006 0.647195 0.851473 0.647195 0.856006 0.635646 0.851473 0.635646 0.856006 0.624098 0.851473 0.624098 0.856006 0.612549 0.851473 0.612549 0.856006 0.601000 0.851473 0.601000 0.856006 0.762683 0.856006 0.751134 0.851473 0.751134 0.856006 0.739586 0.851473 0.739586 0.856006 0.728037 0.851473 0.728037 0.856006 0.716488 0.851473 0.716488 0.856006 0.704939 0.851473 0.704939 0.856006 0.693390 0.851473 0.693390 0.980626 0.038031 0.981819 0.054173 0.980596 0.054170 0.980629 0.102739 0.981832 0.118972 0.980589 0.118958 0.980585 0.070438 0.981821 0.070427 0.980525 0.168345 0.981771 0.184772 0.980535 0.184775 0.980617 0.086630 0.981858 0.086628 0.980573 0.201112 0.981815 0.201102 0.981861 0.102749 0.980568 0.217364 0.981818 0.217372 0.988258 0.118969 0.980269 0.233927 0.981545 0.234240 0.980493 0.151876 0.981778 0.168352 0.980285 0.005703 0.981858 0.022008 0.980625 0.022017 0.981851 0.038042 0.981763 0.135383 0.981760 0.151876 0.989375 0.022000 0.988415 0.005392 0.989668 0.005701 0.984015 0.038033 0.986018 0.038024 0.989380 0.038020 0.988145 0.021978 0.984027 0.054176 
						0.986046 0.054168 0.988227 0.054176 0.988155 0.038017 0.986025 0.070432 0.984005 0.070438 0.989473 0.054172 0.988237 0.070435 0.984004 0.086625 0.986018 0.086623 0.989422 0.086623 0.989461 0.070437 0.984037 0.102739 0.986052 0.102736 0.988192 0.086612 0.984029 0.118969 0.986063 0.118962 0.881579 0.635646 0.986056 0.135384 0.982936 0.118968 0.982902 0.135385 0.982875 0.151886 0.982864 0.168350 0.982903 0.184770 0.982917 0.201109 0.982911 0.217387 0.982690 0.234506 0.982705 0.005120 0.982927 0.021995 0.982938 0.038035 0.982939 0.054174 0.982918 0.070436 0.982926 0.086626 0.982955 0.102741 0.987153 0.118962 0.987159 0.135385 0.987133 0.151886 0.987118 0.168347 0.987141 0.184764 0.987128 0.201106 0.987093 0.217383 0.987294 0.234521 0.987251 0.005124 0.987050 0.021976 0.987092 0.038020 0.987131 0.054169 0.987115 0.070434 0.987100 0.086620 0.987136 0.102732 0.980522 0.135379 0.770764 0.387441 0.810339 0.400367 0.770493 0.400551 0.783302 0.477785 0.827969 0.476483 0.787295 0.489894 0.779043 0.335503 0.815491 0.356832 0.775923 0.348337 0.771761 0.374334 0.810678 0.389389 0.771961 0.426879 0.810671 0.411342 0.811578 0.422410 0.773936 0.439842 
						0.818467 0.454836 0.822435 0.465557 0.822440 0.335347 0.818430 0.346123 0.813193 0.367555 0.811616 0.378418 0.818609 0.379262 0.839084 0.391094 0.817789 0.389846 0.779653 0.465314 0.787057 0.310378 0.782905 0.322875 0.773485 0.361287 0.815780 0.411037 0.812797 0.400356 0.815306 0.400357 0.814023 0.422125 0.813122 0.411193 0.816593 0.421817 0.815609 0.432878 0.818149 0.432396 0.817883 0.443465 0.820386 0.442807 0.820847 0.454047 0.823331 0.453197 0.824766 0.464512 0.832501 0.473126 0.827134 0.463438 0.830319 0.474990 0.832543 0.328040 0.824783 0.336403 0.830478 0.326190 0.828162 0.324621 0.823262 0.347749 0.827156 0.337528 0.820798 0.346896 0.820383 0.358076 0.818114 0.368460 0.817876 0.357425 0.816616 0.379005 0.815594 0.367990 0.815780 0.389680 0.814051 0.378697 0.813128 0.389528 0.770714 0.413730 0.817802 0.410963 0.817315 0.400402 0.818682 0.421599 0.822348 0.442356 0.820033 0.432062 0.825277 0.452599 0.829071 0.462602 0.833989 0.329371 0.829080 0.338420 0.825187 0.348357 0.820069 0.368841 0.822244 0.358536 0.818609 0.379262 0.817789 0.389846 0.511187 0.022179 0.523042 0.007299 0.553936 0.022160 0.825277 0.452599 0.849065 0.454691 
						0.829071 0.462602 0.817315 0.400402 0.838923 0.400330 0.834072 0.471715 0.852906 0.463555 0.833989 0.329371 0.849056 0.346464 0.829080 0.338420 0.839242 0.409639 0.817802 0.410963 0.825187 0.348357 0.845849 0.355129 0.818682 0.421599 0.840158 0.418969 0.822244 0.358536 0.843186 0.363878 0.841502 0.428242 0.820033 0.432062 0.820069 0.368841 0.841295 0.372824 0.822348 0.442356 0.843399 0.437265 0.839900 0.381949 0.845920 0.446092 0.643461 0.243432 0.641351 0.228996 0.643461 0.228996 0.610858 0.243432 0.608747 0.265181 0.608747 0.243432 0.671557 0.243432 0.645727 0.265181 0.645727 0.243432 0.639109 0.243432 0.613100 0.265181 0.613100 0.243432 0.641351 0.243432 0.643461 0.265181 0.641351 0.265181 0.671557 0.342960 0.645727 0.359294 0.645727 0.342960 0.610858 0.228996 0.608747 0.228996 0.645727 0.228996 0.671557 0.228996 0.639109 0.282512 0.613100 0.282512 0.613100 0.314656 0.639109 0.342960 0.613100 0.342960 0.639109 0.359294 0.613100 0.373248 0.613100 0.359294 0.610858 0.342960 0.608747 0.359294 0.608747 0.342960 0.643461 0.282512 0.641351 0.282512 0.610858 0.265181 0.608747 0.282512 0.671557 0.282512 0.645727 0.282512 0.671557 0.373248 
						0.645727 0.373248 0.610858 0.314656 0.608747 0.314656 0.671557 0.314656 0.645727 0.314656 0.641351 0.314656 0.643461 0.342960 0.641351 0.342960 0.613100 0.388842 0.639109 0.405621 0.613100 0.405621 0.639109 0.373248 0.641351 0.359294 0.643461 0.373248 0.641351 0.373248 0.610858 0.359294 0.608748 0.373248 0.610858 0.388842 0.608748 0.405621 0.608748 0.388842 0.643461 0.388842 0.641351 0.388842 0.610858 0.373248 0.645727 0.388842 0.643461 0.298605 0.671557 0.405621 0.645727 0.405621 0.613100 0.417464 0.643461 0.405621 0.641351 0.405621 0.643461 0.417464 0.641351 0.417464 0.610858 0.405621 0.608748 0.417464 0.645727 0.417464 0.610858 0.298605 0.643461 0.314656 0.641351 0.298605 0.608747 0.298605 0.610858 0.282512 0.645727 0.298605 0.671557 0.298605 0.639109 0.298605 0.639109 0.314656 0.613100 0.298605 0.643461 0.359294 0.640209 0.228996 0.640209 0.243432 0.639109 0.228996 0.611999 0.228996 0.611999 0.243432 0.613100 0.228996 0.672677 0.228996 0.672677 0.243432 0.673823 0.228996 0.673823 0.243432 0.644608 0.243432 0.644608 0.228996 0.640209 0.265181 0.611999 0.265181 0.644608 0.265181 0.671557 0.265181 0.672677 0.265181 0.673823 0.265181 
						0.644608 0.342960 0.644608 0.359294 0.640209 0.359294 0.640209 0.342960 0.611999 0.359294 0.611999 0.342960 0.671557 0.359294 0.672677 0.342960 0.672677 0.359294 0.673823 0.342960 0.673823 0.359294 0.611999 0.373248 0.672677 0.373248 0.673823 0.373248 0.644608 0.373248 0.640209 0.373248 0.672677 0.388842 0.671557 0.388842 0.644608 0.388842 0.640209 0.388842 0.611999 0.388842 0.644608 0.405621 0.640209 0.405621 0.672677 0.405621 0.673823 0.388842 0.673823 0.405621 0.672677 0.417464 0.671557 0.417464 0.644608 0.417464 0.640209 0.417464 0.639109 0.417464 0.611999 0.417464 0.610858 0.417464 0.611999 0.405621 0.640209 0.298605 0.640209 0.314656 0.611999 0.298605 0.611999 0.314656 0.640209 0.282512 0.611999 0.282512 0.672677 0.298605 0.672677 0.314656 0.673823 0.298605 0.673823 0.314656 0.672677 0.282512 0.673823 0.282512 0.644608 0.314656 0.644608 0.298605 0.644608 0.282512 0.639109 0.265181 0.752250 0.004998 0.745755 0.064073 0.745755 0.004998 0.760506 0.236400 0.752250 0.122099 0.760506 0.122099 0.177301 0.678254 0.174495 0.691982 0.160424 0.681105 0.704331 0.294425 0.711973 0.353500 0.704331 0.353500 0.698164 0.236400 0.704331 0.122099 
						0.704331 0.236400 0.133420 0.715518 0.145978 0.777021 0.133419 0.789847 0.731187 0.004998 0.711973 0.064073 0.711973 0.004998 0.704331 0.411525 0.711973 0.525827 0.704331 0.525827 0.689423 0.353500 0.684131 0.294425 0.689423 0.294425 0.689423 0.064073 0.684131 0.004998 0.689423 0.004998 0.689423 0.411525 0.684132 0.525827 0.684131 0.411525 0.698164 0.294425 0.760506 0.525827 0.752250 0.411525 0.760506 0.411525 0.741916 0.004998 0.731187 0.122099 0.736998 0.236400 0.731187 0.236400 0.760506 0.064073 0.760506 0.004998 0.741916 0.525827 0.745755 0.411525 0.745755 0.525827 0.736998 0.411525 0.736998 0.525827 0.752250 0.353500 0.745755 0.294425 0.752250 0.294425 0.731188 0.411525 0.731188 0.525827 0.760506 0.353500 0.760506 0.294425 0.741916 0.353500 0.745755 0.353500 0.736998 0.353500 0.741916 0.294425 0.731187 0.294425 0.731188 0.353500 0.752250 0.236400 0.745755 0.122099 0.741916 0.122099 0.741916 0.236400 0.745755 0.236400 0.731187 0.064073 0.736997 0.004998 0.736997 0.064073 0.741916 0.064073 0.698164 0.525827 0.698164 0.411525 0.689423 0.122099 0.684131 0.236400 0.684131 0.122099 0.711973 0.236400 0.344893 0.728343 0.357452 0.789847 
						0.344894 0.777021 0.711973 0.411525 0.698164 0.353500 0.711973 0.294425 0.752250 0.525827 0.711973 0.122099 0.298829 0.689001 0.192042 0.689001 0.698164 0.064073 0.704331 0.004998 0.704331 0.064073 0.698164 0.122099 0.760506 0.541391 0.752250 0.541391 0.760506 0.556357 0.752250 0.556357 0.752250 0.570436 0.760506 0.570436 0.752250 0.583852 0.760506 0.106535 0.752250 0.106535 0.760506 0.091568 0.752250 0.077489 0.760506 0.077489 0.752250 0.064073 0.745755 0.541391 0.745755 0.556357 0.745755 0.570436 0.745755 0.583852 0.745755 0.106535 0.752250 0.091568 0.745755 0.077489 0.736997 0.122099 0.731187 0.106535 0.736997 0.106535 0.731187 0.091568 0.736997 0.091568 0.736997 0.077489 0.731187 0.077489 0.731188 0.541391 0.736998 0.541391 0.731188 0.556357 0.736998 0.570436 0.731188 0.570436 0.736998 0.583852 0.731188 0.583852 0.741916 0.106535 0.741916 0.091568 0.741916 0.077489 0.741916 0.541391 0.741916 0.556357 0.736998 0.556357 0.741916 0.570436 0.741916 0.583852 0.760506 0.366916 0.752250 0.366916 0.760506 0.380995 0.752250 0.380995 0.752250 0.395961 0.760506 0.395961 0.745755 0.366916 0.745755 0.380995 0.745755 0.395961 0.731188 0.366916 
						0.736998 0.366916 0.731188 0.380995 0.736998 0.395961 0.731188 0.395961 0.741916 0.366916 0.736998 0.380995 0.741916 0.380995 0.741916 0.395961 0.760506 0.251964 0.752250 0.251964 0.760506 0.266930 0.752250 0.266930 0.752250 0.281009 0.760506 0.281009 0.745755 0.251964 0.745755 0.266930 0.745755 0.281009 0.711973 0.106535 0.731187 0.251964 0.736998 0.251964 0.731187 0.266930 0.736998 0.281009 0.731187 0.281009 0.736998 0.294425 0.741916 0.251964 0.741916 0.266930 0.736998 0.266930 0.741916 0.281009 0.698164 0.541391 0.689423 0.556357 0.689423 0.541391 0.698164 0.556357 0.689423 0.570436 0.698164 0.583852 0.689423 0.583852 0.689423 0.106535 0.698164 0.106535 0.689423 0.091568 0.698164 0.091568 0.689423 0.077489 0.698164 0.077489 0.689423 0.366916 0.684132 0.541391 0.684132 0.556357 0.684132 0.570436 0.684132 0.583852 0.684131 0.106535 0.684131 0.077489 0.684131 0.064073 0.159493 0.700543 0.146245 0.689151 0.136773 0.701190 0.149467 0.713357 0.174497 0.813382 0.177302 0.827110 0.160425 0.824259 0.159494 0.804821 0.146246 0.816213 0.136775 0.804174 0.149469 0.792007 0.357452 0.715517 0.341403 0.713357 0.354097 0.701190 0.704331 0.106535 
						0.704331 0.091568 0.704331 0.077489 0.704331 0.541391 0.704331 0.556357 0.698164 0.570436 0.704331 0.583852 0.711973 0.091568 0.711973 0.077489 0.711973 0.541391 0.711973 0.570436 0.704331 0.570436 0.711973 0.583852 0.711973 0.556357 0.711973 0.366916 0.698164 0.380995 0.689423 0.380995 0.698164 0.395961 0.689423 0.395961 0.689423 0.251964 0.698164 0.251964 0.684131 0.353500 0.684131 0.366916 0.684131 0.380995 0.684131 0.395961 0.331378 0.700543 0.344626 0.689151 0.330447 0.681105 0.316375 0.691982 0.313569 0.678254 0.316375 0.813382 0.313569 0.827110 0.298829 0.816363 0.698164 0.366916 0.704331 0.380995 0.704331 0.395961 0.704331 0.366916 0.711973 0.395961 0.711973 0.380995 0.711973 0.251964 0.689423 0.266930 0.698164 0.266930 0.689423 0.281009 0.698164 0.281009 0.698164 0.004998 0.684131 0.251964 0.684131 0.266930 0.684131 0.281009 0.331378 0.804821 0.330447 0.824259 0.354097 0.804174 0.341403 0.792007 0.192043 0.816363 0.704331 0.251964 0.704331 0.266930 0.711973 0.281009 0.704331 0.281009 0.711973 0.266930 0.745755 0.091568 0.741916 0.411525 0.985215 0.732270 0.985585 0.746173 0.985215 0.746173 0.985215 0.597179 0.985585 0.611636 
						0.985215 0.611636 0.985215 0.717812 0.985585 0.732270 0.064419 0.986329 0.021485 0.987454 0.021485 0.986329 0.985874 0.611636 0.986641 0.717812 0.985874 0.717812 0.985215 0.448960 0.985585 0.463418 0.985215 0.463418 0.285485 0.986329 0.105331 0.987454 0.105331 0.986329 0.985215 0.301346 0.985585 0.314424 0.985215 0.314424 0.987300 0.732270 0.986930 0.717812 0.987300 0.717812 0.985215 0.502860 0.985585 0.557736 0.985215 0.557736 0.369331 0.992673 0.414973 0.991547 0.414973 0.992673 0.279127 0.975361 0.229510 0.972209 0.279127 0.972209 0.985874 0.342785 0.986641 0.448960 0.985874 0.448960 0.985215 0.477320 0.985585 0.490398 0.985215 0.490398 0.904111 0.992673 0.947045 0.991547 0.947045 0.992673 0.924415 0.975361 0.979769 0.972209 0.979769 0.975361 0.985585 0.502860 0.369331 0.990667 0.326397 0.988335 0.369331 0.988335 0.386551 0.978073 0.444113 0.976552 0.444113 0.978073 0.331197 0.975361 0.331197 0.972209 0.985215 0.759251 0.985585 0.771713 0.985215 0.771713 0.331197 0.978073 0.386551 0.976552 0.985585 0.759251 0.386551 0.975361 0.386551 0.972209 0.985585 0.717812 0.064419 0.992673 0.105331 0.991547 0.105331 0.992673 0.229510 0.975361 
						0.011022 0.972209 0.985585 0.826588 0.985215 0.826588 0.021485 0.992673 0.064419 0.991547 0.444113 0.975361 0.866853 0.972209 0.866853 0.975361 0.444113 0.969497 0.386551 0.971018 0.386551 0.969497 0.985215 0.288884 0.985585 0.301346 0.924415 0.978073 0.979769 0.976552 0.979769 0.978073 0.985215 0.342785 0.985585 0.448960 0.866853 0.978073 0.924415 0.976552 0.985585 0.328327 0.985215 0.328327 0.462436 0.991547 0.462436 0.992673 0.947045 0.990667 0.987957 0.988335 0.987957 0.990667 0.285485 0.991547 0.285485 0.992673 0.987300 0.328327 0.986930 0.314424 0.987300 0.314424 0.987300 0.448960 0.986930 0.342785 0.987300 0.342785 0.987300 0.301346 0.986930 0.288884 0.987300 0.288884 0.985874 0.771713 0.986641 0.826588 0.985874 0.826588 0.986930 0.611636 0.987300 0.611636 0.987300 0.759251 0.986930 0.746173 0.987300 0.746173 0.987300 0.771713 0.986930 0.759251 0.987300 0.502860 0.986930 0.490398 0.987300 0.490398 0.986930 0.477320 0.987300 0.477320 0.987300 0.557736 0.986930 0.502860 0.987300 0.463418 0.986930 0.448960 0.986930 0.597179 0.987300 0.597179 0.986930 0.583276 0.987300 0.583276 0.986930 0.570198 0.987300 0.570198 0.986930 0.557736 
						0.858469 0.986329 0.811006 0.987454 0.811006 0.986329 0.904111 0.986329 0.858469 0.987454 0.811006 0.990667 0.858469 0.988335 0.858469 0.990667 0.987957 0.986329 0.947045 0.987454 0.947045 0.986329 0.229510 0.969497 0.011022 0.971019 0.011022 0.969497 0.331197 0.971018 0.331197 0.969497 0.279127 0.971018 0.279127 0.969497 0.229510 0.971019 0.326397 0.986329 0.285485 0.987454 0.369331 0.986329 0.326397 0.987454 0.326397 0.990667 0.285485 0.988335 0.462436 0.986329 0.414973 0.987454 0.414973 0.986329 0.924415 0.969497 0.866853 0.971018 0.866853 0.969497 0.979769 0.969497 0.924415 0.971018 0.924415 0.972209 0.064419 0.987454 0.985585 0.342785 0.444113 0.972209 0.444113 0.971018 0.904111 0.987454 0.369331 0.987454 0.986930 0.301346 0.987300 0.826588 0.986930 0.771713 0.986930 0.732270 0.986930 0.463418 0.414973 0.990667 0.414973 0.988335 0.985215 0.583276 0.985585 0.597179 0.021485 0.990667 0.064419 0.988335 0.064419 0.990667 0.462436 0.988335 0.811006 0.988335 0.985585 0.477320 0.985215 0.570198 0.985585 0.583276 0.462436 0.990667 0.985585 0.570198 0.105331 0.988335 0.105331 0.990667 0.811006 0.992672 0.858469 0.991547 0.858469 0.992672 
						0.904111 0.991547 0.985874 0.328327 0.986641 0.342785 0.811006 0.991547 0.985874 0.314424 0.986641 0.328327 0.985874 0.502860 0.986641 0.490398 0.986641 0.502860 0.987957 0.991547 0.987957 0.992672 0.985874 0.597179 0.986641 0.611636 0.985874 0.301346 0.986641 0.314424 0.985874 0.490398 0.986641 0.477320 0.904111 0.988335 0.904111 0.990667 0.011022 0.978073 0.229510 0.976552 0.229510 0.978073 0.985874 0.583276 0.986641 0.597179 0.985874 0.288884 0.986641 0.301346 0.985874 0.477320 0.986641 0.463418 0.866853 0.976552 0.985874 0.570198 0.986641 0.583276 0.285485 0.990667 0.985874 0.732270 0.986641 0.732270 0.985874 0.463418 0.279127 0.978073 0.331197 0.976552 0.985874 0.557736 0.986641 0.570198 0.985874 0.746173 0.986641 0.746173 0.462436 0.987454 0.279127 0.976552 0.985874 0.759251 0.986641 0.759251 0.326397 0.991547 0.326397 0.992673 0.986641 0.557736 0.986641 0.771713 0.947045 0.988335 0.369331 0.991547 0.986930 0.328327 0.986641 0.288884 0.987957 0.987454 0.979769 0.971018 0.021485 0.988335 0.986930 0.826588 0.985585 0.288884 0.021485 0.991547 0.011022 0.976552 0.011022 0.975361 0.689423 0.525827 0.829001 0.084019 0.795157 0.086401 
						0.808602 0.062722 0.851119 0.077292 0.832173 0.048999 0.859483 0.048999 0.823915 0.106430 0.809284 0.136669 0.795489 0.113523 0.830275 0.116434 0.832607 0.149794 0.840738 0.121871 0.859262 0.149743 0.852482 0.121528 0.882495 0.136508 0.862566 0.115368 0.896144 0.113359 0.868247 0.104943 0.896391 0.086357 0.867894 0.093078 0.883024 0.062753 0.861660 0.082970 0.836828 0.109304 0.844499 0.104459 0.842877 0.112515 0.823393 0.094553 0.848890 0.086867 0.844540 0.094967 0.841989 0.087054 0.832917 0.096703 0.840807 0.100890 0.833163 0.103531 0.834529 0.111823 0.827497 0.105313 0.829898 0.104566 0.842160 0.103160 0.847207 0.104428 0.849729 0.112270 0.849556 0.103194 0.855560 0.108674 0.850913 0.101008 0.858809 0.102672 0.850932 0.098477 0.858597 0.095868 0.849615 0.096302 0.854978 0.090078 0.847274 0.094970 0.839132 0.077700 0.836125 0.090650 0.840814 0.098291 0.849670 0.083476 0.859045 0.085721 0.857324 0.087558 0.840981 0.083754 0.831788 0.086591 0.840255 0.081332 0.858030 0.111035 0.864554 0.104058 0.859847 0.112755 0.842132 0.115824 0.832836 0.113656 0.850244 0.081022 0.829559 0.095940 0.833626 0.088318 0.862126 0.103481 0.864296 0.094157 
						0.850703 0.115521 0.841567 0.118267 0.827112 0.095379 0.861900 0.094878 0.851426 0.117926 0.830433 0.085325 0.839718 0.079554 0.825282 0.094959 0.825729 0.105862 0.831594 0.115001 0.841161 0.120031 0.851957 0.119684 0.861187 0.114021 0.866342 0.104484 0.866068 0.093623 0.860312 0.084365 0.850666 0.079215 0.841499 0.085441 0.834891 0.089504 0.831289 0.096337 0.831570 0.104033 0.835703 0.110532 0.842511 0.114114 0.850206 0.113870 0.856767 0.109825 0.860428 0.103065 0.860196 0.095392 0.856127 0.088855 0.849279 0.085196 0.842180 0.096101 0.972132 0.827905 0.973972 0.861628 0.973274 0.861627 0.977374 0.861631 0.974607 0.825547 0.976129 0.825224 0.570751 0.807818 0.580373 0.803431 0.581202 0.804106 0.976076 0.898022 0.970926 0.909266 0.974553 0.897699 0.573154 0.810716 0.582602 0.805932 0.582862 0.807509 0.562595 0.893108 0.564636 0.905043 0.561141 0.893422 0.968402 0.907292 0.972747 0.896172 0.969136 0.907889 0.561538 0.861426 0.560041 0.861427 0.951667 0.807647 0.951953 0.806071 0.554150 0.861429 0.556951 0.825337 0.555668 0.861428 0.964266 0.918967 0.972271 0.910175 0.578695 0.922879 0.568212 0.917292 0.578969 0.921240 0.952613 0.921643 
						0.963408 0.917501 0.952895 0.923286 0.570777 0.915016 0.580372 0.919420 0.569896 0.915676 0.958254 0.808363 0.957525 0.809674 0.557505 0.861428 0.559402 0.895003 0.558723 0.895939 0.017080 0.133428 0.150972 0.133434 0.964303 0.804305 0.970957 0.813982 0.963444 0.805771 0.952658 0.801588 0.952943 0.799944 0.578689 0.799944 0.568182 0.805538 0.567337 0.804069 0.560606 0.813742 0.559262 0.812826 0.555426 0.825012 0.581207 0.918744 0.952321 0.919740 0.965435 0.905101 0.958219 0.914914 0.957494 0.913608 0.968821 0.893493 0.966630 0.905920 0.556974 0.897523 0.555450 0.897849 0.567368 0.918758 0.560645 0.909102 0.573178 0.912122 0.582608 0.916921 0.572439 0.913423 0.969900 0.861624 0.971396 0.861626 0.578962 0.801592 0.562976 0.816188 0.558703 0.826919 0.562259 0.815369 0.975857 0.861630 0.951633 0.915587 0.582870 0.915349 0.559303 0.910019 0.961322 0.916349 0.960294 0.916061 0.970274 0.893807 0.565795 0.818618 0.572416 0.809413 0.952363 0.803500 0.952264 0.804178 0.968435 0.815956 0.972801 0.827075 0.561126 0.829435 0.562582 0.829747 0.960330 0.807212 0.961359 0.806923 0.972301 0.813072 0.565830 0.904225 0.564602 0.817801 0.559384 0.827855 
						0.558219 0.861427 0.965468 0.818145 0.563012 0.906656 0.569869 0.807157 0.969169 0.815358 0.562295 0.907476 0.952222 0.919060 0.972078 0.895343 0.971261 0.828904 0.967499 0.816707 0.970099 0.814612 0.973668 0.826082 0.559072 0.861427 0.560220 0.893973 0.557904 0.896969 0.556646 0.861428 0.973614 0.897164 0.974874 0.861629 0.972373 0.861627 0.971206 0.894344 0.557882 0.825890 0.952135 0.805041 0.582118 0.804939 0.568918 0.916447 0.579459 0.920244 0.582120 0.917918 0.571754 0.914245 0.561463 0.908397 0.563842 0.905734 0.967466 0.906541 0.959030 0.915635 0.962572 0.916770 0.952442 0.920603 0.952095 0.918196 0.951915 0.917163 0.571730 0.808591 0.563807 0.817111 0.959065 0.807640 0.560204 0.828885 0.970067 0.908635 0.568889 0.806383 0.579455 0.802599 0.952485 0.802632 0.561425 0.814448 0.962609 0.806502 0.701651 0.962091 0.020991 0.962091 0.020991 0.936972 0.952187 0.183002 0.545938 0.915881 0.545938 0.926603 0.952187 0.745652 0.916149 0.262734 0.916149 0.464257 0.014650 0.926603 0.382986 0.659986 0.380721 0.890297 0.479235 0.890398 0.017078 0.235052 0.487831 0.019072 0.487831 0.039672 0.589807 0.822109 0.152327 0.114882 0.487833 0.086574 
						0.017078 0.180306 0.724869 0.822090 0.579287 0.815905 0.947175 0.909955 0.568867 0.889943 0.587190 0.898916 0.589791 0.900901 0.329963 0.151986 0.906418 0.025230 0.668435 0.009430 0.167161 0.786991 0.891817 0.589855 0.826778 0.297211 0.851819 0.190998 0.888253 0.251079 0.770499 0.245479 0.770499 0.297211 0.590324 0.601004 0.986085 0.005008 0.989754 0.233934 0.881579 0.762683 0.851473 0.762683 0.981540 0.005390 0.834072 0.471715 0.549711 0.040710 0.542086 0.046797 0.532574 0.048972 0.523060 0.046805 0.515429 0.040725 0.511191 0.031936 0.515416 0.013385 0.532554 0.005123 0.542068 0.007290 0.549699 0.013370 0.553941 0.031917 0.852910 0.337561 0.639109 0.388842 0.673823 0.417464 0.145978 0.728344 0.689423 0.236400 0.760506 0.583852 0.684131 0.091568 0.344626 0.816213 
					</float_array>
					<technique_common>
						<accessor count="2859" offset="0" source="#meshId0-tex1-array" stride="2">
							<param name="S" type="float" />
							<param name="T" type="float" />
						</accessor>
					</technique_common>
				</source>
				<vertices id="meshId0-vertices">
					<input semantic="POSITION" source="#meshId0-positions" />
				</vertices>
				<polylist count="4540" material="defaultMaterial">
					<input offset="0" semantic="VERTEX" source="#meshId0-vertices" />
					<input offset="0" semantic="NORMAL" source="#meshId0-normals" />
					<input offset="0" semantic="TANGENT" source="#meshId0-tangents" />
					<input offset="0" semantic="BINORMAL" source="#meshId0-bitangents" />
					<input offset="0" semantic="TEXCOORD" source="#meshId0-tex0" set="0" />
					<input offset="0" semantic="TEXCOORD" source="#meshId0-tex1" set="1" />
					<vcount>
						3 3 3 3 3 3 3 3 3 3 3 3 3 3 3 3 3 3 3 3 3 3 3 3 3 3 3 3 3 3 3 3 3 3 3 3 3 3 3 3 3 3 3 3 3 3 3 3 3 3 3 3 3 3 3 3 3 3 3 3 3 3 3 3 
						3 3 3 3 3 3 3 3 3 3 3 3 3 3 3 3 3 3 3 3 3 3 3 3 3 3 3 3 3 3 3 3 3 3 3 3 3 3 3 3 3 3 3 3 3 3 3 3 3 3 3 3 3 3 3 3 3 3 3 3 3 3 3 3 
						3 3 3 3 3 3 3 3 3 3 3 3 3 3 3 3 3 3 3 3 3 3 3 3 3 3 3 3 3 3 3 3 3 3 3 3 3 3 3 3 3 3 3 3 3 3 3 3 3 3 3 3 3 3 3 3 3 3 3 3 3 3 3 3 
						3 3 3 3 3 3 3 3 3 3 3 3 3 3 3 3 3 3 3 3 3 3 3 3 3 3 3 3 3 3 3 3 3 3 3 3 3 3 3 3 3 3 3 3 3 3 3 3 3 3 3 3 3 3 3 3 3 3 3 3 3 3 3 3 
						3 3 3 3 3 3 3 3 3 3 3 3 3 3 3 3 3 3 3 3 3 3 3 3 3 3 3 3 3 3 3 3 3 3 3 3 3 3 3 3 3 3 3 3 3 3 3 3 3 3 3 3 3 3 3 3 3 3 3 3 3 3 3 3 
						3 3 3 3 3 3 3 3 3 3 3 3 3 3 3 3 3 3 3 3 3 3 3 3 3 3 3 3 3 3 3 3 3 3 3 3 3 3 3 3 3 3 3 3 3 3 3 3 3 3 3 3 3 3 3 3 3 3 3 3 3 3 3 3 
						3 3 3 3 3 3 3 3 3 3 3 3 3 3 3 3 3 3 3 3 3 3 3 3 3 3 3 3 3 3 3 3 3 3 3 3 3 3 3 3 3 3 3 3 3 3 3 3 3 3 3 3 3 3 3 3 3 3 3 3 3 3 3 3 
						3 3 3 3 3 3 3 3 3 3 3 3 3 3 3 3 3 3 3 3 3 3 3 3 3 3 3 3 3 3 3 3 3 3 3 3 3 3 3 3 3 3 3 3 3 3 3 3 3 3 3 3 3 3 3 3 3 3 3 3 3 3 3 3 
						3 3 3 3 3 3 3 3 3 3 3 3 3 3 3 3 3 3 3 3 3 3 3 3 3 3 3 3 3 3 3 3 3 3 3 3 3 3 3 3 3 3 3 3 3 3 3 3 3 3 3 3 3 3 3 3 3 3 3 3 3 3 3 3 
						3 3 3 3 3 3 3 3 3 3 3 3 3 3 3 3 3 3 3 3 3 3 3 3 3 3 3 3 3 3 3 3 3 3 3 3 3 3 3 3 3 3 3 3 3 3 3 3 3 3 3 3 3 3 3 3 3 3 3 3 3 3 3 3 
						3 3 3 3 3 3 3 3 3 3 3 3 3 3 3 3 3 3 3 3 3 3 3 3 3 3 3 3 3 3 3 3 3 3 3 3 3 3 3 3 3 3 3 3 3 3 3 3 3 3 3 3 3 3 3 3 3 3 3 3 3 3 3 3 
						3 3 3 3 3 3 3 3 3 3 3 3 3 3 3 3 3 3 3 3 3 3 3 3 3 3 3 3 3 3 3 3 3 3 3 3 3 3 3 3 3 3 3 3 3 3 3 3 3 3 3 3 3 3 3 3 3 3 3 3 3 3 3 3 
						3 3 3 3 3 3 3 3 3 3 3 3 3 3 3 3 3 3 3 3 3 3 3 3 3 3 3 3 3 3 3 3 3 3 3 3 3 3 3 3 3 3 3 3 3 3 3 3 3 3 3 3 3 3 3 3 3 3 3 3 3 3 3 3 
						3 3 3 3 3 3 3 3 3 3 3 3 3 3 3 3 3 3 3 3 3 3 3 3 3 3 3 3 3 3 3 3 3 3 3 3 3 3 3 3 3 3 3 3 3 3 3 3 3 3 3 3 3 3 3 3 3 3 3 3 3 3 3 3 
						3 3 3 3 3 3 3 3 3 3 3 3 3 3 3 3 3 3 3 3 3 3 3 3 3 3 3 3 3 3 3 3 3 3 3 3 3 3 3 3 3 3 3 3 3 3 3 3 3 3 3 3 3 3 3 3 3 3 3 3 3 3 3 3 
						3 3 3 3 3 3 3 3 3 3 3 3 3 3 3 3 3 3 3 3 3 3 3 3 3 3 3 3 3 3 3 3 3 3 3 3 3 3 3 3 3 3 3 3 3 3 3 3 3 3 3 3 3 3 3 3 3 3 3 3 3 3 3 3 
						3 3 3 3 3 3 3 3 3 3 3 3 3 3 3 3 3 3 3 3 3 3 3 3 3 3 3 3 3 3 3 3 3 3 3 3 3 3 3 3 3 3 3 3 3 3 3 3 3 3 3 3 3 3 3 3 3 3 3 3 3 3 3 3 
						3 3 3 3 3 3 3 3 3 3 3 3 3 3 3 3 3 3 3 3 3 3 3 3 3 3 3 3 3 3 3 3 3 3 3 3 3 3 3 3 3 3 3 3 3 3 3 3 3 3 3 3 3 3 3 3 3 3 3 3 3 3 3 3 
						3 3 3 3 3 3 3 3 3 3 3 3 3 3 3 3 3 3 3 3 3 3 3 3 3 3 3 3 3 3 3 3 3 3 3 3 3 3 3 3 3 3 3 3 3 3 3 3 3 3 3 3 3 3 3 3 3 3 3 3 3 3 3 3 
						3 3 3 3 3 3 3 3 3 3 3 3 3 3 3 3 3 3 3 3 3 3 3 3 3 3 3 3 3 3 3 3 3 3 3 3 3 3 3 3 3 3 3 3 3 3 3 3 3 3 3 3 3 3 3 3 3 3 3 3 3 3 3 3 
						3 3 3 3 3 3 3 3 3 3 3 3 3 3 3 3 3 3 3 3 3 3 3 3 3 3 3 3 3 3 3 3 3 3 3 3 3 3 3 3 3 3 3 3 3 3 3 3 3 3 3 3 3 3 3 3 3 3 3 3 3 3 3 3 
						3 3 3 3 3 3 3 3 3 3 3 3 3 3 3 3 3 3 3 3 3 3 3 3 3 3 3 3 3 3 3 3 3 3 3 3 3 3 3 3 3 3 3 3 3 3 3 3 3 3 3 3 3 3 3 3 3 3 3 3 3 3 3 3 
						3 3 3 3 3 3 3 3 3 3 3 3 3 3 3 3 3 3 3 3 3 3 3 3 3 3 3 3 3 3 3 3 3 3 3 3 3 3 3 3 3 3 3 3 3 3 3 3 3 3 3 3 3 3 3 3 3 3 3 3 3 3 3 3 
						3 3 3 3 3 3 3 3 3 3 3 3 3 3 3 3 3 3 3 3 3 3 3 3 3 3 3 3 3 3 3 3 3 3 3 3 3 3 3 3 3 3 3 3 3 3 3 3 3 3 3 3 3 3 3 3 3 3 3 3 3 3 3 3 
						3 3 3 3 3 3 3 3 3 3 3 3 3 3 3 3 3 3 3 3 3 3 3 3 3 3 3 3 3 3 3 3 3 3 3 3 3 3 3 3 3 3 3 3 3 3 3 3 3 3 3 3 3 3 3 3 3 3 3 3 3 3 3 3 
						3 3 3 3 3 3 3 3 3 3 3 3 3 3 3 3 3 3 3 3 3 3 3 3 3 3 3 3 3 3 3 3 3 3 3 3 3 3 3 3 3 3 3 3 3 3 3 3 3 3 3 3 3 3 3 3 3 3 3 3 3 3 3 3 
						3 3 3 3 3 3 3 3 3 3 3 3 3 3 3 3 3 3 3 3 3 3 3 3 3 3 3 3 3 3 3 3 3 3 3 3 3 3 3 3 3 3 3 3 3 3 3 3 3 3 3 3 3 3 3 3 3 3 3 3 3 3 3 3 
						3 3 3 3 3 3 3 3 3 3 3 3 3 3 3 3 3 3 3 3 3 3 3 3 3 3 3 3 3 3 3 3 3 3 3 3 3 3 3 3 3 3 3 3 3 3 3 3 3 3 3 3 3 3 3 3 3 3 3 3 3 3 3 3 
						3 3 3 3 3 3 3 3 3 3 3 3 3 3 3 3 3 3 3 3 3 3 3 3 3 3 3 3 3 3 3 3 3 3 3 3 3 3 3 3 3 3 3 3 3 3 3 3 3 3 3 3 3 3 3 3 3 3 3 3 3 3 3 3 
						3 3 3 3 3 3 3 3 3 3 3 3 3 3 3 3 3 3 3 3 3 3 3 3 3 3 3 3 3 3 3 3 3 3 3 3 3 3 3 3 3 3 3 3 3 3 3 3 3 3 3 3 3 3 3 3 3 3 3 3 3 3 3 3 
						3 3 3 3 3 3 3 3 3 3 3 3 3 3 3 3 3 3 3 3 3 3 3 3 3 3 3 3 3 3 3 3 3 3 3 3 3 3 3 3 3 3 3 3 3 3 3 3 3 3 3 3 3 3 3 3 3 3 3 3 3 3 3 3 
						3 3 3 3 3 3 3 3 3 3 3 3 3 3 3 3 3 3 3 3 3 3 3 3 3 3 3 3 3 3 3 3 3 3 3 3 3 3 3 3 3 3 3 3 3 3 3 3 3 3 3 3 3 3 3 3 3 3 3 3 3 3 3 3 
						3 3 3 3 3 3 3 3 3 3 3 3 3 3 3 3 3 3 3 3 3 3 3 3 3 3 3 3 3 3 3 3 3 3 3 3 3 3 3 3 3 3 3 3 3 3 3 3 3 3 3 3 3 3 3 3 3 3 3 3 3 3 3 3 
						3 3 3 3 3 3 3 3 3 3 3 3 3 3 3 3 3 3 3 3 3 3 3 3 3 3 3 3 3 3 3 3 3 3 3 3 3 3 3 3 3 3 3 3 3 3 3 3 3 3 3 3 3 3 3 3 3 3 3 3 3 3 3 3 
						3 3 3 3 3 3 3 3 3 3 3 3 3 3 3 3 3 3 3 3 3 3 3 3 3 3 3 3 3 3 3 3 3 3 3 3 3 3 3 3 3 3 3 3 3 3 3 3 3 3 3 3 3 3 3 3 3 3 3 3 3 3 3 3 
						3 3 3 3 3 3 3 3 3 3 3 3 3 3 3 3 3 3 3 3 3 3 3 3 3 3 3 3 3 3 3 3 3 3 3 3 3 3 3 3 3 3 3 3 3 3 3 3 3 3 3 3 3 3 3 3 3 3 3 3 3 3 3 3 
						3 3 3 3 3 3 3 3 3 3 3 3 3 3 3 3 3 3 3 3 3 3 3 3 3 3 3 3 3 3 3 3 3 3 3 3 3 3 3 3 3 3 3 3 3 3 3 3 3 3 3 3 3 3 3 3 3 3 3 3 3 3 3 3 
						3 3 3 3 3 3 3 3 3 3 3 3 3 3 3 3 3 3 3 3 3 3 3 3 3 3 3 3 3 3 3 3 3 3 3 3 3 3 3 3 3 3 3 3 3 3 3 3 3 3 3 3 3 3 3 3 3 3 3 3 3 3 3 3 
						3 3 3 3 3 3 3 3 3 3 3 3 3 3 3 3 3 3 3 3 3 3 3 3 3 3 3 3 3 3 3 3 3 3 3 3 3 3 3 3 3 3 3 3 3 3 3 3 3 3 3 3 3 3 3 3 3 3 3 3 3 3 3 3 
						3 3 3 3 3 3 3 3 3 3 3 3 3 3 3 3 3 3 3 3 3 3 3 3 3 3 3 3 3 3 3 3 3 3 3 3 3 3 3 3 3 3 3 3 3 3 3 3 3 3 3 3 3 3 3 3 3 3 3 3 3 3 3 3 
						3 3 3 3 3 3 3 3 3 3 3 3 3 3 3 3 3 3 3 3 3 3 3 3 3 3 3 3 3 3 3 3 3 3 3 3 3 3 3 3 3 3 3 3 3 3 3 3 3 3 3 3 3 3 3 3 3 3 3 3 3 3 3 3 
						3 3 3 3 3 3 3 3 3 3 3 3 3 3 3 3 3 3 3 3 3 3 3 3 3 3 3 3 3 3 3 3 3 3 3 3 3 3 3 3 3 3 3 3 3 3 3 3 3 3 3 3 3 3 3 3 3 3 3 3 3 3 3 3 
						3 3 3 3 3 3 3 3 3 3 3 3 3 3 3 3 3 3 3 3 3 3 3 3 3 3 3 3 3 3 3 3 3 3 3 3 3 3 3 3 3 3 3 3 3 3 3 3 3 3 3 3 3 3 3 3 3 3 3 3 3 3 3 3 
						3 3 3 3 3 3 3 3 3 3 3 3 3 3 3 3 3 3 3 3 3 3 3 3 3 3 3 3 3 3 3 3 3 3 3 3 3 3 3 3 3 3 3 3 3 3 3 3 3 3 3 3 3 3 3 3 3 3 3 3 3 3 3 3 
						3 3 3 3 3 3 3 3 3 3 3 3 3 3 3 3 3 3 3 3 3 3 3 3 3 3 3 3 3 3 3 3 3 3 3 3 3 3 3 3 3 3 3 3 3 3 3 3 3 3 3 3 3 3 3 3 3 3 3 3 3 3 3 3 
						3 3 3 3 3 3 3 3 3 3 3 3 3 3 3 3 3 3 3 3 3 3 3 3 3 3 3 3 3 3 3 3 3 3 3 3 3 3 3 3 3 3 3 3 3 3 3 3 3 3 3 3 3 3 3 3 3 3 3 3 3 3 3 3 
						3 3 3 3 3 3 3 3 3 3 3 3 3 3 3 3 3 3 3 3 3 3 3 3 3 3 3 3 3 3 3 3 3 3 3 3 3 3 3 3 3 3 3 3 3 3 3 3 3 3 3 3 3 3 3 3 3 3 3 3 3 3 3 3 
						3 3 3 3 3 3 3 3 3 3 3 3 3 3 3 3 3 3 3 3 3 3 3 3 3 3 3 3 3 3 3 3 3 3 3 3 3 3 3 3 3 3 3 3 3 3 3 3 3 3 3 3 3 3 3 3 3 3 3 3 3 3 3 3 
						3 3 3 3 3 3 3 3 3 3 3 3 3 3 3 3 3 3 3 3 3 3 3 3 3 3 3 3 3 3 3 3 3 3 3 3 3 3 3 3 3 3 3 3 3 3 3 3 3 3 3 3 3 3 3 3 3 3 3 3 3 3 3 3 
						3 3 3 3 3 3 3 3 3 3 3 3 3 3 3 3 3 3 3 3 3 3 3 3 3 3 3 3 3 3 3 3 3 3 3 3 3 3 3 3 3 3 3 3 3 3 3 3 3 3 3 3 3 3 3 3 3 3 3 3 3 3 3 3 
						3 3 3 3 3 3 3 3 3 3 3 3 3 3 3 3 3 3 3 3 3 3 3 3 3 3 3 3 3 3 3 3 3 3 3 3 3 3 3 3 3 3 3 3 3 3 3 3 3 3 3 3 3 3 3 3 3 3 3 3 3 3 3 3 
						3 3 3 3 3 3 3 3 3 3 3 3 3 3 3 3 3 3 3 3 3 3 3 3 3 3 3 3 3 3 3 3 3 3 3 3 3 3 3 3 3 3 3 3 3 3 3 3 3 3 3 3 3 3 3 3 3 3 3 3 3 3 3 3 
						3 3 3 3 3 3 3 3 3 3 3 3 3 3 3 3 3 3 3 3 3 3 3 3 3 3 3 3 3 3 3 3 3 3 3 3 3 3 3 3 3 3 3 3 3 3 3 3 3 3 3 3 3 3 3 3 3 3 3 3 3 3 3 3 
						3 3 3 3 3 3 3 3 3 3 3 3 3 3 3 3 3 3 3 3 3 3 3 3 3 3 3 3 3 3 3 3 3 3 3 3 3 3 3 3 3 3 3 3 3 3 3 3 3 3 3 3 3 3 3 3 3 3 3 3 3 3 3 3 
						3 3 3 3 3 3 3 3 3 3 3 3 3 3 3 3 3 3 3 3 3 3 3 3 3 3 3 3 3 3 3 3 3 3 3 3 3 3 3 3 3 3 3 3 3 3 3 3 3 3 3 3 3 3 3 3 3 3 3 3 3 3 3 3 
						3 3 3 3 3 3 3 3 3 3 3 3 3 3 3 3 3 3 3 3 3 3 3 3 3 3 3 3 3 3 3 3 3 3 3 3 3 3 3 3 3 3 3 3 3 3 3 3 3 3 3 3 3 3 3 3 3 3 3 3 3 3 3 3 
						3 3 3 3 3 3 3 3 3 3 3 3 3 3 3 3 3 3 3 3 3 3 3 3 3 3 3 3 3 3 3 3 3 3 3 3 3 3 3 3 3 3 3 3 3 3 3 3 3 3 3 3 3 3 3 3 3 3 3 3 3 3 3 3 
						3 3 3 3 3 3 3 3 3 3 3 3 3 3 3 3 3 3 3 3 3 3 3 3 3 3 3 3 3 3 3 3 3 3 3 3 3 3 3 3 3 3 3 3 3 3 3 3 3 3 3 3 3 3 3 3 3 3 3 3 3 3 3 3 
						3 3 3 3 3 3 3 3 3 3 3 3 3 3 3 3 3 3 3 3 3 3 3 3 3 3 3 3 3 3 3 3 3 3 3 3 3 3 3 3 3 3 3 3 3 3 3 3 3 3 3 3 3 3 3 3 3 3 3 3 3 3 3 3 
						3 3 3 3 3 3 3 3 3 3 3 3 3 3 3 3 3 3 3 3 3 3 3 3 3 3 3 3 3 3 3 3 3 3 3 3 3 3 3 3 3 3 3 3 3 3 3 3 3 3 3 3 3 3 3 3 3 3 3 3 3 3 3 3 
						3 3 3 3 3 3 3 3 3 3 3 3 3 3 3 3 3 3 3 3 3 3 3 3 3 3 3 3 3 3 3 3 3 3 3 3 3 3 3 3 3 3 3 3 3 3 3 3 3 3 3 3 3 3 3 3 3 3 3 3 3 3 3 3 
						3 3 3 3 3 3 3 3 3 3 3 3 3 3 3 3 3 3 3 3 3 3 3 3 3 3 3 3 3 3 3 3 3 3 3 3 3 3 3 3 3 3 3 3 3 3 3 3 3 3 3 3 3 3 3 3 3 3 3 3 3 3 3 3 
						3 3 3 3 3 3 3 3 3 3 3 3 3 3 3 3 3 3 3 3 3 3 3 3 3 3 3 3 3 3 3 3 3 3 3 3 3 3 3 3 3 3 3 3 3 3 3 3 3 3 3 3 3 3 3 3 3 3 3 3 3 3 3 3 
						3 3 3 3 3 3 3 3 3 3 3 3 3 3 3 3 3 3 3 3 3 3 3 3 3 3 3 3 3 3 3 3 3 3 3 3 3 3 3 3 3 3 3 3 3 3 3 3 3 3 3 3 3 3 3 3 3 3 3 3 3 3 3 3 
						3 3 3 3 3 3 3 3 3 3 3 3 3 3 3 3 3 3 3 3 3 3 3 3 3 3 3 3 3 3 3 3 3 3 3 3 3 3 3 3 3 3 3 3 3 3 3 3 3 3 3 3 3 3 3 3 3 3 3 3 3 3 3 3 
						3 3 3 3 3 3 3 3 3 3 3 3 3 3 3 3 3 3 3 3 3 3 3 3 3 3 3 3 3 3 3 3 3 3 3 3 3 3 3 3 3 3 3 3 3 3 3 3 3 3 3 3 3 3 3 3 3 3 3 3 3 3 3 3 
						3 3 3 3 3 3 3 3 3 3 3 3 3 3 3 3 3 3 3 3 3 3 3 3 3 3 3 3 3 3 3 3 3 3 3 3 3 3 3 3 3 3 3 3 3 3 3 3 3 3 3 3 3 3 3 3 3 3 3 3 3 3 3 3 
						3 3 3 3 3 3 3 3 3 3 3 3 3 3 3 3 3 3 3 3 3 3 3 3 3 3 3 3 3 3 3 3 3 3 3 3 3 3 3 3 3 3 3 3 3 3 3 3 3 3 3 3 3 3 3 3 3 3 3 3 3 3 3 3 
						3 3 3 3 3 3 3 3 3 3 3 3 3 3 3 3 3 3 3 3 3 3 3 3 3 3 3 3 3 3 3 3 3 3 3 3 3 3 3 3 3 3 3 3 3 3 3 3 3 3 3 3 3 3 3 3 3 3 3 3 3 3 3 3 
						3 3 3 3 3 3 3 3 3 3 3 3 3 3 3 3 3 3 3 3 3 3 3 3 3 3 3 3 3 3 3 3 3 3 3 3 3 3 3 3 3 3 3 3 3 3 3 3 3 3 3 3 3 3 3 3 3 3 3 3 3 3 3 3 
						3 3 3 3 3 3 3 3 3 3 3 3 3 3 3 3 3 3 3 3 3 3 3 3 3 3 3 3 3 3 3 3 3 3 3 3 3 3 3 3 3 3 3 3 3 3 3 3 3 3 3 3 3 3 3 3 3 3 3 3 
					</vcount>
					<p>
						0 1 2 3 4 5 6 7 0 8 9 6 10 8 11 12 11 13 14 15 16 17 16 18 19 20 21 2 17 18 22 23 19 24 22 25 26 25 27 28 29 30 4 30 5 31 32 33 34 35 36 37 38 39 40 41 37 42 43 40 44 45 46 47 44 48 49 34 36 38 33 39 50 51 49 52 53 50 54 55 52 56 54 57 58 59 60 61 60 35 62 47 63 64 63 31 65 31 38 41 65 38 43 66 41 67 68 43 69 70 45 71 69 47 72 71 62 73 62 64 74 64 65 66 74 65 68 75 66 76 77 68 78 79 70 80 78 71 81 80 72 82 72 73 74 82 73 75 83 74 77 84 75 85 86 77 87 79 88 89 88 80 90 89 81 91 81 82 83 91 82 84 92 83 86 93 84 94 95 86 96 97 87 98 87 89 99 100 101 102 98 90 
						103 104 105 106 107 103 108 109 106 110 111 112 113 112 114 92 115 91 116 117 118 93 119 92 95 120 93 121 95 122 123 124 96 125 96 98 126 127 128 129 99 101 107 130 104 109 131 107 109 132 133 134 135 136 113 135 110 137 138 129 116 130 139 140 141 137 142 143 140 144 142 145 146 147 148 149 148 100 150 151 152 153 154 127 155 156 157 158 157 159 160 161 162 163 164 160 165 166 167 168 169 163 170 167 171 172 171 173 174 172 173 175 176 177 127 178 175 179 180 150 181 182 156 183 179 184 185 184 186 187 186 188 189 188 190 191 192 193 152 194 191 195 196 197 198 199 182 200 195 201 202 201 203 204 203 205 206 205 207 208 209 210 211 212 208 213 214 215 197 216 211 217 215 218 219 218 220 221 220 222 223 224 225 226 227 223 196 228 216 229 230 196 
						200 231 229 232 200 202 233 202 204 234 204 206 235 209 212 216 235 212 230 236 228 231 237 230 238 239 231 240 238 232 241 232 233 242 233 234 243 244 235 228 243 235 245 246 247 237 248 236 249 245 247 250 251 249 252 253 250 254 252 255 256 257 258 259 258 260 261 262 239 263 260 246 264 261 240 265 240 241 266 241 242 267 268 243 248 243 236 269 270 271 272 259 263 273 269 271 274 275 273 276 277 274 278 279 276 280 281 282 283 282 284 251 285 245 286 284 270 253 287 251 288 289 253 254 290 288 291 292 256 293 256 259 294 283 286 295 286 269 275 295 269 277 296 275 279 297 277 298 299 279 300 301 280 302 280 283 303 302 294 304 294 295 296 304 295 297 305 296 299 306 297 307 308 299 309 310 300 311 300 302 303 312 311 304 313 303 314 304 305 315 305 306 
						316 306 308 317 308 318 309 319 320 311 321 309 313 322 312 323 324 313 325 323 314 326 314 315 327 315 316 328 316 317 321 329 319 312 330 321 324 331 322 332 333 324 334 332 325 335 325 326 336 326 327 337 327 328 330 338 329 322 339 330 333 340 331 341 342 333 343 341 334 344 334 335 345 335 336 346 336 337 339 347 338 331 348 339 342 349 340 350 351 342 352 350 343 353 343 344 354 344 345 355 345 346 348 356 347 340 357 348 351 358 349 359 360 351 361 359 352 362 352 353 363 353 354 364 354 355 357 365 356 349 366 357 367 368 369 360 370 358 371 367 372 373 372 374 375 374 376 377 376 378 379 380 381 382 383 379 384 385 386 387 388 361 389 384 390 391 390 392 393 392 394 395 394 396 397 398 399 400 401 397 402 403 404 405 361 362 406 407 408 409 410 406 
						411 412 409 413 414 415 416 415 417 418 362 363 419 420 421 422 363 364 366 423 365 358 424 366 425 404 426 408 419 421 427 425 426 428 429 427 430 431 428 432 433 430 434 435 436 437 436 403 166 126 438 439 440 441 167 438 442 171 442 443 173 443 444 445 173 444 446 177 447 128 175 446 105 116 118 18 448 2 448 0 2 20 6 0 23 8 6 24 8 449 24 13 11 450 16 15 28 18 16 35 1 36 7 36 1 7 50 49 9 52 50 10 52 451 12 54 10 452 60 59 14 35 60 21 448 3 32 61 34 34 33 32 53 33 51 53 37 39 55 40 37 453 42 40 58 46 454 58 48 44 63 48 32 101 125 102 102 129 101 119 129 115 119 140 137 120 142 140 121 142 455 123 147 456 123 100 148 91 102 90 117 149 99 99 118 117 141 118 138 141 103 105 
						143 106 103 144 106 457 146 111 458 146 114 112 440 114 117 128 441 126 438 441 139 442 139 130 443 130 131 444 131 133 444 132 445 447 135 446 446 439 128 116 441 440 150 154 459 459 179 150 165 179 460 170 184 165 170 188 186 461 188 172 178 193 176 154 191 178 460 153 166 462 151 180 180 214 462 183 214 463 185 215 183 185 220 218 187 222 220 194 225 192 151 223 194 199 464 168 403 385 404 465 404 385 389 426 465 389 428 427 393 428 391 395 430 393 401 435 398 466 436 401 386 466 400 417 402 420 425 420 402 425 408 421 429 406 408 433 406 431 467 409 433 468 415 414 434 417 415 469 417 420 386 470 368 368 384 386 371 384 471 373 390 371 373 394 392 375 396 394 383 399 380 470 397 383 369 470 382 369 370 472 472 367 369 387 367 473 405 372 387 405 376 374 
						418 378 376 424 381 423 370 379 424 388 472 360 284 272 270 285 270 272 285 273 271 287 274 273 290 274 289 474 276 290 475 282 281 291 284 282 285 263 245 260 476 246 476 247 246 262 249 247 477 250 249 264 252 250 265 255 252 478 258 257 267 260 258 239 476 237 197 169 464 464 195 197 198 195 479 181 201 198 181 205 203 155 207 205 161 208 210 169 208 164 214 480 462 168 481 480 480 199 168 213 199 482 217 182 213 217 157 156 219 159 157 227 162 224 481 160 227 462 481 226 483 484 485 486 487 488 489 490 491 492 493 494 495 496 497 498 499 500 501 502 503 504 505 506 507 508 509 510 511 512 513 514 515 503 516 501 517 518 519 520 521 522 523 524 525 526 527 490 528 529 530 531 532 524 533 522 534 535 515 536 537 538 539 540 541 521 542 539 527 543 544 530 
						545 485 529 546 547 548 514 549 550 549 551 550 552 553 551 554 555 499 556 486 557 558 559 560 561 562 563 564 563 532 487 565 488 566 567 538 568 569 570 571 572 573 562 574 575 576 573 541 544 492 494 577 500 578 493 579 580 581 582 583 583 584 585 584 505 585 586 587 495 588 589 587 589 590 591 526 592 593 593 594 595 594 515 595 596 597 598 599 600 597 600 601 602 603 604 605 604 606 605 607 608 606 531 609 610 609 611 610 612 613 611 614 615 616 616 617 618 617 516 618 520 619 620 620 621 622 621 524 622 623 587 624 624 589 625 589 626 625 627 582 507 628 584 582 584 629 506 630 617 631 617 632 631 615 633 632 502 604 503 604 634 607 607 635 510 537 636 637 637 638 639 638 550 639 640 641 642 643 644 641 644 645 646 566 637 647 647 639 648 639 551 648 
						649 643 640 650 651 643 651 652 645 653 647 654 654 648 655 648 553 655 656 650 649 657 658 650 658 659 652 545 660 661 661 662 663 662 494 663 664 665 666 667 668 665 668 492 669 483 661 670 670 663 671 663 493 671 672 667 664 673 674 667 674 675 492 676 670 677 677 671 678 671 580 678 679 673 672 680 681 673 681 579 675 561 682 683 682 684 683 685 686 684 687 683 688 683 689 688 684 690 689 574 688 691 688 692 691 689 693 692 486 694 557 694 695 696 696 498 577 488 697 486 697 698 695 695 554 498 565 699 488 699 700 698 698 701 554 576 702 703 703 704 705 704 563 705 571 703 706 706 705 707 705 562 707 708 706 709 709 707 710 707 575 710 711 712 713 714 715 712 715 716 556 717 714 711 718 719 714 719 487 716 720 718 717 721 722 718 722 723 487 724 725 726 
						727 728 725 728 729 730 731 732 733 733 734 735 734 736 735 737 738 739 738 740 739 741 742 740 743 744 745 745 746 747 746 748 747 542 593 636 636 595 638 595 514 638 642 599 596 641 749 599 749 646 601 564 610 682 610 685 682 611 750 685 532 622 524 622 702 620 620 540 520 504 629 751 752 753 754 755 756 757 758 759 760 640 761 649 762 763 761 541 763 764 649 765 656 761 766 765 573 766 763 711 767 717 768 769 767 529 769 770 642 762 640 771 764 762 521 764 772 598 773 596 774 775 773 534 775 776 713 768 711 777 770 768 530 770 778 596 771 642 773 772 771 522 772 775 495 779 586 497 780 779 519 780 781 517 782 633 519 783 782 497 783 781 717 784 720 767 785 784 485 785 769 666 786 664 543 787 786 578 787 788 690 789 693 790 791 789 538 791 792 793 794 795 
						795 796 797 796 560 797 672 798 679 799 800 798 499 800 801 750 802 686 803 804 802 527 804 805 686 790 690 802 792 790 539 792 804 613 803 750 806 805 803 490 805 807 507 808 627 509 809 808 512 809 810 510 811 608 512 812 811 509 812 810 664 799 672 786 801 799 500 801 787 813 806 613 814 807 806 491 807 815 816 817 818 797 819 816 820 816 818 821 797 816 822 821 820 737 795 821 823 736 824 825 826 827 828 829 830 831 832 833 834 835 836 747 559 834 837 834 836 838 747 834 839 838 837 840 745 838 841 842 843 740 547 841 844 843 845 739 841 844 846 844 845 793 739 844 847 848 849 735 850 847 851 847 849 852 735 847 853 852 851 854 733 852 855 754 856 857 730 754 858 855 859 725 857 858 860 859 861 726 858 860 862 863 864 865 848 850 743 861 866 840 860 743 
						819 867 817 560 748 819 868 869 870 548 742 868 871 872 830 871 873 874 875 876 877 878 879 880 881 882 879 883 884 885 828 883 829 828 874 886 874 884 886 887 888 889 887 890 891 892 893 894 895 896 897 898 833 899 900 901 902 903 900 752 888 904 903 890 904 891 905 906 907 905 760 908 909 910 911 912 913 914 825 915 912 916 759 917 918 916 919 906 920 918 760 920 908 921 922 824 921 863 923 924 832 925 926 927 928 929 930 931 932 933 934 935 932 823 935 923 936 923 933 936 937 938 939 940 941 942 943 873 944 885 945 946 947 948 887 949 901 890 902 950 951 952 953 752 850 736 954 917 955 956 916 917 957 824 958 921 934 959 960 961 962 963 964 880 965 966 948 947 758 967 954 968 969 958 970 971 972 926 973 974 975 976 977 978 979 980 981 982 983 984 982 985 
						986 987 988 989 990 991 992 993 994 995 994 996 997 998 999 1000 1001 1002 1003 999 1004 1005 1006 981 1007 1008 1001 1009 1004 1010 1011 1012 987 1013 1014 1015 1016 1017 1018 1019 988 993 1020 1021 1022 1023 1024 940 1025 1026 1027 1028 1029 1030 942 1031 978 1032 1033 1034 1035 1036 1037 1015 1038 1005 1039 1021 1029 1040 1041 1042 1040 1043 1044 989 1045 1046 1047 1034 1048 1049 1050 1051 1052 1033 1053 1054 1055 990 1042 1056 1052 1057 1058 1059 1060 1061 1013 1062 1063 1064 1023 1059 1065 1066 1067 1008 1068 1069 1070 1060 1002 1071 1072 1073 1074 1049 1030 1075 1064 1076 975 1077 1010 1017 1078 1079 1025 1074 1080 1081 1082 976 998 980 1067 1083 1084 1085 1072 1086 1080 1012 1037 1087 1035 1087 1051 1050 1027 1055 1088 1078 1048 1089 1045 1090 1091 1092 1074 1090 991 1092 1045 1093 1072 1092 1089 1094 1095 1095 997 1003 1048 1096 1094 1094 1082 997 1075 1097 1098 1098 1011 986 1030 1099 1097 1097 1086 1011 
						1041 1100 1056 1101 975 1100 1044 1101 1041 1102 1064 1101 1091 1103 1021 1090 1081 1103 977 1096 1104 1104 1034 1033 1029 1103 1099 1099 1081 1086 977 1100 975 1104 1056 1100 990 1105 1106 1106 1077 1016 1107 1108 1009 1109 1079 1108 1050 1110 1087 1111 1112 1110 1043 1113 1114 1114 992 995 1084 1106 1016 1093 990 1106 1003 1108 1095 1095 1079 1089 986 1111 1098 1098 1050 1075 992 1110 1112 1113 1087 1110 1062 1114 995 1102 1043 1114 1107 1105 1109 1109 1055 1026 1046 1091 1020 1085 1115 1073 1115 1058 985 1018 1116 1085 1117 1058 1116 1017 1117 1018 1117 1065 1059 1010 1118 1119 1118 1024 1119 1004 1120 1118 1118 1031 941 999 1121 1120 1121 1031 1120 993 1122 1123 1122 1061 1123 988 1124 1122 1122 1038 1014 987 1125 1124 1125 1038 1124 1063 1126 1076 1126 1001 1008 996 1127 1063 1128 1001 1127 994 1128 996 1128 1071 1002 1073 1129 1080 1129 985 982 1010 1130 1017 1119 1065 1130 979 1131 1067 1131 998 976 1012 1129 1125 
						1129 1006 1125 993 1132 994 1123 1071 1132 1008 1131 1126 1131 1076 1126 1133 985 1058 1134 1135 1136 1137 1138 1139 1140 1141 1068 1070 1142 1143 1144 1145 1146 1143 1147 1148 1149 1150 1151 1152 1146 1153 1154 1155 1137 1139 1156 1157 1158 1159 1160 1157 1135 1161 1162 1163 1159 1164 1165 1140 1166 1147 1145 1158 1167 1154 1149 1168 1164 1169 1153 1170 1171 1172 1173 1174 1173 1150 1175 1176 1177 1178 1172 1136 1179 1180 1175 1181 1173 1172 1182 1183 1184 1185 1141 1186 1182 1187 1188 1189 1069 1185 1190 1191 1192 1193 1155 1194 1195 1196 1191 1197 1138 1193 1198 1199 1200 1201 1146 1145 1198 1202 1203 1204 1153 1146 1177 1205 1206 1207 1136 1135 1147 1189 1208 1209 1210 1211 1212 1205 1196 1207 1156 1197 1147 1201 1145 1209 1200 1199 1213 1167 1160 1214 1159 1163 1215 1165 1168 1216 1151 1150 1217 1218 1179 1216 1173 1219 1165 1186 1141 1183 1220 1184 1151 1215 1168 1221 1220 1222 1167 1194 1155 1192 1223 1190 1160 1214 1213 1224 1225 1223 
						1170 1226 1227 1202 1225 1228 1229 1136 1172 1230 1231 1232 1233 1234 1231 1235 1236 1234 1237 1238 1236 1239 1240 1238 1241 1242 1240 1242 1243 1244 1244 1245 1246 1247 1246 1245 1248 1249 1247 1250 1251 1248 1252 1253 1254 1255 1256 1220 1257 1232 1258 1259 1254 1253 1225 1260 1261 1262 1263 1264 1265 1230 1257 1266 1267 1263 1268 1233 1230 1269 1270 1267 1271 1235 1233 1272 1273 1270 1274 1237 1235 1275 1276 1273 1277 1239 1237 1278 1279 1276 1280 1241 1239 1281 1282 1279 1283 1284 1241 1285 1282 1286 1287 1284 1288 1289 1290 1285 1291 1243 1287 1292 1293 1289 1294 1245 1291 1295 1296 1292 1297 1247 1294 1298 1299 1295 1300 1248 1297 1301 1302 1298 1303 1250 1300 1262 1304 1301 1305 1253 1303 1306 1307 1308 1309 1258 1232 1310 1308 1311 1312 1232 1231 1313 1311 1314 1315 1231 1234 1255 1314 1316 1317 1234 1236 1256 1316 1318 1319 1236 1238 1320 1318 1321 1322 1238 1240 1323 1321 1324 1325 1240 1242 1323 1326 1327 1325 1244 1328 1327 1329 1260 
						1328 1246 1330 1260 1331 1261 1330 1249 1332 1261 1333 1334 1332 1251 1335 1334 1336 1337 1335 1252 1338 1337 1339 1340 1338 1254 1341 1340 1307 1342 1341 1343 1344 1286 1281 1262 1345 1346 1347 1348 724 1349 1349 726 840 1350 1351 1352 1353 1354 569 1355 1356 1357 1358 840 839 1359 839 724 1360 1361 1362 1363 1364 1351 1365 1362 1346 1357 1366 1367 1368 1369 1370 1367 1371 1372 1373 1370 1354 1374 1375 1364 1376 1377 1378 1379 1376 1375 1361 1380 1381 1372 1382 1383 1369 1384 1385 1381 1386 1387 1383 1388 1389 1390 1391 1392 1393 1394 1395 1396 1397 1398 1385 1399 1400 1401 1402 1348 1402 1403 1348 1404 1405 1359 1405 1406 1359 1407 1408 1349 1408 1409 1349 1410 1411 1358 1411 1412 1358 1357 1413 1355 1414 1350 1413 568 1415 1416 1416 1352 1351 1417 1418 1419 1418 1420 1419 1421 1422 1356 1422 1347 1346 1362 1422 1346 1423 1356 1422 1363 1424 1374 1414 1367 1424 1351 1425 1416 1416 1353 568 1426 1418 1427 1427 570 569 1372 1424 1367 
						1428 1374 1424 1373 1425 1429 1429 1364 1375 569 1430 1427 1427 1431 1426 1366 1432 1371 1423 1361 1432 1381 1432 1361 1433 1371 1432 1379 1434 1435 1428 1383 1434 1375 1436 1429 1429 1368 1373 1437 1430 1438 1438 1354 1370 1378 1436 1376 1436 1439 1368 1400 1438 1385 1385 1370 1369 1389 1434 1383 1434 1377 1435 1382 1393 1388 1433 1387 1393 1440 1441 1389 1439 1442 1369 1377 1397 1378 1388 1395 1443 1386 1394 1387 1389 1443 1440 1441 1444 1377 1445 570 1417 1446 1447 1448 1449 1450 1447 1390 1449 1446 1451 1452 1449 1453 1454 1455 1455 1456 1457 1458 1455 1459 1459 1457 1460 1461 1462 1463 1464 1465 1462 1466 1464 1461 1467 1468 1464 1469 1470 1471 1471 1472 1473 1392 1471 1474 1474 1473 1475 1463 1454 1476 1462 1456 1454 1458 1451 1390 1451 1460 1477 1392 1467 1466 1474 1478 1467 1391 1447 1470 1470 1450 1472 1479 1396 1398 1480 1481 1482 1481 1483 1482 1483 1484 1485 1484 1486 1485 1487 1488 1486 1488 1489 1490 1489 1491 1490 1492 1493 1494 
						1493 1495 1494 1495 1496 1497 1497 1498 1499 1498 1500 1499 1481 1501 1502 1500 1503 1504 1503 1480 1504 1505 1506 1507 1489 1508 1509 1510 1511 1512 1487 1513 1514 1496 1515 1516 1502 1517 1484 1493 1518 1519 1520 1507 1481 1503 1512 1521 1514 1522 1489 1498 1516 1511 1484 1523 1487 1524 1519 1515 1520 1521 1505 1525 1526 1527 1515 1528 1529 1507 1530 1501 1516 1529 1525 1501 1531 1517 1511 1525 1532 1517 1533 1523 1512 1532 1534 1523 1535 1513 1521 1534 1536 1513 1537 1522 1505 1536 1538 1522 1539 1508 1519 1540 1528 1541 1542 1543 1530 1541 1531 1532 1527 1544 1531 1543 1533 1534 1544 1545 1533 1546 1535 1536 1545 1547 1535 1548 1537 1538 1547 1549 1537 1550 1539 1528 1551 1552 1538 1553 1506 1529 1552 1526 1506 1554 1530 1555 1556 1557 1545 1558 1559 1543 1560 1546 1547 1559 1555 1546 1561 1548 1549 1555 1562 1548 1563 1550 1552 1564 1565 1549 1566 1553 1526 1565 1567 1553 1568 1554 1527 1567 1569 1554 1570 1541 1544 1569 1558 1571 1572 1573 
						1560 1574 1561 1562 1557 1575 1561 1576 1563 1565 1577 1571 1562 1578 1566 1567 1571 1579 1566 1580 1568 1569 1579 1581 1568 1582 1570 1558 1581 1583 1570 1584 1542 1559 1583 1556 1542 1585 1560 1586 1587 1588 1578 1589 1590 1579 1573 1591 1578 1592 1580 1581 1591 1593 1582 1592 1594 1581 1595 1583 1584 1594 1596 1583 1597 1556 1584 1598 1585 1557 1597 1599 1585 1600 1574 1557 1589 1575 1576 1600 1601 1602 1603 1604 1605 1606 1607 1608 1609 1610 1611 1607 1612 1613 1609 1614 1611 1615 1616 1617 1618 1613 1616 1619 1620 1617 1621 1622 1623 1624 1625 1626 1621 1627 1628 1629 1630 1631 1632 1626 1633 1619 1629 1634 1635 1636 1634 1637 1638 1639 1640 1641 1604 1642 1643 1644 1645 1635 1646 1647 1648 1646 1649 1650 1650 1651 1652 1653 1654 1655 1656 1657 1658 1659 1651 1640 1654 1602 1655 1653 1641 1660 1661 1662 1663 1663 1664 1665 1661 1666 1603 1666 1665 1667 1603 1668 1642 1668 1667 1669 1642 1670 1645 1670 1669 1671 1645 1672 1635 1670 1673 1672 
						1635 1674 1636 1672 1675 1674 1636 1676 1637 1674 1677 1676 1648 1678 1679 1678 1680 1679 1649 1679 1681 1679 1682 1681 1651 1681 1683 1683 1682 1684 1640 1683 1685 1683 1686 1685 1641 1685 1687 1685 1688 1687 1660 1687 1689 1687 1690 1689 1660 1662 1654 1689 1664 1662 1691 1692 1693 1694 1695 1696 1697 1692 1698 1699 1700 1701 1702 1698 1703 1704 1700 1705 1702 1706 1694 1707 1705 1708 1623 1630 1709 1710 1708 1711 1712 1713 1699 1714 1715 1716 1716 1717 1691 1712 1718 1719 1720 1721 1722 1723 1587 1724 1725 1726 1720 1727 1724 1728 1725 1729 1730 1727 1731 1732 1733 1734 1729 1735 1731 1736 1737 1734 1738 1739 1736 1740 1625 1741 1737 1742 1740 1743 1643 1645 1744 1742 1745 1631 1718 1746 1747 1746 1631 1747 1718 1748 1719 1748 1631 1626 1713 1748 1749 1748 1627 1749 1700 1749 1750 1749 1617 1750 1700 1751 1705 1751 1617 1613 1705 1752 1708 1752 1613 1614 1708 1753 1711 1753 1614 1608 1715 1754 1755 1754 1588 1755 1717 1755 1756 1755 1723 1756 
						1692 1756 1757 1756 1727 1757 1692 1758 1698 1758 1727 1732 1703 1758 1759 1759 1732 1735 1706 1759 1760 1759 1739 1760 1695 1760 1746 1746 1739 1742 1745 1761 1762 1761 1630 1762 1632 1762 1763 1762 1629 1763 1621 1763 1764 1763 1619 1764 1621 1765 1622 1765 1619 1615 1622 1766 1618 1766 1615 1612 1609 1766 1767 1766 1607 1767 1609 1768 1610 1768 1607 1606 1587 1769 1770 1770 1721 1726 1587 1771 1724 1771 1726 1730 1728 1771 1772 1771 1729 1772 1731 1772 1773 1772 1734 1773 1731 1774 1736 1774 1734 1741 1736 1775 1740 1775 1741 1624 1740 1761 1743 1775 1709 1761 1776 1695 1718 1777 1778 1779 1780 1781 1782 1783 1784 1785 1786 1787 1777 1788 1789 1790 1788 1657 1791 1780 1792 1793 1783 1794 1795 1786 1796 1797 1798 1799 1800 1656 1792 1801 1802 1794 1803 1785 1796 1804 1805 1806 1807 1806 1789 1778 1805 1808 1809 1808 1789 1809 1810 1811 1808 1811 1790 1808 1812 1813 1811 1813 1657 1811 1814 1815 1813 1815 1658 1813 1816 1817 1815 1817 1792 1815 
						1818 1817 1819 1820 1793 1817 1821 1822 1823 1823 1794 1824 1825 1822 1826 1827 1794 1822 1828 1827 1825 1827 1784 1795 1829 1830 1828 1830 1796 1784 1831 1832 1829 1832 1797 1796 1833 1834 1831 1834 1787 1797 1833 1806 1835 1806 1787 1835 1836 1778 1789 1837 1807 1838 1839 1805 1837 1839 1812 1810 1840 1812 1841 1842 1814 1840 1843 1816 1842 1843 1818 1819 1844 1826 1821 1845 1825 1826 1846 1828 1825 1847 1828 1848 1849 1829 1847 1850 1831 1849 1850 1807 1833 1851 1852 1853 1854 1855 1856 1857 1799 1858 1859 1855 1860 1861 1862 1863 1857 1864 1865 1866 1862 1867 1868 1864 1869 1870 1867 1871 1868 1872 1873 1874 1871 1875 1876 1872 1877 1874 1878 1798 1876 1879 1854 1880 1881 1882 1883 1884 1885 1886 1887 1888 1889 1890 1891 1892 1893 1894 1895 1896 1897 1898 1885 1899 1886 1900 1901 1890 1902 1903 1904 1905 1906 1907 1908 1909 1910 1911 1912 1905 1909 1906 1894 1913 1914 1915 1916 1884 1887 1917 1918 1896 1919 1920 1921 1912 1922 1923 1897 1924 
						1925 1926 1927 1928 1929 1930 1931 1928 1908 1932 1933 1934 1935 1936 1911 1937 1938 1939 1934 1940 1941 1942 1939 1936 1919 1943 1920 1944 1914 1913 1943 1945 1946 1929 1947 1930 1941 1948 1949 1949 1950 1951 1952 1953 1938 1945 1954 1946 1922 1955 1921 1956 1957 1944 1958 1959 1955 1923 1960 1961 1960 1917 1961 1904 1962 1963 1964 1902 1962 1927 1965 1932 1892 1966 1881 1967 1968 1966 1883 1969 1970 1970 1971 1891 1886 1972 1973 1973 1974 1975 1882 1976 1880 1977 1888 1976 1894 1967 1892 1978 1889 1967 1915 1970 1979 1979 1891 1890 1887 1976 1888 1980 1880 1976 1981 1973 1982 1982 1975 1983 1896 1984 1897 1985 1926 1984 1905 1986 1907 1987 1932 1986 1906 1988 1989 1989 1935 1910 1990 1991 1992 1992 1993 1994 1909 1995 1988 1988 1942 1935 1919 1992 1996 1996 1994 1997 1965 1998 1933 1985 1920 1998 1934 1986 1932 1999 1907 1986 1997 2000 1996 1996 2001 1919 1933 2002 1940 1998 1943 2002 1941 1999 1934 2003 1931 1999 1937 1995 2004 2004 1908 1928 
						1946 2002 1943 2005 1940 2002 1929 2003 2006 2003 1949 2006 1930 2004 1928 2004 1952 1937 1945 2000 2007 2007 2008 2009 2009 2010 2007 2007 2011 1945 1948 2012 1950 2005 1954 2012 1949 2013 2006 2006 2014 1929 1952 2015 2016 2017 1947 2015 1925 2018 1957 2019 1962 2018 1921 2020 2021 2021 1964 1904 1957 2022 1914 2018 1902 2022 1955 2023 2020 2020 1903 1964 1923 2024 2025 2025 2026 2027 1961 2028 2024 2024 2029 2026 1944 2030 1956 2031 1924 2030 1913 2031 1944 2032 1960 2031 1910 2021 1989 1989 1904 1906 1927 2019 1925 1987 1963 2019 1959 1979 2023 2023 1890 1903 1914 1978 1894 2022 2033 1978 1897 2030 1924 1984 1956 2030 1887 2032 1980 2032 1893 1980 1895 2025 1991 1991 2027 1993 1981 2028 1917 2028 1983 2029 1889 1971 1968 2034 2035 2036 2037 2038 2039 2040 2041 2042 2043 2044 2045 2046 2047 2048 2049 2050 2051 2052 2053 2054 2055 2056 2057 2058 2059 2060 2061 2062 2063 2064 2065 2066 2067 2058 2060 2068 2069 2070 2035 2071 2036 2072 2073 2074 
						2075 2034 2076 2077 2078 2079 2080 2077 2081 2082 2083 2084 2085 2081 2086 2087 2084 2088 2089 2083 2090 2091 2092 2089 2093 2091 2094 2095 2096 2038 2073 2097 2098 2099 2097 2096 2100 2101 2102 2101 2103 2102 2104 2064 2105 2106 2107 2108 2047 2109 2048 2110 2111 2112 2105 2057 2104 2085 2056 2113 2067 2045 2114 2093 2044 2115 2116 2078 2069 2072 2109 2117 2040 2118 2119 2120 2121 2122 2121 2053 2122 2046 2106 2123 2116 2124 2125 2125 2126 2127 2126 2128 2127 2129 2130 2128 2038 2131 2039 2132 2133 2131 2133 2134 2135 2135 2136 2075 2079 2125 2137 2137 2127 2138 2127 2139 2138 2128 2140 2139 2096 2132 2038 2141 2142 2132 2142 2143 2134 2134 2035 2136 2144 2145 2146 2146 2147 2148 2147 2149 2148 2150 2102 2149 2081 2151 2086 2152 2153 2151 2153 2154 2155 2155 2156 2157 2144 2158 2097 2146 2159 2158 2148 2160 2159 2149 2103 2160 2081 2161 2152 2152 2162 2163 2163 2164 2154 2154 2165 2156 2082 2166 2167 2167 2168 2169 2168 2170 2169 2171 2069 2170 
						2090 2167 2172 2172 2169 2173 2169 2174 2173 2170 2078 2174 2091 2175 2094 2176 2177 2175 2177 2178 2179 2179 2080 2085 2089 2176 2091 2180 2181 2176 2182 2178 2181 2183 2080 2178 2095 2184 2185 2185 2186 2187 2186 2188 2187 2189 2084 2188 2099 2185 2190 2190 2187 2191 2187 2192 2191 2188 2083 2192 2072 2193 2145 2073 2194 2074 2195 2196 2194 2196 2197 2198 2198 2199 2093 2073 2200 2195 2195 2201 2202 2202 2203 2197 2197 2092 2199 2204 2205 2206 2207 2208 2205 2208 2209 2210 2123 2211 2212 2212 2213 2214 2214 2215 2216 2215 2120 2216 2114 2217 2058 2065 2206 2218 2218 2205 2219 2205 2220 2219 2208 2221 2220 2108 2211 2106 2222 2213 2211 2213 2223 2215 2215 2224 2061 2042 2225 2226 2225 2227 2226 2228 2049 2227 2229 2230 2231 2232 2231 2233 2234 2232 2233 2051 2235 2234 2236 2237 2238 2047 2212 2239 2239 2214 2240 2240 2216 2241 2216 2122 2241 2057 2204 2104 2242 2207 2204 2243 2244 2207 2244 2245 2209 2117 2239 2193 2193 2240 2246 2240 2247 2246 
						2241 2053 2247 2056 2242 2057 2248 2243 2242 2243 2249 2250 2250 2251 2245 2145 2246 2147 2246 2150 2147 2247 2100 2150 2086 2248 2056 2151 2252 2248 2252 2155 2249 2249 2157 2251 2094 2253 2044 2217 2254 2255 2255 2256 2257 2257 2105 2064 2258 2046 2259 2260 2217 2261 2261 2255 2262 2255 2263 2262 2257 2066 2263 2238 2264 2265 2264 2266 2265 2267 2268 2266 2269 2270 2271 2045 2272 2114 2272 2273 2254 2254 2274 2256 2256 2055 2105 2044 2275 2045 2253 2273 2275 2273 2276 2274 2274 2113 2055 2175 2277 2253 2277 2179 2276 2276 2085 2113 2278 2074 2194 2279 2259 2280 2281 2280 2282 2067 2281 2282 2120 2063 2283 2107 2258 2284 2284 2279 2285 2279 2286 2285 2281 2059 2286 2287 2288 2269 2289 2287 2290 2111 2290 2112 2271 2230 2291 2048 2259 2046 2292 2280 2259 2293 2282 2280 2282 2043 2067 2109 2292 2048 2278 2293 2292 2293 2294 2295 2295 2115 2043 2296 2194 2196 2198 2296 2196 2093 2294 2198 2097 2141 2096 2158 2297 2141 2297 2160 2143 2143 2103 2035 
						2077 2137 2161 2161 2138 2162 2138 2164 2162 2139 2165 2164 2089 2172 2180 2180 2173 2182 2173 2183 2182 2174 2298 2183 2092 2192 2083 2203 2191 2192 2191 2200 2190 2190 2098 2099 2299 2300 2301 2302 2303 2304 2305 2306 2299 2307 2308 2309 2310 2311 2312 2313 2314 2315 2316 2317 2318 2319 2320 2321 2322 2323 2324 2325 2326 2327 2328 2329 2330 2331 2332 2333 2334 2335 2336 2337 2338 2339 2340 2341 2342 2343 2344 2345 2339 2346 2325 2347 2348 2349 2350 2351 2352 2353 2333 2354 2355 2356 2357 2358 2359 2350 2301 2360 2355 2361 2354 2362 2304 2363 2305 2364 2365 2366 2367 2368 2332 2357 2369 2370 2371 2372 2364 2373 2374 2375 2376 2377 2378 2379 2380 2319 2381 2382 2383 2384 2385 2313 2386 2387 2381 2321 2388 2389 2330 2390 2391 2392 2393 2394 2366 2395 2396 2397 2398 2399 2400 2401 2402 2403 2404 2405 2406 2407 2408 2324 2409 2410 2411 2412 2413 2414 2415 2411 2416 2417 2418 2418 2419 2420 2421 2422 2416 2423 2424 2400 2410 2425 2426 2426 2427 2428 
						2428 2429 2430 2430 2431 2421 2432 2433 2434 2435 2436 2432 2437 2438 2439 2440 2441 2442 2443 2444 2445 2378 2446 2447 2447 2448 2449 2449 2450 2443 2451 2452 2316 2453 2454 2451 2455 2456 2348 2457 2458 2459 2460 2461 2462 2463 2464 2460 2375 2465 2343 2318 2466 2307 2389 2467 2384 2373 2362 2468 2462 2469 2376 2442 2470 2435 2459 2471 2453 2399 2472 2403 2473 2474 2414 2413 2475 2322 2420 2476 2423 2477 2349 2478 2479 2480 2302 2481 2482 2483 2437 2484 2485 2315 2486 2337 2487 2488 2479 2489 2478 2484 2327 2490 2487 2483 2491 2492 2493 2494 2495 2495 2496 2340 2497 2498 2334 2391 2499 2493 2500 2501 2497 2502 2503 2504 2342 2505 2506 2507 2508 2310 2509 2510 2500 2511 2512 2503 2439 2513 2514 2515 2516 2517 2518 2519 2507 2520 2521 2509 2522 2523 2512 2352 2524 2386 2525 2526 2518 2492 2456 2527 2528 2311 2529 2530 2335 2523 2531 2532 2358 2533 2534 2525 2535 2529 2536 2434 2537 2457 2517 2538 2531 2539 2536 2540 2396 2541 2542 2502 2543 2533 
						2406 2540 2544 2514 2545 2392 2542 2546 2328 2401 2501 2547 2547 2510 2398 2398 2521 2472 2472 2548 2404 2323 2529 2311 2475 2536 2529 2412 2540 2536 2415 2544 2540 2417 2504 2503 2419 2503 2512 2476 2512 2523 2424 2523 2335 2409 2519 2425 2425 2526 2427 2427 2534 2429 2429 2543 2431 2485 2436 2438 2438 2470 2513 2513 2441 2545 2545 2549 2393 2468 2377 2469 2362 2446 2377 2354 2448 2446 2333 2450 2448 2348 2452 2454 2349 2454 2471 2478 2471 2458 2484 2458 2537 2374 2464 2465 2465 2550 2344 2551 2466 2482 2482 2317 2491 2461 2468 2469 2450 2368 2444 2433 2484 2537 2452 2491 2317 2424 2498 2401 2552 2544 2474 2323 2508 2409 2422 2543 2504 2334 2388 2497 2497 2320 2500 2500 2380 2509 2509 2553 2520 2312 2306 2363 2528 2300 2306 2535 2360 2300 2539 2356 2360 2511 2346 2338 2522 2338 2486 2530 2486 2314 2336 2314 2385 2310 2480 2507 2507 2488 2518 2518 2490 2525 2525 2326 2533 2499 2439 2494 2494 2514 2496 2496 2392 2341 2341 2394 2505 2351 2361 2373 
						2359 2353 2361 2532 2331 2353 2538 2367 2331 2541 2527 2455 2546 2455 2347 2329 2347 2477 2390 2477 2489 2524 2343 2387 2387 2345 2382 2554 2483 2372 2372 2492 2365 2373 2524 2351 2367 2555 2556 2437 2390 2489 2492 2395 2365 2334 2385 2467 2408 2356 2406 2312 2303 2310 2533 2346 2502 2402 2547 2397 2104 2206 2557 2558 2559 2560 2561 2562 2563 2564 2565 2566 2567 2568 2565 2569 2570 2568 2571 2572 2570 2573 2574 2572 2575 2576 2574 2577 2578 2576 2579 2563 2578 2580 2581 2582 2583 2566 2559 2584 2585 2586 2587 2588 2589 2590 2591 2592 2589 2593 2580 2582 2594 2595 2595 2596 2597 2597 2598 2599 2599 2600 2601 2601 2602 2603 2603 2604 2584 2605 2560 2562 2606 2607 2587 2608 2609 2610 2611 2612 2613 2614 2615 2616 2617 2618 2590 2611 2619 2608 2620 2612 2621 2622 2623 2615 2624 2625 2617 2592 2626 2620 2610 2623 2627 2624 2616 2628 2605 2629 2558 2630 2612 2629 2558 2631 2583 2631 2612 2626 2583 2632 2564 2632 2626 2591 2567 2632 2633 2633 2591 2618 
						2567 2634 2569 2634 2618 2625 2571 2634 2635 2635 2625 2628 2573 2635 2636 2635 2616 2636 2575 2636 2637 2636 2615 2637 2575 2638 2577 2637 2623 2638 2579 2638 2639 2638 2609 2639 2561 2639 2640 2639 2619 2640 2561 2630 2605 2640 2613 2630 2621 2641 2642 2641 2606 2642 2621 2643 2620 2642 2587 2643 2592 2643 2644 2643 2589 2644 2590 2644 2645 2644 2580 2645 2617 2645 2646 2645 2582 2646 2624 2646 2647 2647 2582 2595 2624 2648 2614 2648 2595 2597 2614 2649 2622 2649 2597 2599 2622 2650 2627 2650 2599 2601 2610 2650 2651 2651 2601 2603 2608 2651 2652 2652 2603 2584 2611 2652 2641 2652 2586 2641 2586 2653 2606 2654 2655 2656 2657 2658 2659 2660 2661 2662 2663 2664 2665 2666 2667 2668 2669 2670 2671 2672 2673 2674 2675 2671 2676 2677 2667 2678 2679 2680 2681 2682 2664 2683 2684 2685 2686 2682 2687 2688 2689 2686 2687 2690 2691 2692 2677 2693 2694 2695 2696 2697 2698 2699 830 2700 2701 2702 2700 2703 2704 2705 2706 2707 2707 2708 2709 2710 2708 2680 
						2711 2712 2691 2713 2714 2715 2716 2717 2713 2679 2718 2719 2720 2721 2685 2722 2723 2724 2725 963 2726 2704 2727 2705 2728 2729 2730 2657 2665 2731 2732 2723 2733 2719 2721 2734 2672 2735 2736 2725 2737 2716 2738 2739 2666 2662 2740 2741 2742 2743 2654 2675 2744 2745 2746 2740 2747 2659 2701 2748 2749 2724 2670 2745 2750 2738 2695 2751 2752 2753 2693 962 2754 2697 2696 2728 2755 2660 2742 2747 2756 2754 2692 2757 2736 2712 2758 2759 2655 2673 962 2760 963 2761 2654 2760 2658 2762 2701 2763 2756 2762 2671 2764 2676 2765 2752 2764 2681 2766 2718 2767 2697 2766 2731 2768 2769 2769 2673 2655 2737 2770 2771 2771 2656 2759 2681 2772 2767 2767 2729 2695 2667 2773 2678 2774 2741 2773 2686 2775 2776 2776 2692 2691 2724 2777 2778 2778 2711 2690 2685 2779 2775 2775 2757 2692 2670 2778 2780 2780 2690 2754 2718 2779 2721 2766 2757 2779 2670 2765 2671 2780 2696 2765 2717 2771 2781 2781 2759 2672 2717 2782 2714 2781 2736 2782 2687 2783 2688 2784 2735 2783 
						2714 2785 2786 2782 2758 2785 2750 2787 2739 2788 2660 2787 2739 2774 2667 2787 2662 2774 2693 2773 2789 2789 2741 2746 2687 2776 2784 2784 2691 2712 2731 2763 2658 2769 2743 2763 2750 2790 2788 2788 2751 2728 2688 2791 2664 2783 2674 2791 2727 2792 2706 2793 2755 2792 2723 2785 2777 2777 2758 2711 2744 2764 2790 2790 2752 2751 2703 2793 2727 2794 2661 2793 963 2770 2726 2760 2656 2770 2665 2791 2768 2768 2674 2673 2680 2795 2772 2772 2730 2729 2706 2795 2708 2792 2730 2795 2703 2796 2794 2794 2747 2740 2702 2762 2796 2796 2756 2747 962 2789 2761 2761 2746 2742 2732 2714 2786 0 7 1 3 448 4 6 9 7 8 451 9 10 451 8 12 10 11 14 452 15 17 14 16 19 23 20 2 1 17 22 449 23 24 449 22 26 24 25 28 450 29 4 28 30 31 63 32 34 61 35 37 41 38 40 43 41 42 67 43 44 69 45 47 69 44 49 51 34 38 31 33 50 53 51 
						52 55 53 54 453 55 56 453 54 58 454 59 61 58 60 62 71 47 64 62 63 65 64 31 41 66 65 43 68 66 67 76 68 69 78 70 71 78 69 72 80 71 73 72 62 74 73 64 66 75 74 68 77 75 76 85 77 78 88 79 80 88 78 81 89 80 82 81 72 74 83 82 75 84 83 77 86 84 85 94 86 87 97 79 89 87 88 90 98 89 91 90 81 83 92 91 84 93 92 86 95 93 94 122 95 96 124 97 98 96 87 99 149 100 102 125 98 103 107 104 106 109 107 108 2797 109 110 134 111 113 110 112 92 119 115 116 440 117 93 120 119 95 455 120 121 455 95 123 456 124 125 123 96 126 153 127 129 138 99 107 131 130 109 133 131 109 2797 132 134 110 135 113 439 135 137 141 138 116 104 130 140 143 141 142 457 143 144 457 142 146 458 147 
						149 146 148 150 180 151 153 459 154 155 181 156 158 155 157 160 164 161 163 169 164 165 460 166 168 464 169 170 165 167 172 170 171 174 461 172 175 178 176 127 154 178 179 463 180 181 198 182 183 463 179 185 183 184 187 185 186 189 187 188 191 194 192 152 151 194 195 229 196 198 479 199 200 229 195 202 200 201 204 202 203 206 204 205 208 212 209 211 216 212 213 482 214 197 196 216 217 213 215 219 217 218 221 219 220 223 227 224 226 481 227 196 230 228 229 231 230 200 238 231 232 238 200 233 232 202 234 233 204 235 244 209 216 228 235 230 237 236 231 239 237 238 261 239 240 261 238 241 240 232 242 241 233 243 268 244 228 236 243 245 263 246 237 476 248 249 251 245 250 253 251 252 288 253 254 288 252 256 292 257 259 256 258 261 477 262 263 259 260 264 477 261 
						265 264 240 266 265 241 267 478 268 248 267 243 269 286 270 272 293 259 273 275 269 274 277 275 276 279 277 278 298 279 280 301 281 283 280 282 251 287 285 286 283 284 253 289 287 288 290 289 254 474 290 291 475 292 293 291 256 294 302 283 295 294 286 275 296 295 277 297 296 279 299 297 298 307 299 300 310 301 302 300 280 303 311 302 304 303 294 296 305 304 297 306 305 299 308 306 307 318 308 309 320 310 311 309 300 303 313 312 304 323 313 314 323 304 315 314 305 316 315 306 317 316 308 309 321 319 311 312 321 313 324 322 323 332 324 325 332 323 326 325 314 327 326 315 328 327 316 321 330 329 312 322 330 324 333 331 332 341 333 334 341 332 335 334 325 336 335 326 337 336 327 330 339 338 322 331 339 333 342 340 341 350 342 343 350 341 344 343 334 345 344 335 
						346 345 336 339 348 347 331 340 348 342 351 349 350 359 351 352 359 350 353 352 343 354 353 344 355 354 345 348 357 356 340 349 357 351 360 358 359 388 360 361 388 359 362 361 352 363 362 353 364 363 354 357 366 365 349 358 366 367 471 368 360 472 370 371 471 367 373 371 372 375 373 374 377 375 376 379 383 380 382 470 383 384 465 385 387 473 388 389 465 384 391 389 390 393 391 392 395 393 394 397 401 398 400 466 401 402 437 403 405 387 361 406 410 407 409 412 410 411 2798 412 413 2799 414 416 413 415 418 405 362 419 469 420 422 418 363 366 424 423 358 370 424 425 402 404 408 407 419 427 429 425 428 431 429 430 433 431 432 467 433 434 468 435 437 434 436 166 153 126 439 113 440 167 166 438 171 167 442 173 171 443 445 174 173 446 175 177 128 127 175 105 104 116 
						18 4 448 448 20 0 20 23 6 23 449 8 24 11 8 24 26 13 450 28 16 28 4 18 35 17 1 7 49 36 7 9 50 9 451 52 10 54 52 12 57 54 452 14 60 14 17 35 21 20 448 32 48 61 34 51 33 53 39 33 53 55 37 55 453 40 453 56 42 58 44 46 58 61 48 63 47 48 101 100 125 102 115 129 119 137 129 119 120 140 120 455 142 121 145 142 123 148 147 123 125 100 91 115 102 117 114 149 99 138 118 141 105 118 141 143 103 143 457 106 144 108 106 146 112 111 146 149 114 440 113 114 128 439 441 438 126 441 442 438 139 443 442 130 444 443 131 444 133 132 447 136 135 446 135 439 116 139 441 150 152 154 459 460 179 165 184 179 170 186 184 170 172 188 461 190 188 178 191 193 154 152 191 460 459 153 462 226 151 180 463 214 
						183 215 214 185 218 215 185 187 220 187 189 222 194 223 225 151 226 223 199 479 464 403 466 385 465 426 404 389 427 426 389 391 428 393 430 428 395 432 430 401 436 435 466 403 436 386 385 466 417 437 402 425 421 420 425 429 408 429 431 406 433 409 406 467 411 409 468 434 415 434 437 417 469 416 417 386 400 470 368 471 384 371 390 384 373 392 390 373 375 394 375 377 396 383 397 399 470 400 397 369 368 470 369 382 370 472 473 367 387 372 367 405 374 372 405 418 376 418 422 378 424 379 381 370 382 379 388 473 472 284 293 272 285 271 270 285 287 273 287 289 274 290 276 274 474 278 276 475 291 282 291 293 284 285 272 263 260 248 476 476 262 247 262 477 249 477 264 250 264 265 252 265 266 255 478 267 258 267 248 260 239 262 476 197 211 169 464 479 195 198 201 195 
						181 203 201 181 155 205 155 158 207 161 164 208 169 211 208 214 482 480 168 163 481 480 482 199 213 182 199 217 156 182 217 219 157 219 221 159 227 160 162 481 163 160 462 480 481 483 676 484 486 716 487 489 526 490 492 675 493 495 623 496 498 554 499 501 630 502 504 2800 505 507 581 508 510 635 511 513 2801 514 503 603 516 517 614 518 520 540 521 523 531 524 526 542 527 528 545 529 531 564 532 533 520 522 535 513 515 537 566 538 540 576 541 542 537 539 556 557 578 557 694 696 577 557 696 577 578 557 578 788 777 556 713 712 788 543 530 543 666 669 544 543 669 666 665 669 665 668 669 544 662 660 660 528 544 528 530 544 530 778 788 778 777 788 777 713 556 777 556 578 712 715 556 545 483 485 546 842 547 514 2801 549 549 552 551 552 2802 553 554 701 555 556 716 486 
						558 835 559 561 687 562 564 561 563 487 723 565 566 653 567 568 1353 569 571 708 572 562 687 574 576 571 573 544 669 492 577 498 500 493 675 579 581 507 582 583 582 584 584 506 505 586 588 587 588 2803 589 589 2803 590 526 489 592 593 592 594 594 536 515 596 599 597 599 749 600 600 749 601 603 503 604 604 607 606 607 510 608 531 523 609 609 612 611 612 813 613 614 517 615 616 615 617 617 501 516 520 533 619 620 619 621 621 525 524 623 495 587 624 587 589 589 591 626 627 628 582 628 2804 584 584 2804 629 630 501 617 617 615 632 615 517 633 502 2805 604 604 2805 634 607 634 635 537 542 636 637 636 638 638 514 550 640 643 641 643 651 644 644 651 645 566 537 637 647 637 639 639 550 551 649 650 643 650 658 651 651 658 652 653 566 647 654 647 648 648 551 553 656 657 650 
						657 2806 658 658 2806 659 545 528 660 661 660 662 662 544 494 664 667 665 667 674 668 668 674 492 483 545 661 670 661 663 663 494 493 672 673 667 673 681 674 674 681 675 676 483 670 677 670 671 671 493 580 679 680 673 680 2807 681 681 2807 579 561 564 682 682 685 684 685 750 686 687 561 683 683 684 689 684 686 690 574 687 688 688 689 692 689 690 693 486 697 694 694 697 695 696 695 498 488 699 697 697 699 698 695 698 554 565 2808 699 699 2808 700 698 700 701 576 540 702 703 702 704 704 532 563 571 576 703 706 703 705 705 563 562 708 571 706 709 706 707 707 562 575 711 714 712 714 719 715 715 719 716 717 718 714 718 722 719 719 722 487 720 721 718 721 2809 722 722 2809 723 724 727 725 727 2810 728 728 2810 729 731 2811 732 733 732 734 734 2812 736 737 822 738 738 741 740 
						741 869 742 743 866 744 745 744 746 746 867 748 542 526 593 636 593 595 595 515 514 642 641 599 641 644 749 749 644 646 564 531 610 610 611 685 611 613 750 532 704 622 622 704 702 620 702 540 504 506 629 753 856 754 754 889 752 889 888 752 888 903 752 755 2813 756 758 2814 759 640 762 761 762 764 763 541 573 763 649 761 765 761 763 766 573 572 766 711 768 767 768 770 769 529 485 769 642 771 762 771 772 764 521 541 764 598 774 773 774 776 775 534 522 775 713 777 768 777 778 770 530 529 770 596 773 771 773 775 772 522 521 772 495 497 779 497 781 780 519 518 780 517 519 782 519 781 783 497 496 783 717 767 784 767 769 785 485 484 785 666 543 786 543 788 787 578 500 787 690 790 789 790 792 791 538 567 791 793 846 794 795 794 796 796 558 560 672 799 798 799 801 800 
						499 555 800 750 803 802 803 805 804 527 539 804 686 802 790 802 804 792 539 538 792 613 806 803 806 807 805 490 527 805 507 509 808 509 810 809 512 511 809 510 512 811 512 810 812 509 508 812 664 786 799 786 787 801 500 499 801 813 814 806 814 815 807 491 490 807 816 819 817 797 560 819 820 821 816 821 795 797 822 737 821 737 793 795 2812 2815 736 2815 824 736 824 922 935 935 823 824 825 877 826 829 730 830 730 729 2816 830 730 2816 830 872 828 831 925 832 834 559 835 747 748 559 837 838 834 838 745 747 839 840 838 840 743 745 841 547 842 740 742 547 844 841 843 739 740 841 846 793 844 793 737 739 847 850 848 735 736 850 851 852 847 852 733 735 853 854 852 854 731 733 855 857 754 857 728 730 858 857 855 725 728 857 860 858 859 726 725 858 862 933 863 850 907 919 
						907 906 919 906 918 919 919 865 850 743 860 861 840 726 860 819 748 867 560 559 748 868 742 869 548 547 742 871 874 872 871 938 873 875 965 876 878 881 879 881 2817 882 883 886 884 828 886 883 828 872 874 874 873 884 887 891 888 887 948 890 892 2818 893 895 899 896 898 831 833 900 904 901 903 904 900 888 891 904 890 901 904 905 908 906 905 967 760 909 2819 910 912 915 913 825 827 915 916 920 759 918 920 916 906 908 920 760 759 920 921 923 922 921 969 863 924 2820 832 926 2821 927 929 2822 930 932 936 933 935 936 932 935 922 923 923 863 933 937 873 938 940 1024 941 943 884 873 885 884 945 889 754 947 754 730 947 889 947 887 730 829 946 829 883 946 883 885 946 946 947 730 949 2823 901 902 901 950 953 753 752 752 900 951 900 902 951 951 952 752 736 823 960 823 932 960 
						932 934 960 960 954 736 954 967 905 907 954 905 907 850 954 917 759 955 957 2699 919 2699 2698 919 2698 865 919 919 916 957 2815 953 824 953 952 824 952 958 824 958 969 921 934 933 959 961 2753 962 964 878 880 966 890 948 758 760 967 968 863 969 970 913 971 926 928 973 975 1076 976 978 1031 979 981 1006 982 984 983 982 986 1011 987 989 1054 990 992 1112 993 996 1062 995 995 992 994 997 1082 998 1000 1007 1001 1003 997 999 1005 1038 1006 1007 1066 1008 1010 1107 1009 1009 1003 1004 1011 1086 1012 1013 1061 1014 1018 1084 1016 1016 1077 1017 993 1112 1019 1019 986 988 1020 1091 1021 1023 1065 1024 1025 1079 1026 1028 1039 1029 942 941 1031 1032 1053 1033 1035 1043 1036 1015 1014 1038 1039 1022 1021 1040 1044 1041 1040 1036 1043 989 991 1045 1047 1032 1034 1049 1075 1050 1052 1056 1033 1054 1088 1055 1042 1041 1056 1057 1133 1058 1060 1071 1061 1062 996 1063 
						1023 1057 1059 1066 1083 1067 1068 1141 1069 1060 1000 1002 1072 1085 1073 1049 1028 1030 1064 1063 1076 1077 1107 1010 1078 1089 1079 1074 1073 1080 1082 977 976 980 979 1067 1084 1018 1085 1086 1081 1080 1037 2824 1087 1087 2824 1051 1027 1026 1055 1078 1047 1048 1045 1092 1090 1092 1072 1074 991 1093 1092 1093 1084 1072 1089 1048 1094 1095 1094 997 1048 1034 1096 1094 1096 1082 1075 1030 1097 1098 1097 1011 1030 1029 1099 1097 1099 1086 1041 1101 1100 1101 1064 975 1044 1102 1101 1102 1062 1064 1091 1090 1103 1090 1074 1081 977 1082 1096 1104 1096 1034 1029 1021 1103 1099 1103 1081 977 1104 1100 1104 1033 1056 990 1055 1105 1106 1105 1077 1107 1109 1108 1109 1026 1079 1050 1111 1110 1111 1019 1112 1043 1035 1113 1114 1113 992 1084 1093 1106 1093 991 990 1003 1009 1108 1095 1108 1079 986 1019 1111 1098 1111 1050 992 1113 1110 1113 1035 1087 1062 1102 1114 1102 1044 1043 1107 1077 1105 1109 1105 1055 1046 1045 1091 1085 1116 1115 
						1115 1116 1058 1018 1117 1116 1117 1059 1058 1017 1130 1117 1117 1130 1065 1010 1004 1118 1118 941 1024 1004 999 1120 1118 1120 1031 999 998 1121 1121 979 1031 993 988 1122 1122 1014 1061 988 987 1124 1122 1124 1038 987 1012 1125 1125 1006 1038 1063 1127 1126 1126 1127 1001 996 1128 1127 1128 1002 1001 994 1132 1128 1128 1132 1071 1073 1115 1129 1129 1115 985 1010 1119 1130 1119 1024 1065 979 1121 1131 1131 1121 998 1012 1080 1129 1129 982 1006 993 1123 1132 1123 1061 1071 1008 1067 1131 1131 976 1076 1133 984 985 1134 1161 1135 1137 1155 1138 1140 1165 1141 1070 1069 1142 1144 1166 1145 1143 1142 1147 1149 1174 1150 1152 1144 1146 1154 1167 1155 1139 1138 1156 1158 1162 1159 1157 1156 1135 1162 2825 1163 1164 1168 1165 1166 1148 1147 1158 1160 1167 1149 1151 1168 1169 1152 1153 1171 1229 1172 1174 1171 1173 1175 1180 1176 1178 1181 1172 1179 1218 1180 1181 1219 1173 1182 1188 1183 1185 1069 1141 1182 1210 1187 1189 1142 1069 
						1190 1195 1191 1193 1138 1155 1195 1212 1196 1197 1156 1138 1198 1203 1199 1201 1204 1146 1198 2826 1202 1204 1226 1153 1177 1176 1205 1207 1178 1136 1147 1142 1189 1209 1187 1210 1212 1206 1205 1207 1135 1156 1147 1208 1201 1209 1211 1200 1217 1221 1218 1216 1150 1173 1165 1215 1186 1183 1222 1220 1151 1216 1215 1221 1217 1220 1167 1213 1194 1192 1224 1223 1160 1159 1214 1224 1228 1225 1170 1153 1226 1202 2826 1225 1229 1134 1136 1230 1233 1231 1233 1235 1234 1235 1237 1236 1237 1239 1238 1239 1241 1240 1241 1284 1242 1242 1284 1243 1244 1243 1245 1247 1249 1246 1248 1251 1249 1250 1252 1251 1252 1250 1253 1211 1210 1320 1210 1182 1184 1220 1210 1184 1220 1217 1255 1217 1179 1306 1255 1217 1313 1179 1175 1177 1177 1206 1306 1206 1342 1306 1179 1177 1306 1210 1220 1320 1320 1323 1211 1256 1320 1220 1306 1310 1217 1310 1313 1217 1257 1230 1232 1259 1343 1254 2826 1198 1200 1200 1211 1327 1211 1323 1327 1225 2826 1200 1190 1223 1212 1223 1225 1261 
						1334 1223 1261 1212 1195 1190 1342 1206 1340 1206 1212 1340 1223 1334 1337 1225 1200 1327 1225 1327 1260 1337 1340 1223 1340 1212 1223 1262 1266 1263 1265 1268 1230 1266 1269 1267 1268 1271 1233 1269 1272 1270 1271 1274 1235 1272 1275 1273 1274 1277 1237 1275 1278 1276 1277 1280 1239 1278 1281 1279 1280 1283 1241 1281 1286 1282 1283 1288 1284 1285 1290 1282 1287 1243 1284 1289 1293 1290 1291 1245 1243 1292 1296 1293 1294 1247 1245 1295 1299 1296 1297 1248 1247 1298 1302 1299 1300 1250 1248 1301 1304 1302 1303 1253 1250 1262 1264 1304 1305 1259 1253 1306 1342 1307 1309 2827 1258 1310 1306 1308 1312 1309 1232 1313 1310 1311 1315 1312 1231 1255 1313 1314 1317 1315 1234 1256 1255 1316 1319 1317 1236 1320 1256 1318 1322 1319 1238 1323 1320 1321 1325 1322 1240 1323 1324 1326 1325 1242 1244 1327 1326 1329 1328 1244 1246 1260 1329 1331 1330 1246 1249 1261 1331 1333 1332 1249 1251 1334 1333 1336 1335 1251 1252 1337 1336 1339 1338 1252 1254 1340 1339 1307 
						1341 1254 1343 1281 1278 1269 1278 1275 1269 1275 1272 1269 1269 1266 1281 1266 1262 1281 1262 1301 1285 1301 1298 1285 1298 1295 1292 1292 1289 1298 1289 1285 1298 1285 1286 1262 1345 1365 1346 726 1349 724 1349 1409 1348 1409 1401 1348 840 1358 1349 1358 1412 1349 1412 1407 1349 1350 1363 1351 1353 1373 1354 1355 1421 1356 839 1359 1358 1359 1406 1410 1358 1359 1410 724 1348 1359 1348 1403 1359 1403 1404 1359 1360 2828 1361 1363 1374 1364 1365 1360 1362 1357 1356 1366 1368 1439 1369 1367 1366 1371 1373 1368 1370 1374 1379 1375 1376 1435 1377 1379 1435 1376 1361 2828 1380 1372 1371 1382 1369 1442 1384 1381 1380 1386 1383 1382 1388 1458 1390 1392 1390 1446 1448 1391 1390 1448 1391 1469 1392 1392 1466 1458 1466 1461 1463 1458 1466 1463 1463 1476 1458 1476 1453 1458 1393 1387 1394 1396 1378 1397 1385 1384 1399 1357 1414 1413 1414 1363 1350 568 1445 1415 1416 1415 1352 1417 570 1418 1418 2829 1420 1421 2830 1422 1422 2830 1347 1362 1423 1422 
						1423 1366 1356 1363 1414 1424 1414 1357 1367 1351 1364 1425 1416 1425 1353 1426 2829 1418 1427 1418 570 1372 1428 1424 1428 1379 1374 1373 1353 1425 1429 1425 1364 569 1354 1430 1427 1430 1431 1366 1423 1432 1423 1362 1361 1381 1433 1432 1433 1382 1371 1379 1428 1434 1428 1372 1383 1375 1376 1436 1429 1436 1368 1437 1431 1430 1438 1430 1354 1378 1396 1436 1436 1396 1439 1400 1437 1438 1385 1438 1370 1389 1441 1434 1434 1441 1377 1382 1433 1393 1433 1381 1387 1440 2831 1441 1439 1479 1442 1377 1444 1397 1388 1393 1395 1386 2832 1394 1389 1388 1443 1441 2831 1444 1445 568 570 1446 1449 1447 1449 1452 1450 1390 1451 1449 1451 1477 1452 1453 1476 1454 1455 1454 1456 1458 1453 1455 1459 1455 1457 1461 1464 1462 1464 1468 1465 1466 1467 1464 1467 1478 1468 1469 1391 1470 1471 1470 1472 1392 1469 1471 1474 1471 1473 1463 1462 1454 1462 1465 1456 1458 1459 1451 1451 1459 1460 1392 1474 1467 1474 1475 1478 1391 1448 1447 1470 1447 1450 1479 1439 1396 
						1480 1520 1481 1481 1502 1483 1483 1502 1484 1484 1487 1486 1487 1514 1488 1488 1514 1489 1489 1509 1491 1492 2833 1493 1493 1524 1495 1495 1524 1496 1497 1496 1498 1498 1510 1500 1481 1507 1501 1500 1510 1503 1503 1520 1480 1505 1538 1506 1489 1522 1508 1510 1498 1511 1487 1523 1513 1496 1524 1515 1502 1501 1517 1493 2833 1518 1520 1505 1507 1503 1510 1512 1514 1513 1522 1498 1496 1516 1484 1517 1523 1524 1493 1519 1520 1503 1521 1525 1529 1526 1515 1519 1528 1507 1506 1530 1516 1515 1529 1501 1530 1531 1511 1516 1525 1517 1531 1533 1512 1511 1532 1523 1533 1535 1521 1512 1534 1513 1535 1537 1505 1521 1536 1522 1537 1539 1519 1518 1540 1541 1570 1542 1530 1554 1541 1532 1525 1527 1531 1541 1543 1534 1532 1544 1533 1543 1546 1536 1534 1545 1535 1546 1548 1538 1536 1547 1537 1548 1550 1528 1540 1551 1538 1549 1553 1529 1528 1552 1506 1553 1554 1555 1559 1556 1545 1544 1558 1543 1542 1560 1547 1545 1559 1546 1560 1561 1549 1547 1555 1548 1561 1563 
						1552 1551 1564 1549 1562 1566 1526 1552 1565 1553 1566 1568 1527 1526 1567 1554 1568 1570 1544 1527 1569 1571 1577 1572 1560 1585 1574 1562 1555 1557 1561 1574 1576 1565 1564 1577 1562 1575 1578 1567 1565 1571 1566 1578 1580 1569 1567 1579 1568 1580 1582 1558 1569 1581 1570 1582 1584 1559 1558 1583 1542 1584 1585 1586 2834 1587 1578 1575 1589 1579 1571 1573 1578 1590 1592 1581 1579 1591 1582 1580 1592 1581 1593 1595 1584 1582 1594 1583 1595 1597 1584 1596 1598 1557 1556 1597 1585 1598 1600 1557 1599 1589 1576 1574 1600 1602 1661 1603 1605 2835 1606 1608 1614 1609 1611 1605 1607 1613 1618 1609 1611 1612 1615 1617 1622 1618 1616 1615 1619 1617 1627 1621 1623 1709 1624 1626 1632 1621 1628 1633 1629 1631 1745 1632 1633 1620 1619 1634 1644 1635 1634 1636 1637 1639 1659 1640 1604 1603 1642 1644 1744 1645 1646 2836 1647 1646 1648 1649 1650 1649 1651 1653 1660 1654 1656 1791 1657 1659 1652 1651 1654 1661 1602 1653 1639 1641 1661 1654 1662 1663 1662 1664 
						1661 1663 1666 1666 1663 1665 1603 1666 1668 1668 1666 1667 1642 1668 1670 1670 1668 1669 1645 1670 1672 1670 1671 1673 1635 1672 1674 1672 1673 1675 1636 1674 1676 1674 1675 1677 1648 1647 1678 1678 2837 1680 1649 1648 1679 1679 1680 1682 1651 1649 1681 1683 1681 1682 1640 1651 1683 1683 1684 1686 1641 1640 1685 1685 1686 1688 1660 1641 1687 1687 1688 1690 1660 1689 1662 1689 1690 1664 1691 1717 1692 1694 1706 1695 1697 1693 1692 1699 1713 1700 1702 1697 1698 1704 1701 1700 1702 1703 1706 1707 1704 1705 1623 1628 1630 1710 1707 1708 1712 1719 1713 1714 2838 1715 1716 1715 1717 1712 1776 1718 1720 1726 1721 1723 1588 1587 1725 1730 1726 1727 1723 1724 1725 1733 1729 1727 1728 1731 1733 1738 1734 1735 1732 1731 1737 1741 1734 1739 1735 1736 1625 1624 1741 1742 1739 1740 1643 1642 1645 1742 1743 1745 1718 1695 1746 1746 1742 1631 1718 1747 1748 1748 1747 1631 1713 1719 1748 1748 1626 1627 1700 1713 1749 1749 1627 1617 1700 1750 1751 1751 1750 1617 
						1705 1751 1752 1752 1751 1613 1708 1752 1753 1753 1752 1614 1715 2838 1754 1754 1586 1588 1717 1715 1755 1755 1588 1723 1692 1717 1756 1756 1723 1727 1692 1757 1758 1758 1757 1727 1703 1698 1758 1759 1758 1732 1706 1703 1759 1759 1735 1739 1695 1706 1760 1746 1760 1739 1745 1743 1761 1761 1709 1630 1632 1745 1762 1762 1630 1629 1621 1632 1763 1763 1629 1619 1621 1764 1765 1765 1764 1619 1622 1765 1766 1766 1765 1615 1609 1618 1766 1766 1612 1607 1609 1767 1768 1768 1767 1607 1587 2834 1769 1770 1769 1721 1587 1770 1771 1771 1770 1726 1728 1724 1771 1771 1730 1729 1731 1728 1772 1772 1729 1734 1731 1773 1774 1774 1773 1734 1736 1774 1775 1775 1774 1741 1740 1775 1761 1775 1624 1709 1776 1696 1695 1777 1787 1778 1780 1793 1781 1783 1795 1784 1786 1797 1787 1788 1836 1789 1788 1790 1657 1780 1801 1792 1783 1803 1794 1786 1804 1796 1798 1878 1799 1656 1658 1792 1802 1824 1794 1785 1784 1796 1805 1809 1806 1806 1809 1789 1805 1810 1808 1808 1790 1789 
						1810 1812 1811 1811 1657 1790 1812 1814 1813 1813 1658 1657 1814 1816 1815 1815 1792 1658 1816 1819 1817 1817 1793 1792 1818 1820 1817 1820 1781 1793 1821 1826 1822 1823 1822 1794 1825 1827 1822 1827 1795 1794 1828 1830 1827 1827 1830 1784 1829 1832 1830 1830 1832 1796 1831 1834 1832 1832 1834 1797 1833 1835 1834 1834 1835 1787 1833 1807 1806 1806 1778 1787 1836 1779 1778 1837 1805 1807 1839 1810 1805 1839 1841 1812 1840 1814 1812 1842 1816 1814 1843 1819 1816 1843 2839 1818 1844 1845 1826 1845 1846 1825 1846 1848 1828 1847 1829 1828 1849 1831 1829 1850 1833 1831 1850 1838 1807 2840 2841 2842 2842 2843 2844 2844 2845 1851 1851 2846 1852 1852 2847 1853 2847 2848 1853 2848 2849 1853 1853 2850 2840 2840 2842 1853 2842 2844 1853 2844 1851 1853 1854 1879 1855 1857 1800 1799 1859 1856 1855 1861 2851 1862 1857 1858 1864 1866 1863 1862 1868 1865 1864 1870 1866 1867 1868 1869 1872 1874 1870 1871 1876 1873 1872 1874 1875 1878 1876 1877 1879 1880 1892 1881 
						1883 1915 1884 1886 1981 1887 1889 2033 1890 1892 1880 1893 1895 1990 1896 1898 1883 1885 1886 1888 1900 1890 2033 1902 1904 1963 1905 1907 1931 1908 1910 1935 1911 1905 1907 1909 1894 1893 1913 1915 1959 1916 1887 1981 1917 1896 1990 1919 1921 1910 1912 1923 1895 1897 1925 1956 1926 1928 2852 1929 1931 2852 1928 1932 1965 1933 1935 1942 1936 1937 1952 1938 1934 1933 1940 1942 1937 1939 1919 2001 1943 1944 1957 1914 1943 2001 1945 1929 2014 1947 1941 1940 1948 1949 1948 1950 1952 2016 1953 1945 2011 1954 1922 1958 1955 1956 1925 1957 1958 1916 1959 1923 1924 1960 1960 1918 1917 1904 1964 1962 1964 1903 1902 1927 1926 1965 1892 1967 1966 1967 1889 1968 1883 1898 1969 1970 1969 1971 1886 1901 1972 1973 1972 1974 1882 1977 1976 1977 1900 1888 1894 1978 1967 1978 2033 1889 1915 1883 1970 1979 1970 1891 1887 1980 1976 1980 1893 1880 1981 1886 1973 1982 1973 1975 1896 1985 1984 1985 1965 1926 1905 1987 1986 1987 1927 1932 1906 1909 1988 1989 1988 1935 
						1990 1895 1991 1992 1991 1993 1909 1908 1995 1988 1995 1942 1919 1990 1992 1996 1992 1994 1965 1985 1998 1985 1896 1920 1934 1999 1986 1999 1931 1907 1997 2008 2000 1996 2000 2001 1933 1998 2002 1998 1920 1943 1941 2003 1999 2003 2852 1931 1937 1942 1995 2004 1995 1908 1946 2005 2002 2005 1948 1940 1929 2852 2003 2003 1941 1949 1930 2017 2004 2004 2017 1952 1945 2001 2000 2007 2000 2008 2009 2853 2010 2007 2010 2011 1948 2005 2012 2005 1946 1954 1949 1951 2013 2006 2013 2014 1952 2017 2015 2017 1930 1947 1925 2019 2018 2019 1963 1962 1921 1955 2020 2021 2020 1964 1957 2018 2022 2018 1962 1902 1955 1959 2023 2020 2023 1903 1923 1961 2024 2025 2024 2026 1961 1917 2028 2024 2028 2029 1944 2031 2030 2031 1960 1924 1913 2032 2031 2032 1918 1960 1910 1921 2021 1989 2021 1904 1927 1987 2019 1987 1905 1963 1959 1915 1979 2023 1979 1890 1914 2022 1978 2022 1902 2033 1897 1984 2030 1984 1926 1956 1887 1918 2032 2032 1913 1893 1895 1923 2025 1991 2025 2027 
						1981 1982 2028 2028 1982 1983 1889 1891 1971 2034 2136 2035 2037 2095 2038 2040 2119 2041 2043 2115 2044 2046 2123 2047 2049 2854 2050 2052 2100 2053 2055 2113 2056 2058 2260 2059 2061 2224 2062 2064 2557 2065 2067 2114 2058 2068 2116 2069 2035 2103 2071 2072 2144 2073 2075 2136 2034 2077 2298 2078 2080 2298 2077 2082 2090 2083 2085 2080 2081 2087 2082 2084 2089 2092 2083 2091 2199 2092 2093 2199 2091 2095 2099 2096 2073 2144 2097 2099 2098 2097 2100 2052 2101 2101 2071 2103 2104 2557 2064 2106 2855 2107 2047 2117 2109 2110 2236 2111 2105 2055 2057 2085 2086 2056 2067 2043 2045 2093 2094 2044 2116 2079 2078 2072 2074 2109 2040 2268 2118 2120 2283 2121 2121 2054 2053 2046 2855 2106 2116 2068 2124 2125 2124 2126 2126 2129 2128 2129 2856 2130 2038 2132 2131 2132 2142 2133 2133 2142 2134 2135 2134 2136 2079 2116 2125 2137 2125 2127 2127 2128 2139 2128 2130 2140 2096 2141 2132 2141 2297 2142 2142 2297 2143 2134 2143 2035 2144 2072 2145 2146 2145 2147 
						2147 2150 2149 2150 2100 2102 2081 2152 2151 2152 2163 2153 2153 2163 2154 2155 2154 2156 2144 2146 2158 2146 2148 2159 2148 2149 2160 2149 2102 2103 2081 2077 2161 2152 2161 2162 2163 2162 2164 2154 2164 2165 2082 2087 2166 2167 2166 2168 2168 2171 2170 2171 2070 2069 2090 2082 2167 2172 2167 2169 2169 2170 2174 2170 2069 2078 2091 2176 2175 2176 2181 2177 2177 2181 2178 2179 2178 2080 2089 2180 2176 2180 2182 2181 2182 2183 2178 2183 2298 2080 2095 2037 2184 2185 2184 2186 2186 2189 2188 2189 2088 2084 2099 2095 2185 2190 2185 2187 2187 2188 2192 2188 2084 2083 2072 2117 2193 2073 2195 2194 2195 2202 2196 2196 2202 2197 2198 2197 2199 2073 2098 2200 2195 2200 2201 2202 2201 2203 2197 2203 2092 2204 2207 2205 2207 2244 2208 2208 2244 2209 2123 2106 2211 2212 2211 2213 2214 2213 2215 2215 2061 2120 2114 2272 2217 2065 2557 2206 2218 2206 2205 2205 2208 2220 2208 2210 2221 2108 2222 2211 2222 2857 2213 2213 2857 2223 2215 2223 2224 2042 2041 2225 
						2225 2228 2227 2228 2854 2049 2229 2291 2230 2232 2229 2231 2234 2235 2232 2051 2050 2235 2236 2110 2237 2047 2123 2212 2239 2212 2214 2240 2214 2216 2216 2120 2122 2057 2242 2204 2242 2243 2207 2243 2250 2244 2244 2250 2245 2117 2047 2239 2193 2239 2240 2240 2241 2247 2241 2122 2053 2056 2248 2242 2248 2252 2243 2243 2252 2249 2250 2249 2251 2145 2193 2246 2246 2247 2150 2247 2053 2100 2086 2151 2248 2151 2153 2252 2252 2153 2155 2249 2155 2157 2094 2175 2253 2217 2272 2254 2255 2254 2256 2257 2256 2105 2258 2855 2046 2260 2058 2217 2261 2217 2255 2255 2257 2263 2257 2064 2066 2238 2237 2264 2264 2267 2266 2267 2118 2268 2269 2288 2270 2045 2275 2272 2272 2275 2273 2254 2273 2274 2256 2274 2055 2044 2253 2275 2253 2277 2273 2273 2277 2276 2274 2276 2113 2175 2177 2277 2277 2177 2179 2276 2179 2085 2278 2109 2074 2279 2258 2259 2281 2279 2280 2067 2060 2281 2120 2061 2063 2107 2855 2258 2284 2258 2279 2279 2281 2286 2281 2060 2059 2287 2858 2288 
						2289 2858 2287 2111 2289 2290 2271 2270 2230 2048 2292 2259 2292 2293 2280 2293 2295 2282 2282 2295 2043 2109 2278 2292 2278 2296 2293 2293 2296 2294 2295 2294 2115 2296 2278 2194 2198 2294 2296 2093 2115 2294 2097 2158 2141 2158 2159 2297 2297 2159 2160 2143 2160 2103 2077 2079 2137 2161 2137 2138 2138 2139 2164 2139 2140 2165 2089 2090 2172 2180 2172 2173 2173 2174 2183 2174 2078 2298 2092 2203 2192 2203 2201 2191 2191 2201 2200 2190 2200 2098 2299 2306 2300 2302 2480 2303 2305 2363 2306 2307 2466 2308 2310 2508 2311 2313 2385 2314 2316 2452 2317 2319 2380 2320 2322 2475 2323 2325 2346 2326 2328 2546 2329 2331 2367 2332 2334 2498 2335 2337 2486 2338 2340 2496 2341 2343 2465 2344 2339 2338 2346 2347 2455 2348 2350 2359 2351 2353 2331 2333 2355 2360 2356 2358 2532 2359 2301 2300 2360 2361 2353 2354 2304 2303 2363 2364 2372 2365 2367 2556 2368 2357 2356 2369 2371 2554 2372 2373 2468 2374 2376 2469 2377 2379 2553 2380 2381 2387 2382 2384 2467 2385 
						2386 2524 2387 2321 2320 2388 2330 2329 2390 2392 2545 2393 2366 2365 2395 2397 2547 2398 2400 2424 2401 2403 2472 2404 2406 2544 2407 2324 2323 2409 2411 2415 2412 2414 2474 2415 2416 2422 2417 2418 2417 2419 2421 2431 2422 2423 2476 2424 2410 2409 2425 2426 2425 2427 2428 2427 2429 2430 2429 2431 2432 2436 2433 2435 2470 2436 2437 2485 2438 2440 2549 2441 2443 2450 2444 2378 2377 2446 2447 2446 2448 2449 2448 2450 2451 2454 2452 2453 2471 2454 2455 2527 2456 2457 2537 2458 2460 2464 2461 2463 2550 2464 2375 2374 2465 2318 2317 2466 2389 2388 2467 2373 2361 2362 2462 2461 2469 2442 2441 2470 2459 2458 2471 2399 2398 2472 2473 2552 2474 2413 2412 2475 2420 2419 2476 2477 2347 2349 2479 2488 2480 2481 2551 2482 2437 2489 2484 2315 2314 2486 2487 2490 2488 2489 2477 2478 2327 2326 2490 2483 2482 2491 2493 2499 2494 2495 2494 2496 2497 2501 2498 2391 2390 2499 2500 2510 2501 2502 2511 2503 2342 2341 2505 2507 2519 2508 2509 2521 2510 2511 2522 2512 
						2439 2438 2513 2515 2555 2516 2518 2526 2519 2520 2548 2521 2522 2530 2523 2352 2351 2524 2525 2534 2526 2492 2491 2456 2528 2312 2311 2530 2336 2335 2531 2538 2532 2533 2543 2534 2535 2528 2529 2434 2433 2537 2517 2516 2538 2539 2535 2536 2396 2395 2541 2502 2504 2543 2406 2539 2540 2514 2513 2545 2542 2541 2546 2401 2498 2501 2547 2501 2510 2398 2510 2521 2472 2521 2548 2323 2475 2529 2475 2412 2536 2412 2415 2540 2415 2474 2544 2417 2422 2504 2419 2417 2503 2476 2419 2512 2424 2476 2523 2409 2508 2519 2425 2519 2526 2427 2526 2534 2429 2534 2543 2485 2433 2436 2438 2436 2470 2513 2470 2441 2545 2441 2549 2468 2362 2377 2362 2354 2446 2354 2333 2448 2333 2332 2450 2348 2456 2452 2349 2348 2454 2478 2349 2471 2484 2478 2458 2374 2461 2464 2465 2464 2550 2551 2308 2466 2482 2466 2317 2461 2374 2468 2450 2332 2368 2433 2485 2484 2452 2456 2491 2424 2335 2498 2552 2407 2544 2323 2311 2508 2422 2431 2543 2334 2467 2388 2497 2388 2320 2500 2320 2380 
						2509 2380 2553 2312 2528 2306 2528 2535 2300 2535 2539 2360 2539 2406 2356 2511 2502 2346 2522 2511 2338 2530 2522 2486 2336 2530 2314 2310 2303 2480 2507 2480 2488 2518 2488 2490 2525 2490 2326 2499 2437 2439 2494 2439 2514 2496 2514 2392 2341 2392 2394 2351 2359 2361 2359 2532 2353 2532 2538 2331 2538 2516 2367 2541 2395 2527 2546 2541 2455 2329 2546 2347 2390 2329 2477 2524 2375 2343 2387 2343 2345 2554 2481 2483 2372 2483 2492 2373 2375 2524 2367 2516 2555 2437 2499 2390 2492 2527 2395 2334 2336 2385 2408 2369 2356 2312 2363 2303 2533 2326 2346 2402 2401 2547 2104 2204 2206 2558 2583 2559 2561 2605 2562 2564 2567 2565 2567 2569 2568 2569 2571 2570 2571 2573 2572 2573 2575 2574 2575 2577 2576 2577 2579 2578 2579 2561 2563 2580 2593 2581 2583 2564 2566 2584 2604 2585 2587 2607 2588 2590 2618 2591 2589 2588 2593 2582 2581 2594 2595 2594 2596 2597 2596 2598 2599 2598 2600 2601 2600 2602 2603 2602 2604 2605 2558 2560 2606 2653 2607 2608 2619 2609 
						2611 2621 2612 2614 2622 2615 2617 2625 2618 2611 2613 2619 2620 2626 2612 2622 2627 2623 2624 2628 2625 2592 2591 2626 2610 2609 2623 2624 2614 2616 2605 2630 2629 2630 2613 2612 2558 2629 2631 2631 2629 2612 2583 2631 2632 2632 2631 2626 2567 2564 2632 2633 2632 2591 2567 2633 2634 2634 2633 2618 2571 2569 2634 2635 2634 2625 2573 2571 2635 2635 2628 2616 2575 2573 2636 2636 2616 2615 2575 2637 2638 2637 2615 2623 2579 2577 2638 2638 2623 2609 2561 2579 2639 2639 2609 2619 2561 2640 2630 2640 2619 2613 2621 2611 2641 2641 2586 2606 2621 2642 2643 2642 2606 2587 2592 2620 2643 2643 2587 2589 2590 2592 2644 2644 2589 2580 2617 2590 2645 2645 2580 2582 2624 2617 2646 2647 2646 2582 2624 2647 2648 2648 2647 2595 2614 2648 2649 2649 2648 2597 2622 2649 2650 2650 2649 2599 2610 2627 2650 2651 2650 2601 2608 2610 2651 2652 2651 2603 2611 2608 2652 2652 2584 2586 2586 2585 2653 2654 2743 2655 2657 2731 2658 2660 2755 2661 2663 2683 2664 2666 2739 2667 
						2669 2749 2670 2672 2759 2673 2675 2669 2671 2677 2668 2667 2679 2710 2680 2682 2688 2664 2684 2720 2685 2682 2689 2687 2689 2684 2686 2690 2711 2691 2677 2678 2693 2695 2752 2696 2699 939 830 939 938 871 830 939 871 830 2816 2698 2700 2748 2701 2700 2702 2703 2705 2727 2706 2707 2706 2708 2710 2709 2708 2711 2758 2712 2713 2717 2714 2716 2737 2717 2679 2681 2718 2720 2734 2721 2722 2733 2723 2725 961 963 2704 2703 2727 2728 2751 2729 2657 2663 2665 2732 2786 2723 2719 2718 2721 2672 2674 2735 2725 2726 2737 2738 2750 2739 2662 2661 2740 2742 2756 2743 2675 2676 2744 2746 2741 2740 2659 2658 2701 2749 2722 2724 2745 2744 2750 2695 2729 2751 2753 2694 2693 2754 2757 2697 2728 2730 2755 2742 2746 2747 2754 2690 2692 2736 2735 2712 2759 2656 2655 962 2761 2760 2761 2742 2654 2658 2763 2762 2763 2743 2756 2671 2765 2764 2765 2696 2752 2681 2767 2766 2767 2695 2697 2731 2665 2768 2769 2768 2673 2737 2726 2770 2771 2770 2656 2681 2680 2772 
						2767 2772 2729 2667 2774 2773 2774 2662 2741 2686 2685 2775 2776 2775 2692 2724 2723 2777 2778 2777 2711 2685 2721 2779 2775 2779 2757 2670 2724 2778 2780 2778 2690 2718 2766 2779 2766 2697 2757 2670 2780 2765 2780 2754 2696 2717 2737 2771 2781 2771 2759 2717 2781 2782 2781 2672 2736 2687 2784 2783 2784 2712 2735 2714 2782 2785 2782 2736 2758 2750 2788 2787 2788 2728 2660 2739 2787 2774 2787 2660 2662 2693 2678 2773 2789 2773 2741 2687 2686 2776 2784 2776 2691 2731 2769 2763 2769 2655 2743 2750 2744 2790 2788 2790 2751 2688 2783 2791 2783 2735 2674 2727 2793 2792 2793 2661 2755 2723 2786 2785 2777 2785 2758 2744 2676 2764 2790 2764 2752 2703 2794 2793 2794 2740 2661 963 2760 2770 2760 2654 2656 2665 2664 2791 2768 2791 2674 2680 2708 2795 2772 2795 2730 2706 2792 2795 2792 2755 2730 2703 2702 2796 2794 2796 2747 2702 2701 2762 2796 2762 2756 962 2693 2789 2761 2789 2746 2732 2715 2714 
					</p>
				</polylist>
			</mesh>
		</geometry>
	</library_geometries>
	<library_visual_scenes>
		<visual_scene id="RootNode" name="RootNode">
			<node id="Power_Station" name="Power_Station">
				<matrix>100.000000 0.000000 0.000000 -40.032986 0.000000 -0.000016 100.000000 -14.116203 0.000000 -100.000000 -0.000016 0.135482 0.000000 0.000000 0.000000 1.000000</matrix>
				<instance_geometry url="#meshId0">
					<bind_material>
						<technique_common>
							<instance_material symbol="defaultMaterial" target="#Power_Station" />
						</technique_common>
					</bind_material>
				</instance_geometry>
			</node>
		</visual_scene>
	</library_visual_scenes>
	<scene>
		<instance_visual_scene url="#RootNode" />
	</scene>
</COLLADA>
